county,county_name,state_name,drug_deaths,totalpop,totalpop_males,totalpop_females,totalpop_males24oryounger,totalpop_females24oryounger,totalpop_white,totalpop_black,totalpop_hispanic,totalpop_asian,totalpop_indigenous,totalpop_pacificislander,totalpop_other,totalpop_racetwoormore,unemployed,education_everattendedcollege,belowpovertyline,meanhouseholdincome,medianhomevalue,nohealthins_under19,nohealthins_19to34,nohealthins_35to64,nohealthins_65andover
1003,Baldwin,Alabama,77,253507,124518,128989,36532,32123,208150,20974,14658,3074,952,395,5559,28806,2312,117800,11673,72915,307000,2199,5359,9385,144
1015,Calhoun,Alabama,58,116429,56185,60244,19400,18609,83530,25351,5540,1236,342,0,1428,9084,2801,45267,10598,50780,160900,114,4945,5005,85
1043,Cullman,Alabama,32,92016,45015,47001,13436,14273,82279,1022,4708,519,64,0,1557,13150,1628,34579,8468,58923,204000,627,3429,5568,0
1049,DeKalb,Alabama,20,72569,36341,36228,12569,11389,58067,634,12554,332,275,11,9339,7822,1156,21153,8205,43509,156800,NA,NA,NA,NA
1051,Elmore,Alabama,23,90441,44607,45834,14589,11978,65381,18189,3145,69,297,8,1479,10036,1084,36562,5335,72478,229900,849,2659,3007,0
1055,Etowah,Alabama,37,103241,48419,54822,13934,16522,79234,15605,5550,722,270,278,3030,8204,2932,38777,7994,52192,188200,1159,3470,6405,71
1069,Houston,Alabama,15,108462,52009,56453,17205,16116,69699,29753,5162,1121,61,42,2248,11076,2053,41044,7310,59335,187100,1273,4318,5098,10
1073,Jefferson,Alabama,417,662895,314100,348795,106260,107013,317840,280575,36277,12389,763,389,16133,69612,11195,299812,42437,64623,249000,8555,22134,30072,676
1077,Lauderdale,Alabama,29,96814,45967,50847,15098,16245,79801,6850,3403,1132,522,0,2639,11740,2207,37975,4771,64864,211700,493,2934,3281,52
1081,Lee,Alabama,33,183215,89149,94066,34786,34984,122425,41665,9862,7682,2248,119,1766,14620,4853,79199,14516,60358,280900,1343,7123,6673,0
1083,Limestone,Alabama,14,114654,57361,57293,17916,16763,83966,14636,8817,2239,1543,0,3216,18108,1850,53530,3128,81942,292500,959,3338,3296,44
1089,Madison,Alabama,111,412600,202585,210015,64615,63755,259448,99819,28150,11702,1619,145,11437,56860,5929,210452,17655,86192,316200,2883,11396,13944,362
1095,Marshall,Alabama,26,100756,50176,50580,18216,16097,79939,2603,17650,494,1170,31,9036,14966,1513,34006,7389,60298,199000,2983,2946,4631,0
1097,Mobile,Alabama,132,411640,197055,214585,66225,64227,229581,146279,14595,9012,1948,317,3736,41534,5995,158603,27524,55352,191600,1898,15452,19483,720
1101,Montgomery,Alabama,35,224980,106413,118567,39474,36184,66611,134203,11229,6412,354,30,3532,27676,4635,93299,15918,60739,170700,2341,8915,10838,0
1103,Morgan,Alabama,34,125133,61177,63956,19307,20124,93328,15306,13302,527,1980,0,3936,20112,2116,47914,3482,75028,222000,537,4037,6124,0
1115,St. Clair,Alabama,38,95552,47097,48455,14893,13395,79412,8600,2895,911,230,148,914,10674,1612,37084,4283,81334,223400,265,2242,3715,0
1117,Shelby,Alabama,49,233000,113322,119678,36246,34837,175591,32191,17617,5634,151,68,4991,28748,3586,116914,9394,88070,326600,3342,5090,7289,294
1121,Talladega,Alabama,21,81132,39249,41883,10234,11926,51070,23663,1986,571,150,0,1179,8998,1485,29223,6303,61111,154400,NA,NA,NA,NA
1125,Tuscaloosa,Alabama,48,237373,114811,122562,46476,46846,142361,72342,12999,3840,1414,198,6292,21852,6884,90355,19371,60926,248200,1674,5347,7606,0
2020,Anchorage,Alaska,207,286075,146838,139237,49405,43501,161986,14367,27468,26597,21597,8802,10630,84192,6374,135255,11134,94437,385900,2876,8210,9654,313
2090,Fairbanks North Star,Alaska,21,94840,52265,42575,20043,13633,65673,2908,8366,1754,7179,361,2165,29600,1565,41160,3494,86391,285700,2071,4261,3027,25
2170,Matanuska-Susitna,Alaska,40,115239,60843,54396,20567,17907,87910,1073,6347,1822,6810,73,2164,30774,1229,44447,5906,93673,341300,1579,4015,4980,89
4001,Apache,Arizona,41,65036,31972,33064,11175,10862,15936,372,4311,494,46265,0,353,3232,2465,22259,9563,40539,52700,NA,NA,NA,NA
4003,Cochise,Arizona,42,124640,63243,61397,18569,16616,73622,4322,43364,2379,1989,115,8231,67964,2812,58140,8776,52025,235200,3138,3618,4761,0
4005,Coconino,Arizona,36,144472,71530,72942,27274,29060,81204,2425,22581,3141,36391,37,4688,33172,4151,62226,12581,71738,470900,2671,5764,4266,25
4013,Maricopa,Arizona,1623,4585871,2280454,2305417,737280,703590,2655466,267977,1440234,215053,99049,10433,456465,1762856,88650,2136271,221319,87048,468700,83310,160434,194600,6883
4015,Mohave,Arizona,83,223682,113219,110463,25345,22824,178295,3205,39436,2067,2645,606,11801,50126,4552,92445,18360,55954,293800,3123,6943,10238,334
4017,Navajo,Arizona,56,109175,55149,54026,18929,16324,48202,1134,12116,432,45172,286,5713,16472,3138,38548,12451,50754,241400,NA,NA,NA,NA
4019,Pima,Arizona,472,1063162,525359,537803,166838,161034,614530,41665,389409,30181,27841,1718,98864,496726,23681,505893,65530,69758,337800,19416,35136,35764,1806
4021,Pinal,Arizona,108,484239,248773,235466,71919,67929,296627,29576,146093,10496,18855,1061,40510,174228,10807,208309,25669,77143,370600,14465,16672,18873,1248
4025,Yavapai,Arizona,70,249081,121814,127267,27807,26360,197718,1393,39087,3145,4131,1233,9114,64694,4330,137829,15811,67245,454200,3894,7022,10422,897
4027,Yuma,Arizona,45,213221,110273,102948,38994,34104,78054,4078,139079,1971,2805,149,30324,191680,5493,68865,12786,62888,246900,4816,11707,10826,131
5007,Benton,Arkansas,39,311013,154609,156404,52546,52687,179736,4647,58191,14447,2901,2377,8790,196230,6340,132849,9088,92759,367400,7235,10160,13374,604
5031,Craighead,Arkansas,16,113993,55699,58294,21011,18907,81973,17222,7378,1353,347,0,2255,21686,3009,44836,7812,59776,189700,1652,5263,3982,15
5045,Faulkner,Arkansas,13,129951,62814,67137,23402,24440,102789,15488,7476,1788,385,183,2816,13004,2086,53638,7357,67786,238700,934,4554,3134,0
5051,Garland,Arkansas,25,99784,47902,51882,13458,12781,83162,6827,7572,905,730,437,1255,12936,1885,43738,9013,52275,220900,NA,NA,NA,NA
5069,Jefferson,Arkansas,13,63661,31830,31831,10404,9509,23464,36835,1789,119,758,0,636,3698,1531,20765,7531,49045,92000,NA,NA,NA,NA
5119,Pulaski,Arkansas,94,400009,191476,208533,65427,62504,197007,149244,33343,8772,1356,155,9670,67610,6102,179380,25989,61129,222500,7141,14566,16155,385
5125,Saline,Arkansas,30,129574,63838,65736,21254,18761,102912,11656,9621,1642,452,0,2464,20896,1763,53267,5814,77278,235500,1688,2266,3551,62
5131,Sebastian,Arkansas,29,129098,63275,65823,20907,21046,86890,7761,21122,5507,827,0,15544,25138,2962,50006,6486,57949,191500,1969,4513,4832,140
5143,Washington,Arkansas,24,261549,131418,130131,51833,49320,163475,6100,48933,5997,2453,8106,11762,127312,4156,95076,16788,65465,325700,8176,10370,12044,657
5145,White,Arkansas,15,78452,38267,40185,13678,12584,68403,3673,3981,29,449,0,832,10132,1514,26726,5005,53688,175100,980,2213,2637,119
6001,Alameda,California,414,1622188,804529,817659,226292,217772,476653,152183,378596,544257,16656,12136,219039,402528,47319,859643,69460,119931,1067800,6567,22474,29594,3109
6007,Butte,California,136,207172,103350,103822,37570,35473,139491,3125,42604,11456,2154,50,19583,62626,7011,91108,20581,63222,420500,1697,5683,4740,11
6013,Contra Costa,California,272,1155025,568036,586989,173975,168280,460164,93333,321243,227976,12612,4565,166816,379118,34225,590640,42681,122794,829600,8001,23890,27287,1780
6017,El Dorado,California,40,192215,96111,96104,26058,23748,144555,1917,28317,10041,1376,147,8455,51448,4816,109293,5649,108594,691600,2156,1962,4079,0
6019,Fresno,California,237,1017162,510406,506756,194553,184449,354448,40065,558730,116969,17077,1689,245781,482266,34758,353327,83054,71689,395500,10612,25173,32756,1492
6023,Humboldt,California,76,133985,66333,67652,20230,19950,96882,1146,19350,5031,5560,166,7376,35648,4273,68157,9744,61621,468000,389,3340,2989,0
6025,Imperial,California,22,179057,90764,88293,34701,34301,28791,1929,154532,2370,4156,289,80514,122016,6674,49800,13821,60243,331900,695,3093,6695,352
6029,Kern,California,500,913820,463728,450092,178919,170402,365758,47436,522138,46588,15611,1456,200306,473330,34851,278341,80392,68893,346600,12149,26757,34642,854
6031,Kings,California,27,152682,83894,68788,28514,27422,57518,10102,89729,5399,3035,33,41722,69746,5737,45749,10392,66429,348800,1329,5013,4993,187
6033,Lake,California,48,67878,33469,34409,9765,9471,43217,2370,17254,960,1882,407,10860,16364,1705,27766,4736,59444,336700,564,1181,2265,12
6037,Los Angeles,California,2335,9663345,4781489,4881856,1430251,1375583,2911951,733060,4695902,1481627,150410,21987,2456346,3815928,305663,4192661,587309,86587,828700,62830,268600,373175,21373
6039,Madera,California,34,162858,81144,81714,31248,28016,58508,4649,99852,3471,6006,1324,54060,69680,5325,47755,12738,66553,398500,NA,NA,NA,NA
6041,Marin,California,60,254407,124934,129473,34042,32786,169406,6131,49929,15927,1379,119,28272,66346,6114,152166,11232,139644,1512200,494,1929,4379,329
6045,Mendocino,California,53,89108,45615,43493,13955,10773,55410,946,25055,2647,1629,36,6791,43298,3872,40181,4667,67454,510400,NA,NA,NA,NA
6047,Merced,California,64,291920,146856,145064,58877,57136,80706,9121,186459,19979,6454,1591,130037,88064,12193,71103,23843,57570,409000,1768,7062,13618,601
6053,Monterey,California,135,430723,218121,212602,77546,74918,142220,9784,267100,24248,5775,3244,179411,132082,7006,141807,25978,88035,759100,2614,15872,20272,581
6055,Napa,California,22,133216,66486,66730,18504,17906,73108,3673,48899,12023,581,246,19613,47944,2718,68149,5803,104686,831800,NA,NA,NA,NA
6057,Nevada,California,47,102037,49290,52747,11223,12094,81634,181,11140,2013,452,0,6472,22570,2534,59913,6004,87998,647200,NA,NA,NA,NA
6059,Orange,California,761,3135755,1552028,1583727,472278,454360,1293307,53444,1073055,718682,29710,9589,461626,1138794,70289,1544861,124959,110042,961400,23100,60234,99344,4781
6061,Placer,California,78,423561,208658,214903,63796,58699,287535,8932,67610,41374,2098,1255,19078,126578,9875,237281,11465,109713,673900,2351,4270,7313,504
6065,Riverside,California,873,2492442,1250296,1242146,421876,403812,899421,156044,1293189,178958,42095,8502,628277,1158290,62160,943165,122416,90527,576000,25942,64388,99009,5613
6067,Sacramento,California,638,1584288,779583,804705,250751,238752,679718,146724,387884,285613,18477,19815,198139,471604,51399,724471,87158,90252,533900,8119,31113,34660,3341
6069,San Benito,California,17,68175,34245,33930,10395,11623,23357,826,42632,3169,426,0,12207,56380,1622,26519,2370,107324,761600,NA,NA,NA,NA
6071,San Bernardino,California,602,2195611,1098689,1096922,397218,372009,674305,174522,1226275,189895,32223,7702,674524,884880,66447,773681,128399,85069,515500,26780,56376,89605,3271
6073,San Diego,California,928,3269973,1652542,1617431,518578,473811,1532103,152177,1140733,412931,38289,12917,420500,1402112,79670,1631781,149494,103674,864900,24715,67811,88508,4991
6075,San Francisco,California,618,808988,416060,392928,82431,79623,315781,38954,132490,290315,7549,2821,61524,184088,24076,499754,47113,126730,1348000,1912,9195,13980,941
6077,San Joaquin,California,254,800965,400884,400081,144275,137316,250177,54826,342220,154738,14619,5144,174216,294490,25906,276254,47684,87418,531500,7290,19778,19113,1131
6079,San Luis Obispo,California,101,281639,141833,139806,47360,43625,192900,3359,71053,10892,2031,67,25852,93076,6236,143137,16062,90670,817600,1757,4518,8136,581
6081,San Mateo,California,120,726353,362901,363452,100532,90794,273188,14780,180429,232388,9446,8403,87398,201500,15048,404553,23778,151485,1492600,4628,10929,15112,1439
6083,Santa Barbara,California,146,441257,220115,221142,82091,82270,209567,7032,214217,24067,14115,407,66072,239994,13146,179042,27683,91197,780700,6084,15758,17855,561
6085,Santa Clara,California,357,1877592,957112,920480,282657,263050,547247,45818,468705,771154,18064,9133,216643,539066,44808,1013141,65250,154954,1443100,9106,30452,33871,3288
6087,Santa Cruz,California,136,261547,130912,130635,43866,41587,157195,2277,92146,12522,3146,64,50107,72472,7972,128897,16276,105631,1011300,605,5005,6141,180
6089,Shasta,California,84,180366,87720,92646,26164,25444,138765,2107,22004,7322,3431,1106,5647,43976,3665,81116,10364,75949,355100,2028,5163,5631,193
6095,Solano,California,142,449218,224837,224381,69435,64006,170865,54465,135347,77360,4653,4381,62993,149002,10917,202155,20943,100027,621000,2228,7698,8374,528
6097,Sonoma,California,133,481812,237442,244370,65078,61986,293929,8029,146115,21802,7296,1492,69475,159578,10473,238545,19937,100707,784900,1759,5815,11927,258
6099,Stanislaus,California,189,551430,275169,276261,101508,96709,225211,16326,280651,34577,6525,4700,106639,314904,17613,181790,29933,82758,456700,3530,10524,13780,510
6101,Sutter,California,23,97948,47202,50746,15060,17973,44719,1549,32780,17605,1823,147,18493,27224,2908,35855,7084,74727,405100,NA,NA,NA,NA
6103,Tehama,California,42,64896,32660,32236,11684,9643,42358,230,19308,1097,1912,315,12763,12442,1035,25351,3986,55128,322800,NA,NA,NA,NA
6107,Tulare,California,111,479468,240439,239029,97307,92395,150527,6711,321340,17760,8454,780,189032,212408,17836,136786,35476,73097,339800,4484,14101,21453,818
6111,Ventura,California,266,829590,412166,417424,127569,122379,424667,16560,371365,60259,11785,1834,104378,420214,22749,379800,35284,107667,820300,7255,18635,32576,1040
6113,Yolo,California,43,220544,108080,112464,42530,45047,113458,6586,73642,35323,3877,250,25564,70972,5811,96530,14163,93203,610000,1334,4728,5151,722
6115,Yuba,California,33,85722,44117,41605,17690,14163,45366,3969,26965,7119,1685,0,13145,28876,3050,30909,7165,80396,391400,182,3140,2259,0
8001,Adams,Colorado,182,533365,271126,262239,91673,86097,283828,18258,230296,22285,7479,497,77841,246354,9414,205332,22580,97706,494500,6533,16011,24120,731
8005,Arapahoe,Colorado,184,656061,326943,329118,101557,97948,385165,69287,144302,39360,8266,2053,55909,192042,16232,335708,33410,98239,567300,10133,20144,30470,837
8013,Boulder,Colorado,63,326831,164956,161875,54980,51322,254225,3810,48181,15712,1069,258,7617,88280,8804,185835,17220,95363,763600,1687,6749,8107,458
8014,Broomfield,Colorado,10,76860,39111,37749,11169,10115,57276,695,11169,4081,1170,0,2725,21826,1379,46319,1806,112139,660800,NA,NA,NA,NA
8031,Denver,Colorado,355,716577,363305,353272,94355,91287,426697,59679,199867,27260,8945,1783,54726,274974,16891,417575,32441,94157,626500,4897,22327,24791,709
8035,Douglas,Colorado,51,383906,192329,191577,60439,57495,302651,5448,39990,21449,1950,0,10416,83984,8706,231370,6888,143150,725500,1805,4340,5846,113
8041,El Paso,Colorado,430,744215,378453,365762,130635,115078,526029,44884,142048,23497,8603,2426,40435,196682,16211,384072,23773,89549,470900,6683,15157,19137,548
8059,Jefferson,Colorado,161,576366,291092,285274,76853,69894,461252,6415,93591,17100,5542,489,14441,142254,9639,337513,19914,102231,645900,3758,8578,14442,1006
8069,Larimer,Colorado,67,370771,185371,185400,60536,58106,306329,4060,48635,8119,2676,760,8756,80142,9313,204060,16018,88182,574900,2523,7842,8879,392
8077,Mesa,Colorado,38,159681,78601,81080,22858,23008,129291,604,24987,1784,1375,203,8453,35942,3445,75198,8774,64722,373200,2510,5562,6103,112
8101,Pueblo,Colorado,70,169422,84508,84914,26724,23870,125209,3416,71907,1687,3505,215,11554,47672,2786,71675,9472,65161,313700,545,2727,3477,88
8123,Weld,Colorado,60,359442,182473,176969,62679,60561,256384,5210,112444,6473,6704,460,30606,107210,7828,151997,15103,91047,475400,2668,9380,13268,334
10001,Kent,Delaware,107,189789,90925,98864,30435,30862,107965,55560,15785,4301,1137,67,5567,30384,3221,74448,9048,72910,325200,3454,3615,5010,47
10003,New Castle,Delaware,286,578592,280820,297772,88470,86060,309206,150945,68806,36555,814,220,34852,92000,9491,264443,24879,86961,357400,4246,14228,15467,1170
10005,Sussex,Delaware,132,263509,127249,136260,33153,31483,195197,25656,30032,3608,3296,0,12631,46242,5380,121359,11996,78061,397100,3145,6189,8873,611
11001,District of Columbia,District of Columbia,427,678972,321590,357382,94498,101555,263399,277432,81458,28224,1636,724,34844,145426,21386,384622,41378,108210,715500,1702,7250,8578,595
12001,Alachua,Florida,49,285994,137441,148553,54576,56563,174148,51596,36107,17355,783,0,9982,64260,5636,135646,24946,61488,307000,1769,8198,10287,0
12005,Bay,Florida,65,190769,94137,96632,27885,26852,141129,15657,17779,4516,1487,0,4590,46780,2940,85353,9621,71696,327700,4735,8071,12283,282
12009,Brevard,Florida,292,643979,318641,325338,84142,76285,470201,62267,80616,16864,1463,545,19556,146166,15712,320736,31021,78575,356600,9296,19885,30899,608
12011,Broward,Florida,538,1962531,963737,998794,278683,270575,695231,540953,648546,74547,4969,2175,143605,1002102,45063,903309,108071,74531,439100,34165,72179,97237,8209
12015,Charlotte,Florida,59,206134,101326,104808,18373,16062,173433,11446,17131,2832,163,213,4150,27794,2859,106851,6742,71806,365900,768,4635,8303,343
12017,Citrus,Florida,82,166696,81161,85535,17226,16058,146145,2451,12085,1957,360,0,2998,25570,3639,70157,13196,53777,278800,2179,5857,10701,286
12019,Clay,Florida,59,232439,115232,117207,35174,33683,164395,24978,27270,7921,224,172,8056,53386,4091,110739,8585,81758,338000,3363,5510,10051,38
12021,Collier,Florida,110,404310,199902,204408,47179,43045,261207,27443,113265,6834,9966,270,17121,162938,3588,207302,21036,90072,595500,7270,17153,27717,922
12023,Columbia,Florida,26,73063,36712,36351,10052,9899,53839,11658,5821,550,71,57,1870,10036,2553,28199,5914,60812,230300,NA,NA,NA,NA
12031,Duval,Florida,448,1030822,499665,531157,163113,156785,523578,298253,130050,51698,2564,328,42919,222964,22279,457260,66254,69436,321400,18769,37669,48605,947
12033,Escambia,Florida,202,326928,161888,165040,55340,48468,207636,67013,22938,10312,1858,625,8406,62156,7142,141551,18082,72037,287000,6177,16162,17437,224
12035,Flagler,Florida,35,131439,64197,67242,16841,14037,99767,13533,15665,2756,181,0,2303,25798,2305,67990,4984,71682,400400,2718,5079,4032,0
12053,Hernando,Florida,83,212807,102195,110612,26169,28279,163207,8084,37805,3004,1915,104,9808,53370,5395,87135,10539,64508,305100,2973,6546,10941,99
12055,Highlands,Florida,22,107614,52701,54913,11515,13027,72662,10966,24429,1657,125,0,8868,26672,2471,45184,10215,51165,208900,894,3127,6959,474
12057,Hillsborough,Florida,488,1535564,756970,778594,238664,229969,754930,248585,466693,73102,6139,1116,111385,680614,31248,684151,95110,76687,396200,23263,64832,70695,3106
12061,Indian River,Florida,49,169795,81589,88206,17902,17658,129856,13947,23879,2197,414,0,5265,36232,1441,82167,9296,72920,370600,1697,4419,11115,269
12069,Lake,Florida,117,424462,206639,217823,54744,51981,280664,45313,82106,8754,559,1132,17691,140698,7790,187658,18842,70730,321700,5261,15314,18100,380
12071,Lee,Florida,239,834573,410622,423951,102915,99109,546327,68708,209329,14675,12878,231,33336,316836,13883,390277,49394,71547,391700,13866,30426,51028,1530
12073,Leon,Florida,44,296913,140356,156557,55852,62471,163234,91080,24563,10568,361,93,7096,48962,10095,134625,20480,65981,311800,2424,8306,6793,36
12081,Manatee,Florida,155,441095,214319,226776,52471,50103,311907,34376,80344,11113,4372,1133,21238,113912,7875,225138,18659,79524,424000,7446,14700,21637,390
12083,Marion,Florida,215,409959,198912,211047,53684,48013,275954,49904,72132,7543,2476,264,17399,112838,8856,168723,25336,58606,265100,6205,14921,22713,188
12085,Martin,Florida,45,163315,81846,81469,18133,16788,127799,8045,25799,2319,1677,236,7985,30508,3505,90579,11303,74601,438800,2651,6320,10206,547
12086,Miami-Dade,Florida,380,2686867,1320133,1366734,384000,367474,736513,392481,1857682,43582,6547,628,283091,2448050,54811,1133515,163662,72311,488600,34575,118076,164884,8109
12087,Monroe,Florida,24,80614,42428,38186,9479,7214,56169,6154,19983,1292,78,0,4282,25278,698,43711,3436,88870,806100,1200,3170,6048,87
12089,Nassau,Florida,38,101501,50000,51501,13399,12102,85613,4961,6108,1599,466,0,1882,13960,1702,51087,5702,90671,411500,796,1903,4003,0
12091,Okaloosa,Florida,86,218464,111281,107183,36040,31663,156243,21066,24919,7369,1025,128,10007,45252,3057,106871,11008,83024,363800,3510,7502,10323,89
12095,Orange,Florida,393,1471416,723805,747611,231760,228738,618449,285733,497055,77536,5269,1313,162648,640936,33507,687528,83970,79053,405700,23285,57946,76780,3939
12097,Osceola,Florida,144,437784,216597,221187,72518,69184,162208,52436,245423,15564,651,1149,115834,179884,11563,192951,22004,77466,373300,8107,15641,15265,629
12099,Palm Beach,Florida,486,1533801,748471,785330,203551,195232,810936,276533,375967,45091,3383,267,136517,522148,32867,764661,70670,84921,491500,32125,57071,86843,4428
12101,Pasco,Florida,319,632996,310075,322921,88415,85099,443439,39957,121457,25050,3679,151,30007,181426,12515,272854,29220,72317,337700,9469,19181,27606,765
12103,Pinellas,Florida,449,961596,465600,495996,105920,99803,701747,86710,109148,36251,3689,408,35979,193624,20155,507219,48657,70768,382400,10633,37462,51340,2533
12105,Polk,Florida,218,818330,404124,414206,128337,122257,444332,114522,247785,16402,5725,397,107112,259680,14402,326186,46030,66909,296300,14436,38209,43503,1432
12107,Putnam,Florida,39,75955,37069,38886,10921,10776,54478,10643,8659,515,69,0,642,19216,1303,25833,6875,52256,160200,NA,NA,NA,NA
12109,St. Johns,Florida,54,320110,156706,163404,45365,44582,251141,13178,29780,13886,284,342,7142,68274,4456,184977,8585,105153,534600,2053,4032,6613,212
12111,St. Lucie,Florida,95,373586,182705,190881,49905,48693,207641,84674,83353,6324,757,0,13832,120716,8721,159481,18075,66530,371400,4787,14363,23188,514
12113,Santa Rosa,Florida,56,203162,103884,99278,30788,27328,160238,10605,14347,4388,479,0,3566,47772,4160,98353,5866,87862,342100,2721,7142,7691,161
12115,Sarasota,Florida,145,469013,224840,244173,47162,44907,377703,18877,50031,8730,683,803,13039,98356,8181,260000,18633,77705,450300,11865,13971,20155,1848
12117,Seminole,Florida,120,484271,236034,248237,70102,67480,280490,59166,117487,25243,861,244,34390,167754,11039,248474,19287,80547,404100,3511,15329,18858,742
12119,Sumter,Florida,33,151565,74228,77337,6779,8414,128137,11028,9973,1162,168,130,4632,12616,2792,92809,6245,74715,411000,NA,NA,NA,NA
12127,Volusia,Florida,298,590357,289719,300638,77465,71672,410915,60333,99042,10991,1440,542,46059,120154,10664,276318,31614,66273,341900,7115,15400,28600,483
12131,Walton,Florida,35,86354,44090,42264,13351,10733,71627,4423,7381,714,2546,167,2121,9512,1711,38638,4505,78801,438000,1933,3140,3464,88
13013,Barrow,Georgia,28,92792,46866,45926,17009,13540,61381,14379,15112,3357,635,0,3450,19180,1113,31221,4994,65914,300800,813,4713,4654,35
13015,Bartow,Georgia,50,115041,57050,57991,18809,17094,87303,11658,12529,928,183,757,3687,21050,1696,43844,3275,80511,309400,4460,6657,7686,216
13021,Bibb,Georgia,43,156512,73974,82538,26897,25549,54967,86842,7520,3438,330,275,5114,11092,5099,60616,14456,51254,199800,2450,5516,8652,331
13031,Bulloch,Georgia,14,84327,40877,43450,17555,18643,51878,24457,4382,735,388,0,1896,9946,2739,30535,9667,54007,240200,79,3603,4260,442
13045,Carroll,Georgia,46,127098,61984,65114,23133,22253,85806,25927,11160,884,441,0,5134,17812,2280,46976,8615,71891,280800,NA,NA,NA,NA
13047,Catoosa,Georgia,13,68910,34094,34816,11190,9866,60854,809,2965,978,281,0,83,11810,1456,28366,2559,70653,232000,NA,NA,NA,NA
13051,Chatham,Georgia,94,303655,145815,157840,47003,46487,143114,110941,24994,8906,1720,382,15026,47132,6133,142765,18097,70904,320800,4998,13072,14070,463
13057,Cherokee,Georgia,47,286602,141411,145191,44847,42629,216109,15281,35857,7207,4948,0,11944,62226,4910,142318,7603,103691,450800,4096,10134,14441,73
13059,Clarke,Georgia,30,129933,61729,68204,26046,26956,74562,33524,15367,5417,201,0,5664,21130,3133,55202,12608,54352,318700,3341,4830,6239,0
13063,Clayton,Georgia,54,298300,139037,159263,53440,54387,26261,206211,43130,14634,616,0,27380,46396,9857,105220,22078,58359,245900,5182,20478,19843,963
13067,Cobb,Georgia,171,776743,378664,398079,123802,120098,378257,205064,117543,40551,2614,806,66801,165300,15066,396769,28487,99382,432000,11466,34064,33978,1451
13073,Columbia,Georgia,39,165162,80157,85005,27867,27036,107339,30911,13444,8561,617,0,5449,24570,3307,78033,4353,96540,327700,1558,4328,4593,179
13077,Coweta,Georgia,21,155892,77410,78482,26497,21534,106369,26214,13121,3799,2116,0,4509,25770,1710,75362,7973,92150,383000,1398,4322,7617,246
13089,DeKalb,Georgia,175,762992,361877,401115,117948,117721,217046,385039,79300,47758,5492,683,28379,157190,22151,377814,44121,77861,368200,13812,34417,39556,2225
13095,Dougherty,Georgia,32,82645,37257,45388,14097,15121,18960,58348,2849,890,508,0,2067,3744,4131,28200,8312,45769,144500,929,5185,3248,129
13097,Douglas,Georgia,24,149160,71886,77274,26636,24451,46037,74213,18900,2321,1911,47,8686,31890,4270,63620,7903,81339,328400,1650,6676,6898,181
13103,Effingham,Georgia,21,71541,34533,37008,11561,13107,54482,10955,5098,306,70,0,829,9798,1840,28866,2460,81733,282800,1251,3028,2438,0
13113,Fayette,Georgia,20,123351,58391,64960,17515,19823,68399,32128,10950,6285,273,0,6019,20494,2187,65029,2450,106849,462900,1171,2395,3541,97
13115,Floyd,Georgia,20,100113,49295,50818,16528,15994,70951,11356,12746,1520,42,39,7147,18116,1648,41049,7083,62098,221100,973,3476,4915,0
13117,Forsyth,Georgia,26,272887,136885,136002,47109,43949,167637,11908,27411,58422,496,0,8925,50998,3025,140018,6310,134821,587300,6989,7158,10536,1078
13121,Fulton,Georgia,317,1079105,524234,554871,165478,161342,407340,459903,88080,83272,2195,0,33928,184934,27621,601428,58137,95371,477500,9573,38758,37113,977
13127,Glynn,Georgia,30,86172,42203,43969,12995,10071,53732,19568,6736,1033,155,0,3341,16686,1355,41029,6058,71914,337200,NA,NA,NA,NA
13135,Gwinnett,Georgia,180,983526,482373,501153,175281,170208,321981,284325,233683,133767,4352,886,115762,244906,21956,402855,50283,83917,395500,26631,55181,73598,3205
13139,Hall,Georgia,68,217267,107912,109355,36018,35234,135145,10867,63841,4623,1731,0,21593,86616,2742,78495,9276,77891,357600,4525,10239,14619,346
13151,Henry,Georgia,41,254613,120773,133840,44312,42863,79670,135577,21676,7381,2317,0,10839,37658,7324,110024,12361,80374,334600,2353,8331,9963,198
13153,Houston,Georgia,52,171974,84327,87647,30455,26819,90696,56389,13201,5172,0,0,2858,33718,6644,73882,12156,75825,221200,2410,7909,8878,41
13157,Jackson,Georgia,21,88615,42895,45720,14452,14955,68150,7990,10230,2618,590,95,1215,15914,937,35515,2692,84749,363200,NA,NA,NA,NA
13179,Liberty,Georgia,19,69210,35901,33309,16575,12695,26005,30276,9105,623,346,51,1197,21424,2948,24036,5025,58308,226200,865,2517,2608,0
13185,Lowndes,Georgia,23,120712,58494,62218,24051,22974,62708,42733,8863,2253,71,0,4064,17766,2577,43241,8834,54509,221800,2805,5487,5083,0
13215,Muscogee,Georgia,39,201877,97040,104837,34657,33536,74683,91743,17572,5252,646,550,8536,40934,5615,82319,18332,51835,198200,2253,9413,7867,61
13217,Newton,Georgia,28,120135,55820,64315,21358,21418,44827,55306,8835,1824,0,0,3278,29800,3507,44496,5043,79640,295800,1447,5807,3091,79
13223,Paulding,Georgia,46,183164,89892,93272,32433,30157,112195,45915,16764,3146,685,0,6780,28886,3460,72729,4716,94126,354000,797,5688,5568,61
13245,Richmond,Georgia,111,205414,98192,107222,35438,33602,65871,115199,12074,3629,375,1706,7197,22874,7388,77943,18032,51985,197100,3758,10525,11067,57
13247,Rockdale,Georgia,32,95987,44849,51138,15765,16159,22591,56191,10696,1657,0,0,5523,20050,2911,41664,6091,82339,328200,NA,NA,NA,NA
13255,Spalding,Georgia,12,69946,33070,36876,11180,11659,36900,26307,4553,224,0,178,2372,7930,964,22505,3610,56169,240400,NA,NA,NA,NA
13285,Troup,Georgia,15,70742,33975,36767,11723,11125,38004,25788,3400,1766,105,24,2766,4578,2345,23553,6002,64728,241000,NA,NA,NA,NA
13295,Walker,Georgia,27,69489,34579,34910,10178,10098,62074,1407,2111,0,54,61,662,10462,958,25022,5247,58594,219800,NA,NA,NA,NA
13297,Walton,Georgia,25,106702,52680,54022,18813,14833,72924,22320,7634,1989,112,993,2932,10864,3160,39666,4385,77346,357200,2833,4439,3845,303
13313,Whitfield,Georgia,17,103687,51743,51944,17622,17259,61966,2274,38930,1431,548,46,25824,23196,1414,31132,7646,62824,243400,NA,NA,NA,NA
15001,Hawaii,Hawaii,41,207615,102549,105066,30001,27829,62050,1358,24664,39711,252,21558,5586,154200,3805,96591,17343,74580,528800,2124,1485,3151,510
15003,Honolulu,Hawaii,200,989408,498365,491043,151661,135679,180898,20857,95011,418663,2334,90937,15953,519532,16891,476813,40536,103131,899300,5613,10669,10998,834
15007,Kauai,Hawaii,24,73851,36460,37391,10414,9727,21319,562,7845,24052,0,6886,1615,38834,1183,34029,2875,103564,888500,NA,NA,NA,NA
15009,Maui,Hawaii,55,164244,81746,82498,23597,21333,50267,1324,17591,44238,147,16160,3484,97248,2545,76165,6298,83691,934500,1020,1789,4145,82
16001,Ada,Idaho,103,524673,263769,260904,81895,77996,436162,8366,52925,14548,3794,664,16582,89114,8688,272850,18186,90526,525600,6123,14713,12895,237
16005,Bannock,Idaho,23,90400,45657,44743,16754,15125,74097,305,9161,1211,2475,195,5461,13312,1035,39532,5180,68495,341800,NA,NA,NA,NA
16019,Bonneville,Idaho,28,131366,64945,66421,24717,25062,108658,985,19260,840,532,742,7300,24618,1188,54838,5921,73649,374800,1371,3336,4506,22
16027,Canyon,Idaho,53,257674,128911,128763,47284,44351,188718,2183,67025,2515,946,210,26580,73044,4983,97284,12062,72007,378600,8533,10624,14385,488
16055,Kootenai,Idaho,30,185010,92799,92211,27727,25633,158247,608,10901,2059,1586,62,2840,39216,3575,87931,8095,73456,556500,2222,5776,8295,210
16083,Twin Falls,Idaho,19,95156,48559,46597,18331,14684,76306,1229,17450,878,479,1000,5450,19628,1262,38854,4839,66643,329000,NA,NA,NA,NA
17019,Champaign,Illinois,48,205644,102427,103217,44211,41068,131135,28614,16879,22292,306,0,3736,39122,3489,88750,15589,59574,216100,450,4624,4283,59
17031,Cook,Illinois,1911,5087072,2481470,2605602,755425,738239,2216117,1116814,1371726,406650,46664,2617,637712,1320996,156570,2396511,297107,80579,313700,40191,142933,199073,10890
17037,DeKalb,Illinois,15,100288,51226,49062,20740,18737,73849,8314,14966,2798,181,0,4963,20366,2714,39699,5541,67697,244000,NA,NA,NA,NA
17043,DuPage,Illinois,132,921213,455679,465534,141235,136179,589880,47297,150080,119541,4320,292,59063,201640,20096,477786,25839,106961,383100,6889,16465,22820,1070
17089,Kane,Illinois,84,514982,258231,256751,86021,81018,291662,25038,172474,22034,8329,431,71003,192970,10624,225690,18893,97633,324000,4659,14889,17059,1565
17091,Kankakee,Illinois,36,105940,52963,52977,18126,16554,77762,15490,13771,1056,92,0,4634,13812,1775,38918,4438,66788,182900,258,1017,2834,62
17093,Kendall,Illinois,21,139976,70026,69950,26028,23981,88012,10867,32386,6384,567,0,6660,54972,3000,62728,3373,111349,326700,NA,NA,NA,NA
17097,Lake,Illinois,145,708760,355365,353395,120532,113124,426676,43077,178122,62648,6664,736,77477,182964,17011,336026,26395,108364,340400,6424,14739,18777,1096
17099,LaSalle,Illinois,22,108309,55690,52619,15956,14840,92076,2548,12434,973,229,0,4995,14976,2847,42290,4543,72737,154300,301,1423,1635,13
17111,McHenry,Illinois,52,312800,157348,155452,49479,45493,245942,5469,51435,9158,1958,106,17361,65612,5134,142580,9121,100884,308300,1711,3866,6948,77
17113,McLean,Illinois,31,170441,82998,87443,31261,33181,131800,13623,11192,9208,899,0,3155,23512,2343,78007,8411,77200,211000,661,3612,2347,71
17115,Macon,Illinois,26,100591,48313,52278,16215,14903,74418,14505,2977,1353,337,27,1043,17816,2844,38912,6626,58297,115300,NA,NA,NA,NA
17119,Madison,Illinois,91,262752,129977,132775,41718,36486,217922,20190,11573,3730,267,246,2818,35158,4722,124616,13213,73041,173300,1078,4217,4802,109
17143,Peoria,Illinois,61,177513,85450,92063,28466,30012,118709,28887,10924,7862,1602,459,4597,30794,5716,77871,12084,61488,153000,1813,3400,3317,0
17161,Rock Island,Illinois,25,141236,68962,72274,21840,22467,99462,14625,20408,4202,801,64,6238,31688,2127,58515,7882,63087,144100,1071,1587,2320,63
17163,St. Clair,Illinois,80,251018,121564,129454,39261,37474,151005,68886,12988,4148,591,80,6418,39780,5487,112982,13994,65546,185400,2584,6000,4107,44
17167,Sangamon,Illinois,77,193491,93151,100340,29252,27777,150306,22785,5827,4327,984,310,3654,22250,4362,93637,10982,72496,181700,887,3890,3238,0
17179,Tazewell,Illinois,32,129541,63944,65597,19389,18227,120143,1883,3652,1292,262,0,450,11022,2464,60371,4351,72056,162000,329,2045,4537,186
17183,Vermilion,Illinois,35,71652,35708,35944,10972,11088,55541,10539,4150,817,186,0,1235,6668,2396,24021,5928,46507,96100,NA,NA,NA,NA
17197,Will,Illinois,143,700728,349432,351296,115882,110477,431421,76944,141239,46523,4095,106,53482,176314,14238,310516,22164,103482,322200,3608,9446,15709,650
17199,Williamson,Illinois,11,66706,32832,33874,9517,9213,59121,3292,2004,443,151,0,16,7366,1280,30376,4369,60135,155900,500,1206,1141,0
17201,Winnebago,Illinois,143,280922,137691,143231,46115,43417,184308,33226,45093,8337,3193,0,18122,67472,7885,108172,17498,65513,161400,2290,4221,8212,103
18003,Allen,Indiana,96,394545,195676,198869,72206,64692,279921,39942,36313,20711,1632,353,13813,76346,8818,165107,24467,65704,226000,9795,8933,14676,188
18005,Bartholomew,Indiana,28,84003,43297,40706,14669,12609,64379,1932,8005,4947,40,0,6187,13036,1557,35987,3871,81832,253900,577,1460,1806,65
18011,Boone,Indiana,19,76120,37690,38430,12293,12241,66393,1812,3378,2703,0,137,189,9772,317,38128,690,103592,369300,NA,NA,NA,NA
18019,Clark,Indiana,67,125467,61113,64354,19868,17671,102198,7948,8780,1960,0,0,3227,20268,2499,50480,4410,71711,232400,1149,2629,2437,526
18035,Delaware,Indiana,62,112321,54704,57617,20627,21099,95708,5699,3726,2140,369,88,843,14948,2178,39500,8316,55206,139700,888,4171,3269,72
18039,Elkhart,Indiana,30,206409,103623,102786,39714,35176,147630,10944,42070,2435,2477,106,26046,33542,2796,60290,11463,67188,214000,7277,9096,11857,383
18043,Floyd,Indiana,38,80809,38696,42113,11730,13004,68558,2785,3563,989,569,176,1263,12938,1222,35769,3022,80023,258700,345,1060,1521,0
18053,Grant,Indiana,43,66200,32243,33957,10960,11990,55884,2783,3799,442,370,114,253,12708,1288,22684,6699,52214,121800,NA,NA,NA,NA
18057,Hamilton,Indiana,56,371645,183690,187955,63616,58458,295732,17776,21327,25220,621,1324,4506,52932,5010,209515,7247,118777,419800,3611,4188,5342,86
18059,Hancock,Indiana,22,86166,43212,42954,13941,12490,75428,2861,3333,1162,0,0,763,11904,843,37059,2774,93906,288900,1483,1770,2738,7
18063,Hendricks,Indiana,32,186387,93996,92391,31145,29016,144208,20391,10167,6429,1021,0,1908,24860,2717,87295,3435,93440,306100,2944,3188,5240,106
18067,Howard,Indiana,37,83831,40998,42833,13621,12702,71954,5466,3572,1431,0,0,279,9402,1983,30700,4118,61267,169300,417,2179,1567,0
18081,Johnson,Indiana,43,167819,84020,83799,28450,25378,140823,6776,7381,9683,57,0,5158,10644,2443,72918,4557,92231,286900,704,1164,2008,0
18085,Kosciusko,Indiana,21,80364,40002,40362,12593,12967,69892,239,7922,1322,46,0,4430,8870,1000,27512,3453,70140,227800,2816,1683,3607,74
18089,Lake,Indiana,176,500598,243566,257032,80180,76795,271595,111904,106457,8700,1895,77,47455,117944,11772,193491,29323,69166,236800,2894,10243,14216,417
18091,LaPorte,Indiana,40,111706,57616,54090,16248,14987,86663,11678,8714,964,243,0,2852,18612,1767,39774,5566,62868,196300,NA,NA,NA,NA
18095,Madison,Indiana,58,132504,66802,65702,20124,18044,111023,6380,7538,1003,272,37,2807,21964,2917,47725,5953,62012,163200,1707,3717,5018,62
18097,Marion,Indiana,581,968460,468875,499585,167263,164697,493950,265307,134268,39858,6303,200,63978,197728,22664,399351,62692,66582,238700,12394,33256,31234,1064
18105,Monroe,Indiana,59,139342,69423,69919,29385,27428,114291,4745,6881,9207,567,0,2737,15590,3475,63236,11491,58970,301400,NA,NA,NA,NA
18109,Morgan,Indiana,21,73227,36566,36661,10951,10715,68783,91,1709,598,0,0,429,6652,1451,26590,2884,71723,262700,NA,NA,NA,NA
18127,Porter,Indiana,42,175335,86753,88582,26244,25582,146987,7580,21003,2731,285,35,3298,28838,3468,72047,7062,77410,280500,841,3111,2879,0
18141,St. Joseph,Indiana,88,272848,135117,137731,50006,45068,191230,33661,29607,7199,424,150,9605,61158,6858,109143,16966,65751,195000,4490,8412,9863,193
18157,Tippecanoe,Indiana,42,188792,97694,91098,45341,37782,137921,10912,19696,15273,513,0,4980,38386,2832,69715,13593,60762,246800,848,4203,3380,45
18163,Vanderburgh,Indiana,48,179810,89013,90797,29833,26722,143582,16781,7010,2419,219,429,4799,23162,3485,69655,10924,60459,187300,2914,3857,3483,0
18167,Vigo,Indiana,28,106153,53149,53004,19575,17819,90072,4097,3473,2651,488,0,1647,14396,3274,37689,7960,47659,142800,929,2196,4007,43
18177,Wayne,Indiana,35,66127,32292,33835,10672,10366,56158,1846,2662,698,63,0,1973,10778,2589,23095,5035,51798,136100,NA,NA,NA,NA
19013,Black Hawk,Iowa,18,130471,64297,66174,22879,23426,103083,11916,6940,3772,511,548,4148,12986,2377,50960,8103,59707,180100,1457,2491,2435,0
19061,Dubuque,Iowa,17,98887,48759,50128,15330,15368,87764,3430,3326,1000,0,631,636,10852,1191,42391,2988,71940,231700,NA,NA,NA,NA
19103,Johnson,Iowa,11,157528,76813,80715,30411,32175,120527,12326,10696,8305,205,0,3542,25246,1968,76739,10937,71563,310700,1640,4029,2645,87
19113,Linn,Iowa,37,228972,113375,115597,36766,34726,191832,14443,9599,4486,715,196,1713,31174,3860,107027,8416,72279,222900,246,3336,5001,0
19153,Polk,Iowa,128,505255,251891,253364,84831,81769,380640,38323,53326,26070,2851,212,20828,72662,9317,230004,26345,78979,271300,2704,14182,11963,258
19155,Pottawattamie,Iowa,14,93179,45463,47716,14474,14966,81372,2354,8839,388,208,37,2356,12928,1644,35079,4858,70640,216200,391,1646,1913,175
19163,Scott,Iowa,39,174270,86462,87808,27619,26629,136625,11752,13177,5224,282,394,4889,30208,3021,81947,7733,76822,243000,395,3518,4290,121
19193,Woodbury,Iowa,17,105951,53962,51989,19527,18326,76151,7074,20677,2538,1457,0,4122,29218,1403,37234,6351,64913,182900,1419,3183,3798,0
20015,Butler,Kansas,14,68632,34980,33652,11714,10585,59447,933,4211,1195,519,0,1258,10560,626,30703,2706,74566,222200,409,1426,1354,79
20045,Douglas,Kansas,20,120553,60237,60316,24300,22834,94359,5792,8757,5128,1680,0,1284,24620,3556,57330,7228,66997,305600,1576,3275,4022,59
20091,Johnson,Kansas,95,622237,307857,314380,98939,94898,484387,31014,58688,26299,2430,379,11470,132516,8256,351482,14412,102702,387700,5701,12535,12246,288
20103,Leavenworth,Kansas,20,83518,44251,39267,14627,11911,67069,5482,6494,1182,480,38,2284,13966,962,39941,2244,81921,275500,593,1245,2492,0
20173,Sedgwick,Kansas,203,528469,263072,265397,93546,87008,365976,42061,88470,21050,3701,223,25712,139492,9801,223918,30664,66646,209700,7965,19119,23883,1414
20177,Shawnee,Kansas,53,177746,87197,90549,28726,26613,133677,11475,24971,2030,1610,469,4877,47216,3309,75306,10485,62512,183200,1207,5105,8217,0
20209,Wyandotte,Kansas,73,165281,82245,83036,31246,29433,69187,29939,56705,9065,2005,1356,25095,57268,4160,52097,11963,61766,177000,3753,11059,11839,801
21015,Boone,Kentucky,36,140496,69543,70953,25305,23100,115621,6748,8381,2891,560,0,2770,23812,2285,61075,4167,87550,285600,946,2293,1900,59
21029,Bullitt,Kentucky,41,84863,42611,42252,12759,11439,77937,158,2981,756,20,0,1145,9694,1726,31383,2185,73901,260500,NA,NA,NA,NA
21037,Campbell,Kentucky,33,93702,46405,47297,13652,13124,84898,1455,2453,965,170,100,665,10898,1520,42546,3606,81451,268500,NA,NA,NA,NA
21047,Christian,Kentucky,18,72032,37752,34280,16826,13093,47324,12686,6522,1039,91,249,2105,17076,1932,24661,4877,55458,175300,1567,2651,1588,106
21059,Daviess,Kentucky,23,103458,50496,52962,16554,16801,88900,6690,4352,217,1692,0,1484,8950,2191,39211,9223,61922,200500,295,2508,2322,0
21067,Fayette,Kentucky,140,320154,157714,162440,55598,54346,221195,45198,29955,13087,953,0,12433,54576,7465,155965,19803,66392,294300,2099,7417,11022,186
21093,Hardin,Kentucky,41,112273,56060,56213,18834,17663,85049,11773,7439,2675,392,118,2161,20210,2441,45264,6680,63502,237200,801,2280,3415,56
21111,Jefferson,Kentucky,506,772144,374851,397293,118950,115380,486250,159355,65665,23177,1311,225,19339,164974,17685,351036,51930,64542,250800,7083,13377,21411,1013
21117,Kenton,Kentucky,88,171321,84352,86969,26889,26793,146862,7618,8053,1520,110,133,4397,21362,2868,76011,6316,79392,251500,1035,2749,2612,0
21145,McCracken,Kentucky,15,67428,32533,34895,10068,9342,55308,6996,2378,425,0,108,999,7184,422,28501,5406,60720,179600,NA,NA,NA,NA
21151,Madison,Kentucky,64,96735,47179,49556,17533,18136,86628,2912,3465,1082,191,0,558,10728,1800,38327,5450,65502,253100,95,3457,2209,0
21185,Oldham,Kentucky,17,70183,37533,32650,11821,10673,60551,2193,3571,1177,197,0,1049,10032,857,34659,1986,119553,387500,NA,NA,NA,NA
21199,Pulaski,Kentucky,21,66191,32970,33221,10401,9126,62013,337,2136,405,25,0,579,5664,1164,23198,4935,55667,189500,471,1246,2780,0
21227,Warren,Kentucky,31,142229,68843,73386,26916,27954,107804,12149,10034,5191,963,0,4420,23404,2987,58121,6994,61067,268700,1635,4272,3140,87
22005,Ascension,Louisiana,59,131632,64926,66706,22977,21049,83790,27653,11014,1573,558,0,2396,31324,2538,50200,5393,90190,279900,NA,NA,NA,NA
22015,Bossier,Louisiana,28,129795,64424,65371,22510,19841,79857,30884,10686,2610,173,0,2712,27118,2514,56782,7373,71365,211500,3285,2665,3975,116
22017,Caddo,Louisiana,62,226386,106549,119837,35546,34964,95288,111354,8945,2664,787,0,4789,23008,5813,87545,21235,50375,170500,2143,6049,7483,119
22019,Calcasieu,Louisiana,72,203761,100427,103334,35338,32129,133234,42638,10906,2979,911,0,2831,42336,3271,77072,15579,63890,221500,1195,6618,4541,233
22033,East Baton Rouge,Louisiana,274,448467,214236,234231,81999,84165,188433,193498,30281,14888,1174,265,20540,59338,13516,183364,36788,59443,253300,5866,12155,10846,207
22045,Iberia,Louisiana,19,67659,33226,34433,12016,11077,39279,21287,3770,1886,361,44,529,8546,2302,18307,5742,53352,147500,NA,NA,NA,NA
22051,Jefferson,Louisiana,231,421777,205317,216460,63322,60620,205521,107947,79805,17991,7176,0,27949,110386,10825,172294,29635,61085,259100,7024,12990,20315,828
22055,Lafayette,Louisiana,85,249750,121250,128500,40045,39712,155367,64444,16334,5311,340,98,2330,43720,4229,101960,20033,63116,244400,2487,9526,9961,338
22057,Lafourche,Louisiana,29,95056,47275,47781,15932,14678,71306,13243,5590,230,4265,0,818,10388,1172,30385,8943,55926,195200,NA,NA,NA,NA
22063,Livingston,Louisiana,108,150145,73827,76318,25708,24856,119446,10679,9878,1003,1225,0,7050,21484,2172,45270,9267,72725,223600,1742,4041,4509,0
22071,Orleans,Louisiana,377,364136,170883,193253,51471,52901,113680,198422,29563,10516,1236,0,8516,63532,9779,182326,33069,55580,306400,3233,9355,8868,581
22073,Ouachita,Louisiana,86,157568,74940,82628,26439,26848,88929,55754,5830,1557,1284,0,1419,17250,5234,64822,13484,52695,195300,1862,6159,3414,365
22079,Rapides,Louisiana,75,126260,62205,64055,22665,19266,76013,38521,5396,1899,1604,0,1339,13768,2501,44150,10000,51301,170900,2114,4645,4691,0
22097,St. Landry,Louisiana,32,81464,39128,42336,13771,13602,43426,31842,2591,441,156,244,1683,7344,872,23959,7680,41393,114100,879,1855,1840,0
22103,St. Tammany,Louisiana,111,275583,135517,140066,45566,40098,202896,34724,22657,2888,679,157,3664,61150,6307,125418,15672,76420,286500,3397,5576,5984,523
22105,Tangipahoa,Louisiana,71,138064,66785,71279,23807,23684,84641,37799,8154,961,196,0,777,27380,3820,46786,10322,54417,218300,NA,NA,NA,NA
22109,Terrebonne,Louisiana,57,103616,52850,50766,18562,15515,66140,19207,7530,1259,5798,0,2389,17646,1160,28904,6058,64084,185300,1957,3511,3664,18
23001,Androscoggin,Maine,63,113765,56059,57706,18107,16459,98776,6975,2645,1425,682,0,827,10160,2436,41882,7202,63404,263000,1405,2097,3783,100
23003,Aroostook,Maine,37,67351,33812,33539,8594,7868,62566,582,1243,316,542,128,92,6250,996,29033,3224,57030,154400,1063,1128,2392,28
23005,Cumberland,Maine,124,310230,150563,159667,41555,39462,265205,9882,8941,6828,711,35,2040,51058,4069,180623,7720,98369,470600,1218,4905,6010,65
23011,Kennebec,Maine,57,127259,62353,64906,17638,16796,118170,722,2977,852,171,0,1050,12588,3226,60071,5955,64083,253200,636,2503,3848,368
23019,Penobscot,Maine,89,155312,76852,78460,22213,20764,142650,1931,3379,2298,801,324,973,12670,1902,69288,8554,66333,228600,998,3622,4508,6
23031,York,Maine,60,218586,107466,111120,27022,25058,195902,2855,5082,2403,495,175,1736,30040,3473,111419,8213,86430,422600,942,3875,4800,392
24001,Allegany,Maryland,47,67273,34842,32431,9647,9372,56992,4770,1391,867,230,0,2125,4578,1333,22933,6492,54384,146900,NA,NA,NA,NA
24003,Anne Arundel,Maryland,207,594582,293586,300996,91585,87422,370024,105660,63808,25754,3388,198,36599,105918,10720,292176,13401,117650,460600,3377,9238,14589,233
24005,Baltimore,Maryland,344,844703,401223,443480,129656,128443,439705,256949,67159,52436,2200,507,33006,119800,17493,397340,32159,87056,345900,6550,12885,21175,1982
24009,Calvert,Maryland,29,94728,46204,48524,14956,14610,69124,11473,5207,1933,98,0,1842,20516,1534,44219,446,126358,473400,600,767,1390,0
24013,Carroll,Maryland,42,176639,87810,88829,27261,25777,151258,5850,9387,4900,435,11,4429,19512,2441,84599,5493,114974,433300,712,1340,2306,89
24015,Cecil,Maryland,61,105672,53072,52600,15421,15361,87365,8373,6009,1282,257,0,719,15352,1797,42371,4254,90762,327500,NA,NA,NA,NA
24017,Charles,Maryland,46,171973,82875,89098,27143,26836,55869,86330,14185,5170,779,368,4558,37798,5444,71851,6209,105087,410000,2684,2441,6058,0
24021,Frederick,Maryland,58,293391,145292,148099,47485,45782,194575,28679,38719,19472,2053,500,18632,58960,3013,139316,8341,114360,462500,1950,4288,7438,57
24025,Harford,Maryland,88,264644,130348,134296,41167,37660,192486,37895,15635,6999,518,0,7842,37808,6385,126319,7885,105029,388400,2631,2670,5601,239
24027,Howard,Maryland,42,336001,164830,171171,53856,51980,156819,66653,29751,66847,2440,0,15628,55228,4840,187785,7655,141159,603400,3609,4708,6877,225
24031,Montgomery,Maryland,174,1058474,515740,542734,164758,156041,442729,200386,223318,158558,7637,437,122861,251732,22984,573102,30247,125371,636200,11093,25947,34131,2113
24033,Prince George's,Maryland,268,947430,458347,489083,149143,143442,115475,556912,215594,37477,8146,1012,143854,169108,28407,401030,46906,98027,422300,20219,35878,47122,1953
24037,St. Mary's,Maryland,34,115281,57119,58162,18848,18433,81692,18163,7232,3445,488,0,3957,15072,1601,49963,4085,102282,403900,1713,989,1039,0
24043,Washington,Maryland,91,155813,78944,76869,24276,22864,114827,16511,13148,2449,688,0,4868,32940,2723,58177,7770,71848,283700,2367,3279,5124,279
24045,Wicomico,Maryland,47,104800,50218,54582,18397,18770,61217,26493,7565,3516,79,0,2068,22854,1680,37150,6408,73834,257300,785,2283,3609,0
24510,Baltimore (city),Maryland,846,565239,260417,304822,82436,87360,151377,333657,46375,15379,3575,63,29581,63214,14857,242700,47961,59579,241900,5788,10440,16230,270
25001,Barnstable,Massachusetts,76,231735,111826,119909,25236,20887,201207,5528,8713,3957,2224,0,2370,32898,3805,136658,9568,89893,634700,105,2795,3046,337
25003,Berkshire,Massachusetts,55,126818,62257,64561,15917,14811,108234,2790,7491,2766,501,63,3740,17448,3252,61050,6986,77498,298200,0,798,1254,202
25005,Bristol,Massachusetts,278,581841,284740,297101,86147,82141,444588,28671,60694,15186,1423,349,35992,111264,13922,234626,33540,81148,459700,2741,8065,7232,593
25009,Essex,Massachusetts,250,810089,393095,416994,121247,118451,543983,32248,198213,28225,2996,217,114041,176758,18272,366796,32636,96874,624700,3244,9569,10777,999
25011,Franklin,Massachusetts,33,70836,35013,35823,8757,7323,62008,1296,3922,1289,264,0,1630,8698,1979,36876,3856,71296,329300,156,858,522,67
25013,Hampden,Massachusetts,255,460291,224545,235746,72626,67189,292606,40538,126188,10452,1578,277,40230,149220,8935,173861,33474,66997,302100,1283,6763,7184,311
25015,Hampshire,Massachusetts,35,162502,74351,88151,26255,35889,132425,4344,12116,9852,414,0,2838,25258,3613,73813,8038,79969,380800,288,1381,543,378
25017,Middlesex,Massachusetts,353,1623952,801443,822509,238676,229895,1062813,87464,152513,222089,4042,1083,80782,331358,31979,878054,51527,123705,716100,3367,12344,13615,1794
25021,Norfolk,Massachusetts,191,727473,352267,375206,105836,104347,498068,57923,43720,92613,775,205,22064,111650,16917,404125,23706,123903,686500,2133,4675,4199,1130
25023,Plymouth,Massachusetts,173,535308,261175,274133,77817,75132,406038,47617,26958,9798,1338,0,29379,82276,12853,258490,15870,108742,568500,1697,3932,7482,729
25025,Suffolk,Massachusetts,374,768425,370838,397587,110795,115674,353364,139739,179830,72175,1566,703,70519,260718,19698,371189,47540,93360,683900,3017,12438,9623,793
25027,Worcester,Massachusetts,303,866866,430806,436060,131496,124654,617900,42403,120855,46978,2417,258,42120,229580,18602,394408,41089,94099,433900,2871,10322,8747,1021
26005,Allegan,Michigan,15,121939,61475,60464,19261,17496,106938,1872,10210,913,356,0,3733,16254,1317,47752,4839,78779,264800,826,1734,3026,83
26017,Bay,Michigan,35,102500,49802,52698,13529,13831,94218,2229,6158,202,192,0,599,10120,2188,44919,5005,58675,156200,NA,NA,NA,NA
26021,Berrien,Michigan,49,152261,73781,78480,21620,22633,112363,18521,9780,3411,392,0,5306,24536,3174,69859,8624,62460,237900,2206,4658,4069,128
26025,Calhoun,Michigan,37,133366,64674,68692,20982,20615,99897,14583,8105,3224,445,186,2014,26034,4176,50544,7650,57514,163500,1399,2725,3229,115
26045,Eaton,Michigan,23,108820,53970,54850,16061,15114,88098,6540,7040,2448,64,0,3135,17070,1739,50182,3755,71686,226200,563,1641,1505,0
26049,Genesee,Michigan,211,401522,195356,206166,62574,58575,291331,78554,17507,3399,1339,97,3453,46698,13388,161539,33375,60027,181600,2056,7247,9391,171
26055,Grand Traverse,Michigan,22,96421,47475,48946,13257,12278,88003,605,3336,478,462,0,1101,11544,1505,51829,2807,83650,343200,NA,NA,NA,NA
26065,Ingham,Michigan,102,284637,138202,146435,55147,55769,197630,31772,24859,18168,1311,215,5479,60124,9050,127020,18956,62998,190900,766,5228,4315,23
26067,Ionia,Michigan,11,66262,35215,31047,10902,9603,58743,1693,3611,344,420,0,535,9054,1319,25553,3909,69951,221500,NA,NA,NA,NA
26075,Jackson,Michigan,43,159424,82509,76915,23638,21966,131420,11158,6649,1100,267,45,2310,26248,3317,67103,9294,63338,203700,304,1591,2590,0
26077,Kalamazoo,Michigan,76,262215,129016,133199,48737,46673,199058,28218,15926,8323,1022,0,6447,38294,4168,124859,12348,67191,251200,1300,4382,4810,10
26081,Kent,Michigan,114,661354,328011,333343,109339,105635,473178,66743,77350,21016,2459,102,22211,151290,12569,313764,28931,79756,297400,3255,13333,12908,257
26087,Lapeer,Michigan,22,88977,45077,43900,12111,11803,80700,912,4627,247,217,0,2024,9754,1880,34691,4013,68556,234000,NA,NA,NA,NA
26091,Lenawee,Michigan,11,97520,49318,48202,14629,13615,86072,2143,8888,342,518,0,1177,14536,1338,38208,4092,63952,198200,875,1737,2231,0
26093,Livingston,Michigan,21,196757,99146,97611,28425,25832,183867,1048,5800,2276,263,0,1085,16436,2075,102353,4846,102508,347800,371,1753,2390,95
26099,Macomb,Michigan,238,875101,427939,447162,126274,120820,651594,112467,28497,46293,2353,628,7833,107866,17220,395260,42808,73807,246600,5818,14653,18238,590
26111,Midland,Michigan,10,84039,41690,42349,12261,11227,76219,793,3020,2117,104,48,755,8006,1735,40075,5724,73074,195900,190,986,1317,44
26115,Monroe,Michigan,27,155045,77330,77715,22742,21396,138883,3172,7032,911,76,187,1369,20894,1433,66045,8998,71506,245000,138,1465,3213,0
26117,Montcalm,Michigan,15,68154,36937,31217,10650,8773,59944,866,3080,483,236,0,1571,10108,798,25523,3638,65331,200500,646,1986,1310,318
26121,Muskegon,Michigan,71,176564,87682,88882,26666,26269,134963,20849,11314,829,847,0,3561,31030,4089,74511,9643,61189,208700,924,2987,3763,28
26125,Oakland,Michigan,247,1270426,627273,643153,180627,172828,881597,163467,65403,107396,1214,450,23719,185166,26475,709810,44000,92015,338000,6191,17324,20297,1219
26139,Ottawa,Michigan,34,303372,149971,153401,53896,54614,254533,4666,31553,8141,1912,0,13940,40360,3948,134218,13794,81513,328400,1513,4250,4711,34
26145,Saginaw,Michigan,62,187782,90481,97301,27748,28418,136663,34411,17530,2152,566,13,3443,21068,5598,75767,10891,59265,146400,531,2709,3008,135
26147,St. Clair,Michigan,56,159874,79163,80711,21475,21826,144803,4021,6070,1083,218,0,3051,13396,4373,66453,8603,68513,232300,698,1990,3410,58
26155,Shiawassee,Michigan,11,68025,33567,34458,9853,9196,64802,418,2133,548,109,0,241,3814,1461,28927,3715,62093,182600,NA,NA,NA,NA
26159,Van Buren,Michigan,14,75798,37743,38055,11721,10976,59674,2709,9702,240,549,0,5124,15004,1273,29872,4906,66424,213200,1504,1889,2131,137
26161,Washtenaw,Michigan,72,365536,182292,183244,65578,63424,252955,43160,21291,30567,1100,64,3868,67644,6470,196425,23046,83754,360400,1586,3920,4606,273
26163,Wayne,Michigan,952,1751169,847014,904155,283185,272936,861214,640158,122524,64893,7388,710,47448,258716,58107,701246,165555,57281,177300,11695,36530,42391,3043
27003,Anoka,Minnesota,60,372441,185782,186659,59180,58393,276621,35243,22356,22417,1864,122,9626,53096,6536,170781,8966,96812,349400,2275,3135,7358,282
27013,Blue Earth,Minnesota,12,70006,34940,35066,14824,14353,59555,2378,3391,1364,246,0,1149,10628,1421,29016,4884,66249,276300,535,2964,1211,0
27027,Clay,Minnesota,16,66258,32551,33707,12283,13308,55521,3747,3366,1005,471,194,808,9024,1439,29627,3839,70942,267600,275,927,526,11
27035,Crow Wing,Minnesota,10,68304,34206,34098,9079,8866,63615,583,1170,310,484,29,239,6088,1447,35269,3063,76050,332400,688,1000,1816,28
27037,Dakota,Minnesota,66,447440,221110,226330,71395,69633,327893,36465,39520,23399,2390,143,20545,73210,6855,231659,9991,99830,383600,4064,7106,8000,173
27053,Hennepin,Minnesota,492,1258713,625178,633535,189938,185984,835607,172430,98839,89045,8077,286,42057,222422,24352,700463,55916,93668,386600,8861,16124,22953,764
27109,Olmsted,Minnesota,33,164784,79962,84822,25731,25743,123956,13098,10053,10392,326,0,5759,22506,2731,85869,5342,87856,335000,1310,1127,1137,58
27123,Ramsey,Minnesota,205,536075,263016,273059,87265,85559,314770,69547,45329,81192,3575,265,20697,92058,9663,264670,26802,77812,319600,5110,8205,12126,422
27131,Rice,Minnesota,10,67948,34391,33557,12242,12424,53541,4502,7140,1429,329,0,2697,10900,726,26053,3294,81455,302100,NA,NA,NA,NA
27137,St. Louis,Minnesota,75,200514,100985,99529,31668,29584,179931,2639,3943,2315,2621,138,2268,21204,3195,97499,12379,67269,236700,467,2712,3465,82
27139,Scott,Minnesota,21,155814,77716,78098,26407,25665,120758,11315,10253,9893,1225,0,4787,15672,2307,74190,4401,106181,394700,578,1508,2171,79
27141,Sherburne,Minnesota,12,102206,52286,49920,17831,16589,89435,3581,3716,2150,732,31,422,11710,898,48113,2002,101214,366300,NA,NA,NA,NA
27145,Stearns,Minnesota,21,160977,82287,78690,31432,29417,128608,15697,7882,2466,42,155,3058,21902,2830,65462,9669,74709,288500,1848,4146,2135,0
27163,Washington,Minnesota,41,278936,139099,139837,45215,42665,215127,16446,15061,21666,482,223,7196,35592,4079,151720,5036,110729,415100,1436,1772,2275,413
27171,Wright,Minnesota,13,151150,76796,74354,27484,24232,131786,4046,5646,3290,477,0,3867,15368,1159,69416,3322,104269,355200,697,1346,2515,0
28033,DeSoto,Mississippi,42,193247,92407,100840,31712,31805,108700,58043,11380,2607,1328,0,8747,27644,2320,82700,7835,81486,275400,3960,6217,7328,0
28035,Forrest,Mississippi,16,78208,35436,42772,13725,16718,43354,28285,3474,630,147,0,1592,8400,1158,30808,5852,52157,169400,NA,NA,NA,NA
28047,Harrison,Mississippi,79,210612,100999,109613,33748,33512,130884,50143,14353,4972,404,28,6100,36162,4946,86561,12725,56159,213900,4470,8931,10507,116
28049,Hinds,Mississippi,53,214870,100322,114548,36067,36601,48893,152084,4652,1853,576,0,2850,17228,6845,87968,17788,50904,164200,3154,8344,12565,171
28059,Jackson,Mississippi,84,146389,71457,74932,23731,21193,97872,24682,11378,2683,1063,0,5698,28782,5449,66098,7603,67472,198000,3093,4370,7751,80
28067,Jones,Mississippi,17,66250,31033,35217,11057,11544,42810,18095,4126,448,101,0,2901,3790,636,25499,6067,48503,160000,2057,4395,3916,0
28073,Lamar,Mississippi,12,66217,32205,34012,10949,9638,46963,15141,2487,326,238,0,318,6462,903,31915,3796,59716,232100,NA,NA,NA,NA
28081,Lee,Mississippi,16,82799,40356,42443,15461,13297,51650,24539,2946,956,463,0,1779,6824,1688,34018,3718,68233,196200,NA,NA,NA,NA
28089,Madison,Mississippi,19,112511,53606,58905,19226,18204,60554,40376,4293,3203,673,0,1776,11858,1755,58087,4219,78784,341500,NA,NA,NA,NA
28121,Rankin,Mississippi,29,160417,78602,81815,26190,21133,113719,34196,5283,1815,1479,773,2667,11536,2842,79351,7244,69208,240400,562,4381,4761,351
29019,Boone,Missouri,48,189463,91609,97854,36130,37686,147046,18230,8518,8339,25,74,1987,27524,3089,88894,12421,69218,272400,1407,4785,3915,79
29021,Buchanan,Missouri,36,82956,43263,39693,14401,11825,67017,4316,6320,123,232,696,3173,14798,1039,28018,6145,60950,166500,NA,NA,NA,NA
29037,Cass,Missouri,22,111732,55159,56573,17897,16537,95305,5538,6316,1026,218,88,1721,15672,2365,49656,2827,84774,294400,1617,1493,3218,0
29043,Christian,Missouri,17,94422,46041,48381,15542,14830,87445,663,3703,456,717,114,876,8302,1761,45165,2576,80781,310800,1516,1647,2143,81
29047,Clay,Missouri,58,259772,129216,130556,41932,37969,205597,19222,21282,7588,682,1069,8375,34478,3632,120951,9134,84378,283200,2773,5451,7461,34
29051,Cole,Missouri,12,77278,39247,38031,11661,11642,62448,6826,2895,1333,541,0,1171,9918,1512,36320,2331,74415,228700,NA,NA,NA,NA
29071,Franklin,Missouri,30,106404,53151,53253,15771,14796,93378,627,2558,483,23,0,590,22606,2296,45699,4386,68440,229900,NA,NA,NA,NA
29077,Greene,Missouri,115,304611,148434,156177,50889,51431,260702,7823,16054,6316,1578,546,6026,43240,4095,133273,19986,59499,231400,1581,12128,10868,199
29095,Jackson,Missouri,295,718560,348473,370087,113914,112079,440874,161205,82939,13437,2751,2096,24879,146636,13195,325202,37586,66055,228100,11032,25930,30971,766
29097,Jasper,Missouri,19,125056,61570,63486,21942,20848,104443,2631,12556,1755,814,341,3620,22904,2361,45763,8905,54109,177100,3095,4581,6434,133
29099,Jefferson,Missouri,74,231230,115109,116121,35227,34345,206613,1704,6311,2386,584,201,2317,34850,4164,100391,9888,81843,235100,1986,4639,5415,110
29165,Platte,Missouri,26,111940,54764,57176,17552,17328,86563,8707,8128,2116,327,0,3863,20728,1487,59421,3598,93091,356500,528,2604,1694,177
29183,St. Charles,Missouri,110,416659,206067,210592,64375,61297,348947,20122,17653,13860,175,84,5560,55822,5109,211355,9775,98390,325600,2761,7302,5935,170
29187,St. Francois,Missouri,35,67058,35547,31511,9958,9347,60794,2976,598,131,174,81,128,5548,1591,24744,4030,55042,181100,NA,NA,NA,NA
29189,St. Louis,Missouri,312,987059,472225,514834,151276,146237,620019,238791,38320,46786,2252,249,17378,123168,21608,512986,41942,81441,272400,8762,22908,19052,580
29510,St. Louis (city),Missouri,305,281754,136336,145418,38065,37730,129441,114159,14844,10113,859,0,5391,43582,7672,143428,21974,56245,192800,1434,6763,7040,271
30029,Flathead,Montana,17,113679,56908,56771,16469,15543,103434,91,4488,921,1117,0,662,14908,1230,55337,4140,74274,570800,NA,NA,NA,NA
30031,Gallatin,Montana,16,126409,67115,59294,23294,18908,111699,483,6945,1738,1087,0,3997,14810,1868,66451,6159,91158,691200,NA,NA,NA,NA
30049,Lewis and Clark,Montana,11,75011,36287,38724,10199,11256,67768,0,3152,286,653,0,602,11404,711,37189,2575,77405,379500,1186,1998,3436,0
30063,Missoula,Montana,22,121849,61118,60731,18952,18014,104750,683,6073,1266,2131,52,2062,21810,1636,65818,5979,73429,488300,1160,2616,4225,0
30111,Yellowstone,Montana,35,170843,84897,85946,26406,25716,145530,1025,11560,1913,7094,0,1558,27446,2813,73520,6733,68914,358700,3310,5278,6524,63
31055,Douglas,Nebraska,64,589540,292645,296895,102465,99229,403073,61083,86651,25454,5739,28,33484,121358,9473,281171,34224,77457,274700,7609,18360,15766,474
31109,Lancaster,Nebraska,28,326716,164114,162602,62527,59032,262867,10602,28329,12339,1579,233,10512,57168,5139,153623,16774,70637,277700,707,6584,7679,673
31153,Sarpy,Nebraska,17,199886,100881,99005,35524,32802,156975,7329,23643,6736,950,0,10021,35750,2255,98329,4974,101932,322400,1287,3137,3296,81
32003,Clark,Nevada,897,2336573,1169497,1167076,358359,340541,1010036,282978,750835,254980,25725,19096,354898,777720,58676,979906,136447,75065,437900,44028,90545,127851,5990
32031,Washoe,Nevada,256,498022,252116,245906,73534,70687,313724,10144,131892,30166,8510,4573,40323,181164,9927,240174,21878,84183,545100,7847,13775,20198,965
33001,Belknap,New Hampshire,26,65027,32069,32958,7609,7520,60322,150,1545,368,173,0,1114,5800,345,33738,2390,97692,411900,284,1256,1343,98
33005,Cheshire,New Hampshire,28,77703,38478,39225,10556,10090,69223,709,2109,779,73,0,298,13242,1136,35914,2533,89314,328200,NA,NA,NA,NA
33009,Grafton,New Hampshire,18,93146,45776,47370,13053,12718,81798,1322,1169,4207,7,0,910,9804,1663,47521,3715,82059,354800,186,1387,2939,7
33011,Hillsborough,New Hampshire,160,427354,214518,212836,60374,57338,348936,12059,37677,18001,545,0,7107,81412,5194,211496,11224,103727,430300,2643,7242,10894,350
33013,Merrimack,New Hampshire,45,157103,79081,78022,22265,20225,142338,2742,4440,1994,0,0,1946,16166,2223,77210,5140,92110,372200,267,2126,2143,0
33015,Rockingham,New Hampshire,85,320689,159012,161677,41584,38663,290396,1553,12327,6192,1142,163,3622,35242,5508,170384,6992,109770,518600,3116,4720,4797,0
33017,Strafford,New Hampshire,40,133243,66099,67144,20577,21332,117435,1721,4404,2989,16,68,889,20250,2468,58868,5168,84869,379800,443,3175,2990,18
34001,Atlantic,New Jersey,160,275213,134645,140568,42383,39285,153992,38240,56535,21849,2074,0,28723,60670,9185,115997,14001,77053,303800,2815,4838,10242,362
34003,Bergen,New Jersey,120,957736,469887,487849,139851,133848,517873,57256,223107,163417,3531,393,88407,253718,21626,499638,25350,116709,615300,7438,17359,26397,883
34005,Burlington,New Jersey,137,469167,231976,237191,67864,63187,300928,79165,46865,27700,1429,93,13461,92782,10421,233553,14635,102532,358000,4062,5786,6522,181
34007,Camden,New Jersey,283,527196,255410,271786,82368,78945,284138,97113,102905,30749,4284,243,53898,113542,13621,222634,25387,83763,294900,4755,10989,15324,747
34009,Cape May,New Jersey,33,94610,45833,48777,11328,10257,80944,1989,7936,522,869,0,4218,12136,2211,47337,3452,84364,474800,149,1705,873,16
34011,Cumberland,New Jersey,83,152326,76178,76148,24579,24933,69588,25697,55012,2010,1736,0,32512,41566,4478,43844,12967,64908,220500,2514,7125,7896,18
34013,Essex,New Jersey,397,851117,413752,437365,139713,134133,254463,307580,214949,54046,8674,252,114276,223652,30952,344876,48832,80463,522800,13532,30816,46328,3456
34015,Gloucester,New Jersey,119,308423,151967,156456,49883,45623,231638,31646,26813,9169,500,265,7229,55952,6812,136666,12305,97474,317900,1050,3833,6169,81
34017,Hudson,New Jersey,197,705472,353261,352211,98687,91779,220316,82697,287590,117406,10277,241,121843,305384,18365,345818,48373,89272,531900,5328,28079,36150,1905
34019,Hunterdon,New Jersey,17,130183,64123,66060,16825,17283,104675,3214,12483,6598,39,0,2966,25382,2358,74846,2753,137275,506000,NA,NA,NA,NA
34021,Mercer,New Jersey,119,381671,188165,193506,61474,59963,174415,73900,89035,48550,9709,0,42617,64960,11873,174761,16722,96152,390900,5921,12951,16663,859
34023,Middlesex,New Jersey,195,863623,429618,434005,135454,129212,340039,93776,207154,223472,14121,0,112226,159978,25421,392892,33102,105055,475200,11374,19349,36614,2399
34025,Monmouth,New Jersey,152,642799,315510,327289,95585,89950,477944,32186,83525,32141,6437,209,33348,121068,14516,327958,18423,118008,628000,3372,10627,16989,963
34027,Morris,New Jersey,68,514423,255447,258976,76052,70580,349448,14365,83764,57023,540,44,26105,133796,11270,281135,8869,134579,577700,2781,6872,10321,675
34029,Ocean,New Jersey,192,659197,320777,338420,109025,104016,548494,15050,72493,13319,3049,0,24339,109892,10381,264305,30774,85464,408000,2616,8654,14479,637
34031,Passaic,New Jersey,141,513395,251966,261429,85119,82526,210807,52876,229267,28838,2505,176,99927,236532,12295,176464,30179,82825,465700,6387,20142,31720,1900
34033,Salem,New Jersey,29,65338,30288,35050,8331,11228,47108,8773,7747,357,0,173,2816,12222,1393,25668,2584,87294,249500,NA,NA,NA,NA
34035,Somerset,New Jersey,32,348842,171929,176913,51578,47548,173995,33543,62369,70465,864,54,32176,75490,7626,188669,8938,142092,556600,1583,4085,8753,620
34037,Sussex,New Jersey,32,146132,73941,72191,20027,18666,118584,4487,18589,3915,1048,0,6342,23512,3084,75406,2924,110785,367500,931,1316,2369,82
34039,Union,New Jersey,148,572726,283090,289636,92612,88072,223137,116044,201988,33816,4330,266,121873,146520,17239,238033,19814,101146,522500,10426,22815,33861,2635
34041,Warren,New Jersey,34,111252,55386,55866,15432,14556,85143,5726,15224,3500,1791,0,6234,17716,2520,54236,3549,100532,350500,NA,NA,NA,NA
35001,Bernalillo,New Mexico,392,671586,330981,340605,99887,93784,328347,21913,330037,20582,33565,1147,95896,340272,15168,325353,41152,68372,303400,7358,19605,25840,877
35013,Dona Ana,New Mexico,74,225210,112423,112787,42469,40167,90407,2639,153087,2779,2780,69,42164,168744,5939,83898,21109,56451,228000,2914,8916,10666,537
35025,Lea,New Mexico,18,72101,37424,34677,15092,13327,33535,1466,45538,1341,522,64,11280,47786,713,19041,6855,55736,197200,NA,NA,NA,NA
35031,McKinley,New Mexico,35,68797,32700,36097,11752,12166,6493,168,8516,885,53263,259,3751,7956,2761,20397,11200,40108,71000,NA,NA,NA,NA
35035,Otero,New Mexico,32,68835,35602,33233,13008,10233,37836,2430,27551,1377,4255,289,7598,30100,1485,26138,5236,50762,154200,556,2858,3442,0
35043,Sandoval,New Mexico,43,155936,76992,78944,23818,21813,77962,3705,63150,2316,17946,445,13830,79464,3238,76377,9096,82026,324100,1813,2063,3913,306
35045,San Juan,New Mexico,49,120675,59468,61207,20559,19343,49999,761,24032,942,48256,0,8052,25330,3225,44815,11778,57324,201700,2203,4533,6945,309
35049,Santa Fe,New Mexico,86,155956,75893,80063,17677,17478,85205,1181,74369,1763,4333,225,13715,99068,3590,84228,8044,78731,485300,2151,5491,8296,92
35061,Valencia,New Mexico,27,79141,39150,39991,12271,12096,37274,1044,48352,612,2772,376,6616,60894,1836,29020,6508,54665,232700,NA,NA,NA,NA
36001,Albany,New York,100,316659,153503,163156,50689,51529,216669,37541,23259,24413,426,159,9663,55576,7469,154116,17804,81335,291300,2300,2155,5150,156
36005,Bronx,New York,874,1356476,641290,715186,230490,221665,169137,456691,746248,58254,24346,1825,454274,383898,58710,431880,154995,46838,498200,9736,34343,43044,2298
36007,Broome,New York,92,196077,97081,98996,32827,32390,157587,10576,11212,10996,47,88,3381,26804,4532,81262,13807,63876,155100,590,3565,2632,183
36009,Cattaraugus,New York,39,75600,37322,38278,11398,11377,66753,785,1860,517,1891,0,675,9958,1645,26228,6547,54250,105500,1868,930,1243,7
36011,Cayuga,New York,13,74485,38028,36457,10065,9361,64911,2604,2771,510,144,0,1204,10224,1045,31741,4432,66166,161700,398,1124,1529,28
36013,Chautauqua,New York,72,124891,61447,63444,18544,18365,107867,3972,12238,540,69,0,4063,16760,3619,49375,9262,55234,124600,2617,2365,1954,112
36015,Chemung,New York,41,81325,40643,40682,11822,11318,70199,6342,3171,1325,62,0,436,5922,2211,32986,6747,59617,139600,106,1063,1999,17
36019,Clinton,New York,17,78115,39609,38506,11149,11881,70170,1646,2688,662,180,0,1329,8256,669,32247,4061,62717,173000,353,757,883,0
36027,Dutchess,New York,106,297150,147016,150134,41403,42352,203536,27128,47341,10659,3184,103,16936,71208,6393,143249,10934,96824,395400,1563,4513,5641,176
36029,Erie,New York,400,946147,460298,485849,138648,134588,693692,119338,60983,47915,3420,283,22607,117784,16718,442199,58152,70492,241900,4876,9356,13473,486
36045,Jefferson,New York,29,114787,60377,54410,22182,18488,93498,4509,9131,2565,1449,147,3136,18966,2254,42284,6058,61512,184200,1810,3013,1922,24
36047,Kings,New York,742,2561225,1219299,1341926,380203,371370,974518,700998,483037,316163,15410,1075,271684,562754,77974,1137035,212574,76912,880300,12973,46643,63363,5311
36053,Madison,New York,17,66921,32983,33938,10517,10728,61365,1209,1837,863,124,0,544,5632,1378,28972,3000,74125,180600,1131,927,1417,32
36055,Monroe,New York,451,748482,363058,385424,113239,109917,521031,107949,75241,27930,1038,579,30592,118726,16936,362724,40072,73211,217300,3149,9827,9404,0
36059,Nassau,New York,209,1381715,680445,701270,209810,199143,773941,156129,259339,172055,2194,110,121665,311242,28578,702036,33851,141568,674200,8222,15168,29205,1558
36061,New York,New York,539,1597451,761219,836232,171742,186557,771461,221769,389701,202421,5818,243,183482,424514,66576,965701,109673,101078,1010800,2673,24756,33184,2998
36063,Niagara,New York,92,209457,102962,106495,29471,27747,171675,14144,8578,3089,1312,0,3129,32216,4670,86785,14674,65875,189700,1963,2557,3776,153
36065,Oneida,New York,62,227555,114001,113554,35793,32819,180914,11738,16474,9639,151,0,9715,30796,4775,92149,17767,61118,188300,735,3424,2985,128
36067,Onondaga,New York,197,467873,227082,240791,72616,71946,351746,51448,28361,18559,3160,549,8626,67570,8952,223572,27930,74704,202400,1741,5866,4725,524
36069,Ontario,New York,32,112494,55763,56731,15295,14714,99063,3070,6572,1635,74,0,2024,13256,1396,56514,3325,79450,228000,462,1682,1747,0
36071,Orange,New York,115,407470,204450,203020,75752,69537,246741,48399,99573,12066,11671,0,41314,94558,10253,160994,22074,94364,391800,1689,9060,8872,287
36075,Oswego,New York,25,118162,59268,58894,18889,18591,109658,1695,4061,857,155,60,877,9720,3138,43993,6986,70076,153500,934,3218,1698,126
36079,Putnam,New York,20,98060,48102,49958,12940,12319,71681,2146,20430,2353,50,0,9522,24616,1419,51287,4300,122777,482300,NA,NA,NA,NA
36081,Queens,New York,526,2252196,1099010,1153186,304098,290929,580646,389884,632343,590801,24972,1766,377765,572724,59560,960448,130456,81929,692500,16717,53562,96732,7101
36083,Rensselaer,New York,71,159305,79680,79625,24769,22040,127628,9474,9914,4355,327,151,4670,25400,3948,75733,9078,84278,257600,1219,2541,3115,2
36085,Richmond,New York,169,490687,240115,250572,74308,70621,284690,47736,95721,69550,4092,0,25910,117418,10816,201076,30176,95543,672400,2193,6584,9915,763
36087,Rockland,New York,48,340807,169866,170941,68991,64419,210035,35473,70959,19931,2205,54,43155,59908,4891,134784,24401,106589,600500,2190,8694,7122,183
36089,St. Lawrence,New York,17,106940,54264,52676,18435,16595,98134,1804,2730,1463,493,0,717,8658,1380,43218,8457,56872,130200,1081,1639,1335,0
36091,Saratoga,New York,33,238711,118199,120512,31718,30803,209403,4908,9658,5072,969,248,3382,29458,3099,124577,7851,94330,348800,134,1957,3473,361
36093,Schenectady,New York,48,159902,78509,81393,25703,23735,108448,18037,13308,5933,718,0,8948,35636,3526,72618,9582,74969,242700,46,960,1905,36
36101,Steuben,New York,23,92162,45343,46819,13163,12768,84334,2727,726,1329,40,0,433,6598,1731,36026,5981,64238,137000,482,1592,1264,59
36103,Suffolk,New York,500,1523170,755531,767639,228838,219124,978883,118221,351357,72232,4842,204,164649,368278,29127,717384,45863,124045,584800,11593,23680,33800,1046
36105,Sullivan,New York,41,79920,41980,37940,13168,10579,54019,8488,15456,1707,126,0,5627,19906,1383,32256,4558,69453,273800,NA,NA,NA,NA
36109,Tompkins,New York,27,103558,50604,52954,21212,21576,76818,4221,6727,11214,153,92,3071,15978,2540,48181,5478,67247,263100,NA,NA,NA,NA
36111,Ulster,New York,66,182333,90478,91855,23531,23342,138006,11696,22610,3924,2606,0,9179,33844,4344,86651,12286,85878,373400,728,5745,5655,614
36113,Warren,New York,14,65380,32037,33343,8191,6923,60971,385,2033,719,42,0,636,5254,890,33115,2845,73802,265300,NA,NA,NA,NA
36117,Wayne,New York,23,90829,45543,45286,12790,11525,80005,1723,4885,746,257,215,1855,12056,924,39744,5119,73065,173600,1083,2662,1226,0
36119,Westchester,New York,168,990817,483190,507627,149133,143126,517726,132346,272700,62302,9205,453,141543,254484,28312,493522,39240,114457,645700,5955,15268,24496,1169
37001,Alamance,North Carolina,45,179165,87140,92025,30234,28299,104830,36910,27657,3291,1089,0,18300,29490,4281,72840,9901,65633,265200,1634,5692,8080,846
37019,Brunswick,North Carolina,59,159964,77883,82081,16166,13055,130646,13701,9130,1143,469,0,4502,19006,3411,86833,6331,76221,360100,983,2375,6628,365
37021,Buncombe,North Carolina,129,275901,133597,142304,36841,32870,225024,12448,23618,3393,826,194,2747,62538,4344,150956,13994,71525,426000,1516,11575,14956,133
37023,Burke,North Carolina,42,88338,44025,44313,12320,10683,70693,4374,7567,3178,98,0,4827,10336,1686,34069,8633,53739,212500,NA,NA,NA,NA
37025,Cabarrus,North Carolina,43,240016,119901,120115,41833,37248,136157,47039,31100,16109,694,0,17517,45000,5425,111174,11074,85810,374400,3148,6437,6314,131
37027,Caldwell,North Carolina,41,80574,40567,40007,11418,9420,69433,3340,5488,536,195,0,3192,7756,933,29077,4148,55766,205400,NA,NA,NA,NA
37031,Carteret,North Carolina,21,69615,34932,34683,7743,6597,59920,3950,3414,325,48,0,1498,7748,992,39251,3373,78256,343000,659,1379,2020,0
37035,Catawba,North Carolina,69,164645,80289,84356,25233,23707,122895,14539,19203,7830,387,145,7513,22672,1863,70422,8031,64214,257100,2620,6090,7512,0
37037,Chatham,North Carolina,15,81624,39474,42150,9966,10065,58410,9140,10965,2276,34,0,6637,10254,1298,45842,3098,97219,442800,NA,NA,NA,NA
37045,Cleveland,North Carolina,45,101378,49075,52303,15948,14551,72991,17409,5039,1211,761,0,2735,12542,1471,40656,7653,62186,228300,NA,NA,NA,NA
37049,Craven,North Carolina,51,102391,51272,51119,17358,14481,66786,18044,7942,3221,64,14,4023,20478,2819,43813,8046,59399,229500,763,3490,3607,131
37051,Cumberland,North Carolina,128,337890,167163,170727,68139,58864,144695,126319,44316,10467,4162,1032,14988,72454,9021,140667,19149,61643,214600,3717,8830,12011,360
37057,Davidson,North Carolina,87,174804,85506,89298,26785,24030,132623,14555,16078,2686,343,0,9021,31152,3419,71622,9655,63189,232100,1671,6276,7204,312
37063,Durham,North Carolina,99,336892,162801,174091,51122,49944,145448,107365,51911,16953,2420,66,34708,59864,5908,181024,13435,81545,419200,7734,10146,17626,330
37067,Forsyth,North Carolina,152,392921,186353,206568,63104,64810,217004,102367,59974,9296,1155,212,30943,63888,9472,182897,23495,65062,267800,7491,12718,18618,1124
37069,Franklin,North Carolina,21,77001,38251,38750,11626,10363,45828,18145,8934,970,131,0,5200,13454,1102,33140,2620,70548,290600,NA,NA,NA,NA
37071,Gaston,North Carolina,104,237242,114494,122748,36952,35461,158969,44104,24179,3900,1110,89,11935,34270,3684,101110,14209,66906,284400,4049,7518,13439,144
37081,Guilford,North Carolina,168,549866,261330,288536,92602,93814,256758,184039,56077,30334,2964,0,26249,99044,9947,249504,35128,65413,270000,5381,16207,21392,712
37085,Harnett,North Carolina,46,141477,70018,71459,25807,22864,84646,25761,22017,1332,538,0,12984,32432,3002,55780,7853,70664,285300,1245,5812,6044,455
37089,Henderson,North Carolina,29,119230,58020,61210,15217,14141,95328,3742,15461,1708,972,0,7536,19888,1358,59441,5606,61974,372000,2484,3809,7762,231
37097,Iredell,North Carolina,59,199710,99846,99864,32287,27197,146651,21994,19122,4336,78,0,9390,34522,3335,90257,8619,85298,356100,2935,7623,7623,190
37101,Johnston,North Carolina,60,241955,120009,121946,41477,38103,154187,41096,40972,2694,2200,274,20847,41314,5232,101575,13688,79592,324500,3408,8464,12951,167
37105,Lee,North Carolina,22,67059,34121,32938,12291,8336,42739,12395,14609,574,66,0,4862,12846,1166,27562,4587,60140,241200,NA,NA,NA,NA
37109,Lincoln,North Carolina,33,95675,47408,48267,13560,12672,80103,5582,8014,825,0,0,2886,12558,989,44260,4764,77776,350700,NA,NA,NA,NA
37119,Mecklenburg,North Carolina,351,1163701,562079,601622,186108,183603,517381,343362,185549,72206,5266,607,107615,234528,22683,600707,47230,84593,441900,20941,47294,61275,2059
37125,Moore,North Carolina,31,106898,51558,55340,14522,14506,82719,7837,8355,2218,569,0,3537,20036,1515,57239,4383,78057,369100,476,2436,3158,420
37127,Nash,North Carolina,33,96551,47075,49476,14736,13762,44992,39384,8067,953,931,0,5614,9354,1507,35007,5696,66121,210800,NA,NA,NA,NA
37129,New Hanover,North Carolina,74,238852,114658,124194,36862,35437,182524,25392,18916,3399,323,0,9187,36054,4988,130614,12163,79547,394100,2025,8121,11217,0
37133,Onslow,North Carolina,56,213676,118543,95133,59451,36152,142663,24355,30442,4255,1968,131,9055,62498,3631,74417,10464,67597,253100,1996,4287,6277,253
37135,Orange,North Carolina,22,150626,70598,80028,25855,30756,103975,16196,15841,12189,339,0,7040,21774,2252,76990,6686,86381,470300,1566,3552,5959,121
37141,Pender,North Carolina,11,68521,34651,33870,10829,9463,53166,6094,6055,738,694,0,3529,8600,1873,30640,3812,71487,315700,NA,NA,NA,NA
37147,Pitt,North Carolina,71,175119,82730,92389,33123,33577,89820,61317,14075,4042,623,97,9789,18862,6974,72583,13982,59946,224100,1721,7001,6783,0
37151,Randolph,North Carolina,70,147458,73364,74094,23424,21315,115471,14127,21016,415,398,0,9933,14228,3699,49894,12230,56310,215200,NA,NA,NA,NA
37155,Robeson,North Carolina,76,117365,56942,60423,22136,20371,28449,27421,13077,1098,45508,35,7731,14246,2127,32883,14347,40996,87100,2407,5033,7353,105
37157,Rockingham,North Carolina,46,92518,45472,47046,13821,11373,67516,15569,6755,124,338,0,2942,12058,2846,35264,5124,59434,174900,NA,NA,NA,NA
37159,Rowan,North Carolina,81,151661,77026,74635,26524,20617,105505,22696,18432,1272,453,241,7776,27436,3857,61521,10131,65904,273700,358,3504,7665,213
37161,Rutherford,North Carolina,34,65507,31371,34136,8573,9257,53176,5924,3899,108,69,60,2143,8054,1874,26825,3907,47557,207900,NA,NA,NA,NA
37167,Stanly,North Carolina,23,65699,32579,33120,9589,9725,52649,5649,3913,994,0,1164,1646,7194,755,26480,3129,65456,235800,NA,NA,NA,NA
37171,Surry,North Carolina,31,71462,35448,36014,10937,9408,61333,1844,9015,497,323,0,3414,8102,1410,30085,3952,58291,181800,NA,NA,NA,NA
37179,Union,North Carolina,53,256452,128367,128085,46111,42351,171994,30749,34825,12398,550,43,20255,40926,4373,111968,10494,98215,446600,2202,6203,9454,235
37183,Wake,North Carolina,188,1190275,582915,607360,189470,184192,682601,223887,137414,104741,3565,361,66851,216538,22714,659771,36823,102918,482100,12308,27873,38392,828
37191,Wayne,North Carolina,27,118686,57404,61282,19568,19842,61724,35917,16571,1883,230,0,1186,35492,4289,42085,8222,55461,181800,1517,6066,6661,263
37193,Wilkes,North Carolina,23,66013,32731,33282,9692,8700,57395,2100,5022,120,117,0,3170,6222,1655,25750,4415,47022,182600,NA,NA,NA,NA
37195,Wilson,North Carolina,46,78970,37719,41251,12749,11684,36971,30058,10011,314,171,0,6388,10136,2296,29132,7435,51247,212200,999,4005,4004,0
38015,Burleigh,North Dakota,17,100012,50922,49090,16125,15746,86595,970,3414,365,6304,10,774,9988,1217,51191,2871,85172,309500,NA,NA,NA,NA
38017,Cass,North Dakota,32,196362,99299,97063,36825,35617,161121,13889,7467,5691,1099,0,1861,25402,4273,98367,7952,73742,293700,1111,3952,2009,205
38101,Ward,North Dakota,11,68332,35409,32923,12852,10497,54897,2642,5072,1332,1298,0,1495,13336,521,0,1002,72370,251800,712,1684,1604,0
39003,Allen,Ohio,32,100838,50880,49958,17632,14754,80978,8927,3776,889,230,0,1204,17220,2611,35219,6472,66891,179800,708,2002,2685,56
39007,Ashtabula,Ohio,42,96845,49795,47050,14930,13654,85594,3937,4939,470,0,0,1787,10114,1902,32910,8554,57577,161600,NA,NA,NA,NA
39013,Belmont,Ohio,28,64918,33549,31369,9090,8013,58440,2063,893,272,142,0,567,6868,1366,25606,3223,56361,151500,NA,NA,NA,NA
39017,Butler,Ohio,150,393043,194509,198534,70287,68554,297470,34369,27512,17460,964,0,10560,64440,6767,150744,20210,80135,275100,2836,10744,8381,303
39023,Clark,Ohio,59,134610,65938,68672,21478,19365,109618,8840,5824,625,254,47,2229,25994,3463,49767,9339,57910,173800,1520,2315,3894,0
39025,Clermont,Ohio,61,211972,104565,107407,31758,30757,193868,1977,5547,1691,315,0,3268,21706,2801,90462,8479,81173,279700,1921,4374,5033,177
39029,Columbiana,Ohio,45,100182,50942,49240,14133,12733,93290,1719,2019,201,345,0,683,7888,1843,31243,7226,53455,163700,743,2555,3173,0
39035,Cuyahoga,Ohio,583,1233088,591168,641920,178414,173151,710256,355473,88371,43772,2671,240,32896,175560,37435,568260,83737,61862,197900,9523,25208,30723,1438
39041,Delaware,Ohio,24,231636,116226,115410,39573,36870,183889,10521,8113,22524,185,44,1678,25590,3197,126017,6126,126513,460600,2184,1958,4747,98
39043,Erie,Ohio,20,74035,37502,36533,10688,8159,60553,6072,3489,204,0,0,1131,12150,1305,31250,3734,61648,197000,NA,NA,NA,NA
39045,Fairfield,Ohio,55,165360,83567,81793,28584,23992,133808,16807,4741,4826,307,89,1671,15704,1943,66708,5715,84759,314800,1160,3771,3055,35
39049,Franklin,Ohio,745,1326063,650526,675537,218551,214134,778267,313868,99891,72194,3947,549,45821,222834,28834,607536,90074,71680,301000,18418,44224,51762,1655
39055,Geauga,Ohio,12,95407,47995,47412,14665,13825,89464,995,1956,668,50,0,202,8056,1508,42062,2686,99305,318800,4502,2730,3221,329
39057,Greene,Ohio,47,169691,83515,86176,26481,26908,139411,7063,5764,4717,612,462,1306,32240,2312,82176,6317,83866,265500,1915,3129,3585,92
39061,Hamilton,Ohio,328,827058,401913,425145,135426,130809,521728,194489,40317,21792,1149,691,16485,141448,18826,391530,42203,68519,250500,6880,18192,19511,712
39063,Hancock,Ohio,19,74704,37434,37270,10837,11142,64747,67,4595,1809,55,0,2974,10104,723,0,3510,70736,208500,NA,NA,NA,NA
39085,Lake,Ohio,59,231640,113564,118076,31420,30495,197457,13647,12621,2671,401,57,3556,27702,4634,107972,11756,72620,217600,995,4041,4241,225
39089,Licking,Ohio,43,183201,90394,92807,29311,28037,155047,5741,4620,7901,50,118,1646,25396,3105,74553,7054,75976,277400,675,4089,5272,34
39093,Lorain,Ohio,128,317910,157605,160305,49350,44552,247040,22447,35567,4635,615,286,9490,66794,5951,140677,13850,75461,223800,1343,5228,6848,351
39095,Lucas,Ohio,244,425484,206879,218605,68528,65178,291205,81226,33928,8057,1090,227,8143,71072,12439,175865,33876,60426,168400,2999,9021,9517,264
39099,Mahoning,Ohio,157,225596,110665,114931,32656,30851,168395,26316,15927,2078,663,25,6334,43570,4571,87786,18512,51738,154300,1743,5343,4441,296
39101,Marion,Ohio,45,64851,35331,29520,9611,8725,56635,2919,2166,701,22,0,549,8050,1532,19652,4851,53995,153800,NA,NA,NA,NA
39103,Medina,Ohio,29,184042,91476,92566,26640,25641,170472,1308,5165,2126,75,125,1350,17172,2761,84242,7741,89647,284800,1298,3255,3432,46
39109,Miami,Ohio,25,110876,54824,56052,17057,15825,99861,2399,2437,2265,0,0,630,11442,2479,42297,6507,75366,255500,2244,976,1703,0
39113,Montgomery,Ohio,285,533796,258277,275519,84931,82198,360701,110445,22985,11889,669,0,9855,80474,13857,240431,33242,62450,184100,5625,12100,15289,510
39119,Muskingum,Ohio,25,86305,42017,44288,13758,13287,78145,1934,1186,173,28,55,971,9998,1918,27375,6770,56654,184900,NA,NA,NA,NA
39133,Portage,Ohio,32,162665,81105,81560,26962,27277,141457,6597,3836,3553,303,0,2438,16634,2404,64362,7992,73220,229800,777,2767,2925,0
39139,Richland,Ohio,39,125064,64363,60701,18614,17104,105450,7277,2931,1220,122,23,2244,17456,3687,42080,7442,56664,176800,1854,3298,3513,0
39141,Ross,Ohio,50,76501,39569,36932,11055,10900,67885,3128,1129,343,484,108,768,7570,1215,25881,5693,60666,177200,NA,NA,NA,NA
39145,Scioto,Ohio,82,71969,35668,36301,10861,10726,66640,1475,1143,363,0,33,376,6164,2125,24812,4912,52159,163400,NA,NA,NA,NA
39151,Stark,Ohio,158,372716,182001,190715,56200,54131,314247,22075,11610,3372,316,1642,2558,57012,5697,151549,19332,63145,188500,4256,6891,7544,243
39153,Summit,Ohio,230,535733,260697,275036,77628,75415,395590,73826,14976,24580,663,118,6478,68956,13295,253097,27680,69577,210500,3017,10598,12595,172
39155,Trumbull,Ohio,130,200373,99167,101206,29382,26681,169883,16522,4791,712,131,0,1477,23296,3306,66880,16441,51016,142900,3913,5455,5024,227
39157,Tuscarawas,Ohio,26,91874,45458,46416,14421,14012,86159,751,4322,86,0,0,2579,4598,1370,26587,6357,60604,185500,NA,NA,NA,NA
39159,Union,Ohio,10,69637,33819,35818,10787,10682,58362,2026,2558,3040,22,0,1371,9632,201,31856,1457,101968,358900,NA,NA,NA,NA
39165,Warren,Ohio,37,252148,126181,125967,39958,37965,207060,8030,8997,15806,260,41,5627,30648,4288,125181,5038,107541,364700,2365,3401,5807,419
39169,Wayne,Ohio,22,116510,57853,58657,19762,19469,108644,1083,2927,687,165,0,743,10376,1333,40152,3464,69101,218900,6236,3192,4361,441
39173,Wood,Ohio,21,132650,65580,67070,23211,24387,115863,3399,8804,2995,178,0,1929,16572,2373,56183,4623,72947,229400,1380,1505,1851,54
40017,Canadian,Oklahoma,35,175829,88324,87505,30833,28737,124524,6737,22028,6097,4905,209,10187,46340,2532,77177,5705,86061,260400,2829,5436,7141,78
40027,Cleveland,Oklahoma,68,301193,149905,151288,54278,52492,208489,13944,33998,13937,9770,0,9551,91004,5788,129169,16552,74495,245700,4213,9386,11256,299
40031,Comanche,Oklahoma,32,121574,62751,58823,22895,19658,70586,17619,18227,3069,4970,691,3957,41364,3706,46103,9151,56706,160900,1762,3488,4021,74
40037,Creek,Oklahoma,22,73332,36235,37097,11883,11293,54185,1940,4182,473,8103,0,920,15422,1054,23954,4595,55857,189400,899,2145,3898,66
40101,Muskogee,Oklahoma,30,66677,32999,33678,11699,10451,37170,6129,5197,288,11942,47,2067,18068,1600,23262,5780,52484,157300,931,2861,3321,0
40109,Oklahoma,Oklahoma,317,808866,396846,412020,143120,137159,450877,111440,164674,27308,22576,2883,47151,293262,21300,350108,55935,65948,242700,13219,39556,43487,1424
40119,Payne,Oklahoma,19,83352,41609,41743,19189,19271,63354,3445,5441,3101,2862,117,1204,18538,1480,30230,7642,56371,227300,2187,3659,2128,0
40125,Pottawatomie,Oklahoma,26,73791,35289,38502,12169,12041,52891,2379,4822,702,7503,11,564,19482,845,25356,6251,56579,175000,1579,2735,4138,116
40131,Rogers,Oklahoma,21,100248,50014,50234,16145,16096,70591,1454,6433,1739,12564,107,1019,25548,1657,39725,4023,70200,247500,1602,3878,3929,0
40143,Tulsa,Oklahoma,284,682868,334935,347933,118358,114159,410588,64417,108136,27174,35365,1452,31861,224022,17143,296669,45707,65479,238600,13251,31677,36896,1205
40145,Wagoner,Oklahoma,23,89280,44873,44407,14453,13229,61530,1950,8231,1885,7551,23,2424,27834,1783,37315,4421,80372,240100,1650,2886,4282,21
41003,Benton,Oregon,15,97713,48912,48801,19050,17553,75716,1518,9223,6098,585,0,3478,20636,2873,52124,7301,73047,538100,NA,NA,NA,NA
41005,Clackamas,Oregon,118,423173,209186,213987,59794,57136,328408,6777,43275,23734,3850,1080,16753,85142,5735,228920,13139,100675,605400,4012,5281,7991,733
41017,Deschutes,Oregon,30,208513,102981,105532,26084,25720,180585,932,19482,2183,333,777,5203,37000,3554,120786,9556,97163,662700,681,3044,6019,0
41019,Douglas,Oregon,43,112435,54712,57723,13806,15210,96477,433,7767,675,1507,62,1681,23200,1896,49206,8499,60889,326900,368,1625,3154,254
41029,Jackson,Oregon,125,220768,107224,113544,30641,30594,174081,1894,33318,3512,744,65,9758,61428,4479,101261,12955,71666,431500,1745,5059,6299,136
41033,Josephine,Oregon,47,87821,42968,44853,11915,9953,76202,108,7959,1055,878,85,1726,15534,2180,39558,5645,64170,399400,NA,NA,NA,NA
41035,Klamath,Oregon,25,70003,35882,34121,11403,9133,53264,441,10078,430,2451,0,4556,17722,1992,29214,7737,52547,271700,NA,NA,NA,NA
41039,Lane,Oregon,212,381181,188257,192924,57179,55395,300983,4762,41038,11141,4086,997,16875,84674,10803,190053,28181,70374,438200,1979,8048,9635,32
41043,Linn,Oregon,46,131496,65546,65950,19456,18751,109950,847,14435,1377,1362,28,3595,28674,2422,60290,8970,70548,398300,459,3484,3173,0
41047,Marion,Oregon,134,346741,173154,173587,56656,55088,231009,4063,101652,7510,3359,4104,33368,126656,8066,141265,19476,73417,429400,3310,14725,14425,515
41051,Multnomah,Oregon,637,789698,393459,396239,100882,97203,531470,45284,108463,56006,5617,3571,32107,231286,17913,450855,46091,83583,543700,3208,15246,18258,410
41053,Polk,Oregon,21,89805,44692,45113,15200,14472,67500,718,14412,2169,1044,10,7045,22638,3161,38573,4565,80328,466500,NA,NA,NA,NA
41059,Umatilla,Oregon,17,80053,40889,39164,12231,13070,52470,511,24038,424,2068,13,10642,27850,1010,29026,6435,60582,299200,NA,NA,NA,NA
41067,Washington,Oregon,109,598865,299953,298912,89318,84583,371078,14478,112137,71591,6603,3884,43991,174480,12228,327255,23013,103713,589000,3098,11797,14251,193
41071,Yamhill,Oregon,26,108644,55124,53520,16298,16502,82692,1208,19579,2267,680,74,5504,32438,3115,46974,4983,89160,471900,NA,NA,NA,NA
42001,Adams,Pennsylvania,13,106748,52563,54185,15938,14930,94126,1441,8177,894,443,129,3946,11538,1774,39031,3756,76725,275300,907,2316,2804,49
42003,Allegheny,Pennsylvania,618,1224825,597556,627269,169470,163756,929894,152587,36325,52001,1235,12,17221,143750,26149,637675,58174,76615,232300,7729,16878,17700,986
42005,Armstrong,Pennsylvania,23,64074,31973,32101,8254,7828,60941,407,228,82,6,0,113,5050,878,23115,3343,61836,157800,528,781,1039,27
42007,Beaver,Pennsylvania,72,165631,81911,83720,22796,20998,142267,8957,4082,537,365,125,1491,23778,2616,72662,6035,66768,191100,802,2239,2675,39
42011,Berks,Pennsylvania,126,432821,214236,218585,69138,66518,299616,17533,109612,6195,2861,96,33770,145500,11234,150128,22677,75675,261200,5671,12213,13786,1056
42013,Blair,Pennsylvania,50,120273,59813,60460,17605,15982,108797,2838,1098,912,16,0,519,14382,1982,39491,7404,54002,157000,1748,1877,3279,180
42017,Bucks,Pennsylvania,168,645984,319984,326000,91437,85480,522711,20902,43213,32330,1172,163,21535,94342,12088,316421,19369,107221,450900,2291,7946,9422,457
42019,Butler,Pennsylvania,49,198413,98868,99545,28061,27548,184178,1781,4102,2726,540,67,1215,15812,4142,88807,7203,80379,296300,1546,1611,2930,98
42021,Cambria,Pennsylvania,68,130668,65115,65553,18781,17810,118419,4238,2933,495,0,11,257,14496,2333,47639,7299,55748,121800,282,1919,1645,37
42025,Carbon,Pennsylvania,30,65458,33414,32044,8830,7695,57079,1483,4838,470,1066,0,1582,7556,1973,21238,4035,64229,207900,NA,NA,NA,NA
42027,Centre,Pennsylvania,12,157795,82164,75631,32442,28795,132447,5762,5804,9934,179,0,2004,14938,2751,63882,14013,69101,322900,2951,1817,2562,134
42029,Chester,Pennsylvania,97,549784,272047,277737,84583,84431,419970,27777,45791,38461,243,96,21926,82622,9074,288384,16244,120903,489500,4320,8571,7624,604
42033,Clearfield,Pennsylvania,25,77090,40174,36916,10444,9129,72072,1711,2060,202,109,31,766,4398,1280,26678,4722,60711,145100,NA,NA,NA,NA
42037,Columbia,Pennsylvania,23,65439,31920,33519,9898,11235,59675,1196,2795,1040,35,46,670,5554,1994,22870,2518,63683,224000,491,1167,857,0
42039,Crawford,Pennsylvania,27,82001,40423,41578,11542,11705,76550,1214,1331,265,65,0,359,7096,1099,28613,4409,60797,150500,2343,1861,2192,141
42041,Cumberland,Pennsylvania,35,270738,134547,136191,42777,41570,219588,11623,14293,15347,48,0,4792,38680,3941,117707,8932,82174,285200,6433,4280,6375,222
42043,Dauphin,Pennsylvania,108,289234,141342,147892,44850,42671,180364,53625,34615,20382,1622,0,10910,44662,6665,121507,17824,74170,239800,6471,6619,6338,53
42045,Delaware,Pennsylvania,203,576720,279678,297042,93657,89136,361125,129534,29584,35995,784,221,16058,66006,17624,260402,28494,84085,333800,6770,9565,9781,564
42049,Erie,Pennsylvania,113,267571,134643,132928,43498,38932,221924,20578,13064,5553,296,0,3501,31438,4823,102464,17486,60663,179200,1070,4163,3398,213
42051,Fayette,Pennsylvania,80,123915,61573,62342,16326,15682,111764,4775,1830,559,99,241,235,12484,1918,39600,10002,54523,144300,704,1410,1809,143
42055,Franklin,Pennsylvania,31,157854,77583,80271,23352,21997,135089,4005,12152,2005,294,0,7334,18254,3852,56068,4963,75875,248900,4378,4766,5054,140
42063,Indiana,Pennsylvania,26,83094,41571,41523,14018,14608,77393,2219,1587,270,0,0,31,6362,2064,28265,5523,57505,152600,2087,2878,2091,163
42069,Lackawanna,Pennsylvania,74,216123,106496,109627,33049,30483,173442,8040,22371,6968,50,35,14113,26950,3276,84828,15510,56002,200900,884,4839,4153,185
42071,Lancaster,Pennsylvania,91,558589,273708,284881,89813,87939,450630,21116,65134,12425,995,934,27333,90312,9450,201120,20865,80067,306900,18184,19919,18425,3386
42073,Lawrence,Pennsylvania,62,84472,41223,43249,11755,11362,75262,3739,1958,258,48,0,2121,6088,1709,29745,4615,62754,150800,NA,NA,NA,NA
42075,Lebanon,Pennsylvania,38,144252,71386,72866,21734,20657,116649,4414,22516,3022,0,148,9700,20638,1691,47569,4506,78824,235400,3502,4048,5028,512
42077,Lehigh,Pennsylvania,125,377754,186072,191682,59529,57657,231716,23464,108152,14607,2734,64,57785,94768,9516,150652,18429,76508,318700,3260,8346,11608,309
42079,Luzerne,Pennsylvania,139,327388,163260,164128,48401,46344,243519,16851,60353,4197,976,512,26625,69416,7191,124395,24783,60380,179900,2417,8971,9421,119
42081,Lycoming,Pennsylvania,31,112724,55579,57145,16917,15964,99718,3622,2740,1046,883,0,532,13846,2647,44080,6640,62135,205900,1615,1688,2105,17
42085,Mercer,Pennsylvania,37,108503,53886,54617,15970,14672,95885,4514,1912,644,217,0,640,13206,2326,39910,4936,61669,166800,1671,2707,2513,77
42089,Monroe,Pennsylvania,62,166053,84632,81421,25086,21405,103935,23933,31056,4516,252,28,11323,44132,5576,64542,7618,71087,275300,1391,3455,4801,272
42091,Montgomery,Pennsylvania,166,868742,426061,442681,127951,124207,628371,85761,58646,68858,1940,168,21227,124834,16034,454143,24400,106748,445000,5901,11756,17547,1091
42095,Northampton,Pennsylvania,88,319091,158304,160787,49304,44746,230575,17279,50891,10569,490,0,17218,85920,7299,136919,11105,84229,312800,3172,5454,5649,193
42097,Northumberland,Pennsylvania,31,90120,46075,44045,12316,11370,80268,1763,4940,518,0,0,1746,11650,1294,27984,4875,59046,164300,626,1139,1535,24
42101,Philadelphia,Pennsylvania,1173,1550542,732916,817626,239477,238855,536355,611907,244555,124371,7684,646,130951,277256,50250,618487,132962,60302,246600,18408,42081,46766,1937
42107,Schuylkill,Pennsylvania,68,143786,74026,69760,20147,19071,123874,4678,12402,714,352,0,5161,18014,3774,46346,8522,64276,149600,1799,2356,3655,105
42111,Somerset,Pennsylvania,21,72197,37381,34816,9132,8825,67986,1573,1149,510,0,0,381,3494,1784,21368,3299,60515,144700,455,927,1535,99
42125,Washington,Pennsylvania,58,210232,103643,106589,28692,28428,189891,5862,4400,2930,822,0,612,20230,3363,92143,8617,77450,233200,776,3341,3280,253
42129,Westmoreland,Pennsylvania,115,351163,173368,177795,45650,43017,323818,9653,5772,3228,432,138,803,26182,6585,156577,16327,71081,203600,995,3857,4008,99
42133,York,Pennsylvania,146,464640,231348,233292,71313,66142,372493,24648,45887,6627,377,105,22963,74854,9663,176577,16030,81362,257600,3087,6457,11147,86
44003,Kent,Rhode Island,57,171278,82922,88356,21169,19817,143679,3127,12765,4775,0,96,3478,32246,3076,84892,5386,91821,366800,447,2735,2407,0
44005,Newport,Rhode Island,21,83832,41109,42723,10328,9035,71316,1918,5626,1585,398,0,1632,13966,1873,48457,4208,104880,633700,NA,NA,NA,NA
44007,Providence,Rhode Island,288,660615,324280,336335,99795,98377,387743,52696,171700,27763,8131,144,71469,225338,20889,266684,31162,77170,377700,4681,12033,15153,1323
44009,Washington,Rhode Island,34,129982,62459,67523,17767,19583,115619,1639,5114,2439,56,0,1676,17106,1784,69812,3582,102108,541500,585,541,1866,162
45003,Aiken,South Carolina,96,177130,85516,91614,27198,25090,115691,42519,12959,1409,392,84,5332,23406,3788,74632,10450,67480,223400,1976,5204,7522,193
45007,Anderson,South Carolina,68,213076,103362,109714,32024,32257,161712,25046,11346,2099,1171,55,3547,38892,3240,87221,13048,64645,250500,2138,7429,8887,0
45013,Beaufort,South Carolina,45,198979,97725,101254,28278,24621,139675,30848,24115,1872,430,0,10407,31494,1936,106212,8248,81111,466600,2055,5184,6802,356
45015,Berkeley,South Carolina,79,255217,126925,128292,43737,39730,161347,60678,23410,6129,1108,0,9455,33000,5450,110664,9290,83372,330400,5094,7645,8076,214
45019,Charleston,South Carolina,192,424367,206591,217776,59643,57241,283976,94263,29730,7115,559,211,12430,51626,6801,236818,18839,89083,510900,4785,11807,15709,702
45035,Dorchester,South Carolina,58,169833,82958,86875,28039,26723,104593,43650,12368,3815,265,156,4629,25450,2901,74711,7131,78137,327100,5414,6038,7471,8
45041,Florence,South Carolina,61,137214,62746,74468,21064,23122,67899,59514,4689,2351,459,55,2575,8722,3953,49688,9147,54014,173200,1882,5022,5867,137
45043,Georgetown,South Carolina,39,null,31114,34617,7816,8084,null,null,2381,null,null,null,null,0,872,30251,2864,71313,322200,NA,NA,NA,NA
45045,Greenville,South Carolina,242,558036,270927,287109,86766,85791,377249,90082,65038,13464,2942,1257,19085,107914,10948,268338,27392,76334,326100,9525,18858,25434,424
45047,Greenwood,South Carolina,25,69460,31334,38126,9743,12254,43921,21516,5130,839,0,5,1400,3558,754,27539,4018,56420,191300,NA,NA,NA,NA
45051,Horry,South Carolina,219,397478,192732,204746,49113,47023,305895,44798,29022,6495,2032,517,9542,56398,6306,187256,23747,68988,316800,3998,12385,19067,440
45055,Kershaw,South Carolina,21,69905,35143,34762,12280,9754,46540,17987,4289,140,251,0,2367,5240,2458,25730,3482,71375,222400,NA,NA,NA,NA
45057,Lancaster,South Carolina,65,108215,52929,55286,15619,14080,73597,20987,8278,3879,84,0,1763,15810,2716,47045,4124,73942,334300,NA,NA,NA,NA
45059,Laurens,South Carolina,30,68873,33133,35740,10204,10090,45649,15666,4757,207,415,0,2650,8572,1676,21421,4843,56394,172700,NA,NA,NA,NA
45063,Lexington,South Carolina,104,309528,150034,159494,46505,46792,222395,43871,25041,6661,717,33,8815,54072,6644,140075,15721,76447,243500,2701,6703,11348,306
45073,Oconee,South Carolina,30,81221,39949,41272,10628,10454,67911,4991,5093,709,75,144,4759,5264,2153,33383,6756,67124,255000,NA,NA,NA,NA
45075,Orangeburg,South Carolina,34,82820,38328,44492,13306,13711,27855,49491,2314,720,404,0,1079,6542,2039,27700,6903,51863,123400,1123,2645,3919,0
45077,Pickens,South Carolina,52,135495,67171,68324,25093,23951,113330,7392,7442,1482,604,0,3384,18606,1531,51401,9417,57110,240400,2628,5373,6017,192
45079,Richland,South Carolina,113,425138,202541,222597,79027,76026,171167,196894,27472,12183,1014,2107,10662,62222,13195,191117,28455,61079,246900,8699,12553,15269,98
45083,Spartanburg,South Carolina,156,356698,174492,182206,58185,56761,235925,67256,33883,9740,832,517,12810,59236,7459,137987,21191,63899,240600,4007,14361,17093,304
45085,Sumter,South Carolina,35,104165,50252,53913,18231,17040,47508,48179,4722,1823,258,169,616,11224,3390,37503,6123,55982,190400,1211,3417,4795,287
45091,York,South Carolina,118,298320,144081,154239,46021,48010,201707,53814,22699,9671,2567,0,6262,48598,5073,141605,13616,81356,383600,2302,7685,11721,394
46099,Minnehaha,South Dakota,23,206930,107726,99204,38058,31952,164655,14842,14166,4783,4596,0,5223,25662,2677,92146,9460,71326,297000,3307,5808,5308,161
46103,Pennington,South Dakota,22,115903,59205,56698,18903,16016,91049,1148,6883,1313,8541,0,1688,24328,1179,58150,6300,74893,313000,2485,3538,4927,0
47001,Anderson,Tennessee,71,80234,39524,40710,11417,11409,70609,4813,3438,316,540,0,634,6644,1457,33473,5444,57652,243700,NA,NA,NA,NA
47009,Blount,Tennessee,64,141456,68869,72587,19322,19196,126189,3724,6831,1394,95,34,1554,16932,1505,59565,4779,78504,348300,1392,3483,4970,158
47011,Bradley,Tennessee,37,111579,54713,56866,17869,16655,92163,5138,9628,1382,171,134,2735,19712,3467,43539,6896,61107,267000,1907,3768,3833,191
47037,Davidson,Tennessee,533,712334,344357,367977,106831,108150,393300,170602,97932,23091,7486,904,31422,171058,13087,359782,34372,80379,437700,14355,26502,36079,418
47059,Greene,Tennessee,47,72577,36862,35715,10425,8879,66007,2191,2913,330,122,0,1348,5158,995,25228,4330,54261,217300,NA,NA,NA,NA
47063,Hamblen,Tennessee,39,66216,31820,34396,8996,9613,52031,3087,10026,741,71,0,3627,13318,972,24309,6075,53210,238400,NA,NA,NA,NA
47065,Hamilton,Tennessee,174,379864,184811,195053,56968,54687,265430,64130,31048,8578,1557,56,16499,47228,8415,184296,20314,73611,333900,4329,10905,17332,600
47093,Knox,Tennessee,430,500669,247569,253100,85682,78427,397881,41824,31917,10793,663,403,12684,72842,9365,229081,29196,70265,359000,4519,16707,23158,590
47113,Madison,Tennessee,42,99193,47649,51544,15415,15623,53543,36109,5367,1121,255,0,2590,11150,2939,35566,7644,58702,225500,2514,4683,3113,233
47119,Maury,Tennessee,38,110760,54746,56014,17639,15563,87837,9964,9171,740,401,0,2065,19506,1963,44071,5381,72651,379200,NA,NA,NA,NA
47125,Montgomery,Tennessee,76,239872,121351,118521,47514,41573,150090,50219,27924,6529,716,248,3664,56812,5694,98392,16685,75361,305200,5051,8106,10365,149
47141,Putnam,Tennessee,32,83844,41409,42435,15532,13599,71532,2074,7211,1157,428,0,5026,7254,1428,31642,7640,56368,290100,1510,2738,4688,0
47147,Robertson,Tennessee,46,76776,37767,39009,12198,12057,62104,5942,7852,348,64,46,1570,13404,1232,27285,2981,83355,355800,NA,NA,NA,NA
47149,Rutherford,Tennessee,114,367101,179322,187779,66095,66900,235523,51847,45351,13710,541,1459,18563,90916,5900,150094,13096,81628,406700,3603,14200,15487,197
47155,Sevier,Tennessee,53,99415,48320,51095,14159,13416,85198,171,9583,1367,503,0,2493,19366,1730,39143,6029,59665,302400,3086,4471,7701,0
47157,Shelby,Tennessee,509,910042,430809,479233,155490,154067,302845,475978,80955,24358,3593,450,42442,120752,29899,378157,66238,62413,271000,17268,42123,43052,1768
47163,Sullivan,Tennessee,93,162135,80072,82063,22320,19641,152071,2407,4512,1654,135,0,203,11330,3717,71023,8974,56481,230500,988,4577,6653,209
47165,Sumner,Tennessee,68,207994,102656,105338,33416,29825,166725,17571,15551,3873,1059,134,6794,23676,2377,93685,7921,86081,411900,1015,4232,6863,182
47179,Washington,Tennessee,65,138420,68144,70276,20971,21399,120019,5161,6953,1744,86,134,1387,19778,2677,57419,12194,60729,260800,569,6240,7616,0
47187,Williamson,Tennessee,39,264460,130525,133935,45272,43179,216582,10740,15977,12838,543,0,3529,40456,2469,148128,5790,133990,777800,667,1663,6915,326
47189,Wilson,Tennessee,68,163674,80953,82721,24963,23820,131390,11960,11044,3288,973,0,5010,22106,1630,76714,4335,96171,475100,615,3802,3902,495
48005,Angelina,Texas,18,87319,42599,44720,15415,14101,53712,8932,20808,571,690,0,4795,37238,1379,28694,7724,56864,167400,NA,NA,NA,NA
48021,Bastrop,Texas,25,110778,55870,54908,19862,19497,57912,6060,50852,1090,1216,189,7691,73240,3060,36560,6583,76522,317000,4290,7212,8352,104
48027,Bell,Texas,69,393193,195082,198111,75741,71800,188202,91854,104756,11762,2487,2682,29925,132562,9077,159543,16645,69890,262300,6713,19406,20396,611
48029,Bexar,Texas,469,2087679,1036123,1051556,368828,352557,871141,168445,1248635,71839,32254,4357,245823,1387640,48622,843640,139353,69807,277000,53241,118152,126062,4767
48037,Bowie,Texas,18,91687,45729,45958,15083,13730,58625,21820,7999,1115,246,453,2578,13700,1684,32750,4740,53212,160700,NA,NA,NA,NA
48039,Brazoria,Texas,83,398938,201181,197757,69630,65055,182475,66060,127014,29731,2312,116,30005,176478,8454,173557,13883,93680,304700,7720,20003,19060,902
48041,Brazos,Texas,21,244703,123360,121343,59015,54756,151849,24457,67187,13945,1949,198,14071,76468,6442,88069,26413,53123,309300,3343,11592,12663,362
48061,Cameron,Texas,45,426710,210081,216629,84979,81109,136627,2228,380446,3106,3906,70,45606,470334,10755,126318,44419,52210,154200,16843,38842,42313,1369
48085,Collin,Texas,119,1195359,595752,599607,202041,190786,631685,133403,192389,232884,5729,275,47344,288078,22319,643443,35550,119155,513100,22145,38415,51440,3084
48091,Comal,Texas,21,193928,96356,97572,28055,28275,135293,5491,55885,3924,897,0,12693,71260,3223,105021,5369,99193,465900,2665,6137,9680,18
48113,Dallas,Texas,654,2606358,1292795,1313563,457467,442247,880012,580032,1077852,183930,19508,8419,390032,1088850,58744,1028485,160406,74350,319100,110773,190177,239094,9731
48121,Denton,Texas,103,1007703,499170,508533,163094,158420,560385,118587,206574,118979,6283,1047,50410,304024,21533,531908,25389,106695,460300,24156,34279,44554,1269
48135,Ector,Texas,36,164494,85840,78654,35297,30573,71799,7871,106164,2111,627,153,33570,96726,1584,42857,6995,66608,196500,NA,NA,NA,NA
48139,Ellis,Texas,27,222829,110020,112809,39503,37773,128922,32089,63312,1244,1328,2274,22020,69904,4363,84705,5338,89488,366500,9123,7324,14743,612
48141,El Paso,Texas,179,869880,433479,436401,163911,152303,254345,30424,720562,10044,13094,1393,167429,786302,17137,305246,67528,58971,191100,32557,71621,76474,3503
48157,Fort Bend,Texas,100,916778,451187,465591,162744,156139,296903,196923,226892,205231,6804,432,57852,305266,17316,449476,36018,105441,384100,22996,37590,42753,3517
48167,Galveston,Texas,89,361744,177420,184324,58257,56632,221088,43216,96707,11735,2238,0,17546,131842,8756,169811,18016,83514,315000,5772,19206,23316,593
48181,Grayson,Texas,28,146907,70753,76154,23482,24133,110845,5567,24567,1747,453,28,7600,41334,1966,56313,6173,69019,281700,5762,8176,10620,371
48183,Gregg,Texas,17,126243,61431,64812,22714,21717,72062,22699,25839,2022,950,0,4327,48366,2618,51007,9391,61569,197700,5209,6726,9925,339
48187,Guadalupe,Texas,16,188454,93828,94626,31798,28755,105567,10984,74376,3507,946,85,20477,93776,3022,78579,7246,95953,325000,2142,5187,8790,131
48201,Harris,Texas,1056,4835125,2400063,2435062,862116,833163,1633986,936371,2130515,362037,60265,5220,730264,2213964,149520,1887939,339792,72336,287100,189033,341649,424849,19485
48209,Hays,Texas,42,280486,140263,140223,52042,51319,173615,11770,111034,7789,2594,637,31113,105936,6385,132539,12171,87296,428400,4151,11691,11450,410
48213,Henderson,Texas,18,86158,41561,44597,12402,12550,65969,3951,13244,399,372,241,2994,24464,2048,33540,7251,59391,212500,1164,4888,6998,388
48215,Hidalgo,Texas,60,898471,443792,454679,190849,184601,246180,7355,826040,9491,3724,434,88067,1086440,21952,237711,108190,53661,151200,37303,86500,97961,3958
48221,Hood,Texas,16,67774,33053,34721,9997,8163,54992,478,9612,292,114,20,3373,17010,1157,31628,1638,80682,350100,NA,NA,NA,NA
48231,Hunt,Texas,22,113347,55601,57746,19821,19169,74940,10153,25121,1437,1593,0,11280,27888,3443,41436,6757,71045,259800,4806,7468,8030,212
48245,Jefferson,Texas,60,251496,130114,121382,44203,39295,98974,80636,61783,9381,2075,0,35787,49286,5700,84028,22174,59725,171000,8239,20318,20486,735
48251,Johnson,Texas,49,202906,101969,100937,36484,33180,139405,11927,52536,2619,1540,275,10420,73440,4082,71541,10462,83737,310900,5478,8680,15189,475
48257,Kaufman,Texas,23,185690,91679,94011,36306,33184,94364,38015,52087,4289,3519,0,11923,67160,5862,68830,8209,90793,347000,6998,8955,12057,0
48291,Liberty,Texas,31,108272,53277,54995,21356,21135,58414,7926,45251,853,3961,0,22619,28998,1807,27239,5464,77535,201200,NA,NA,NA,NA
48303,Lubbock,Texas,53,320940,158220,162720,64220,62516,205671,24789,117488,7070,2485,219,21188,119036,6413,119592,22695,57149,213900,7675,14346,16473,342
48309,McLennan,Texas,33,268583,131873,136710,51599,50147,153325,38571,72956,4523,1532,0,10616,120032,5122,103624,17420,63553,264100,4627,14099,14869,317
48329,Midland,Texas,28,177108,90038,87070,32881,32663,97993,14436,83343,4200,2029,0,24237,68426,2030,69074,7929,93269,314500,2722,5846,7977,62
48339,Montgomery,Texas,129,711354,353289,358065,123893,118253,470687,53285,201014,22971,6253,661,40731,233532,15177,315616,34042,91841,359800,23874,38139,51711,2547
48347,Nacogdoches,Texas,10,65375,32000,33375,12932,13874,41686,10704,14276,801,178,0,5490,13032,1738,20965,4752,51718,201500,1308,3719,4620,0
48355,Nueces,Texas,62,352289,175174,177115,60249,57174,154359,12855,221650,8199,3756,147,23489,298968,7480,132385,27270,64034,213500,8163,20868,24375,508
48361,Orange,Texas,36,85722,41344,44378,14799,14387,67308,7197,8595,1256,157,142,3255,12814,2506,29440,5738,65521,180500,NA,NA,NA,NA
48367,Parker,Texas,38,173494,86204,87290,28280,27306,140673,2605,26265,1081,519,375,5015,46452,2784,76358,7051,98174,383100,5636,7829,10629,0
48375,Potter,Texas,25,114647,57822,56825,21331,18162,61634,12139,45688,5364,984,590,10309,47254,2134,35027,9314,50743,144800,NA,NA,NA,NA
48381,Randall,Texas,23,148255,73108,75147,25415,25891,111953,5674,37527,3064,957,0,4984,43246,1880,66880,5180,80940,236900,3395,6645,7464,8
48397,Rockwall,Texas,21,131307,64969,66338,23846,22715,84630,13453,28213,4276,955,0,11334,33318,3239,62128,2346,112250,429700,3411,4112,5113,384
48423,Smith,Texas,23,245209,118479,126730,41950,40977,160010,38929,51822,3591,959,0,15249,52942,4068,105222,13816,72313,272700,7627,12657,17759,744
48439,Tarrant,Texas,493,2182947,1071661,1111286,382482,372767,1036813,392856,665936,132870,14334,5379,168224,864942,44926,919516,104325,80043,336000,60461,123783,149669,5016
48441,Taylor,Texas,30,146836,72412,74424,28835,27041,99367,9726,37358,3025,1164,2081,6362,50222,2230,53754,8079,61816,200300,1445,5715,9345,214
48451,Tom Green,Texas,22,119057,59260,59797,20139,19444,74727,3508,49084,1797,692,0,7139,62388,1939,47335,8707,57268,198500,2311,6038,9222,436
48453,Travis,Texas,355,1334961,683820,651141,195971,186821,727234,107645,432162,112639,11073,1378,98045,553894,32532,756996,68583,97543,569000,26578,57333,59622,1370
48469,Victoria,Texas,10,91664,45038,46626,15583,15911,46233,5944,44363,934,210,0,11365,53956,1793,31519,5414,72075,202400,NA,NA,NA,NA
48471,Walker,Texas,13,81268,47453,33815,15104,13661,49420,16831,17660,390,567,229,5155,17352,4215,29374,4538,55134,298600,NA,NA,NA,NA
48479,Webb,Texas,81,269148,133501,135647,57466,56198,50451,1381,255445,782,431,28,30730,370690,5548,77561,24889,60204,200800,17282,27672,31968,1511
48485,Wichita,Texas,27,130180,67872,62308,24709,20822,91782,15246,27223,3034,525,49,5482,28124,1704,49029,9951,61983,168100,3751,7157,7442,142
48491,Williamson,Texas,89,697191,349307,347884,113768,105672,402791,49279,173502,75173,2952,1027,45870,240198,12271,365584,20822,110415,464800,13027,25055,28811,1190
48497,Wise,Texas,12,78097,39285,38812,12762,12167,62247,1555,16789,805,73,0,6386,14062,2188,29035,3061,91920,318300,1091,2942,4990,0
49005,Cache,Utah,11,142393,70252,72141,32707,35050,117305,2023,16959,2015,726,947,6775,25204,1661,55965,7666,83695,468300,2817,4193,3267,132
49011,Davis,Utah,55,373207,189209,183998,76231,69406,309493,4670,44721,9340,1865,3611,6984,74488,4784,167523,9324,111778,538100,5424,6016,7685,785
49035,Salt Lake,Utah,311,1185813,600184,585629,210548,200957,828993,19809,245467,50601,13842,18365,119241,269924,23780,535585,54906,94439,556300,22032,41325,42709,474
49045,Tooele,Utah,15,82051,42555,39496,17795,15425,70558,982,13010,814,496,746,3402,10106,827,31189,3063,94201,459000,852,984,2439,38
49049,Utah,Utah,91,719174,365214,353960,175671,168449,584106,5178,105197,11999,3028,6688,34196,147958,13432,296982,32588,100895,570100,14177,16460,16951,592
49053,Washington,Utah,41,202452,101096,101356,35270,33207,168392,763,25036,2234,1848,1614,10553,34096,4043,93587,11793,77480,528100,4972,5009,9054,223
49057,Weber,Utah,81,271926,138129,133797,50164,47679,226282,3877,52724,4414,1405,1174,13483,42582,3899,117005,9936,87565,437200,4918,8040,11484,10
50007,Chittenden,Vermont,58,169481,82892,86589,26451,26458,144669,3834,4910,7625,451,95,2357,20900,2347,90628,5480,99578,436100,856,2479,1738,104
51003,Albemarle,Virginia,18,115676,55539,60137,17164,17623,86682,9890,8562,6399,130,0,2983,19184,1509,63942,3179,103413,492800,981,2008,2673,38
51013,Arlington,Virginia,31,234162,117510,116652,30994,30404,140311,21279,37388,25529,3010,22,13456,61110,5402,151905,6756,140219,850900,408,3952,3764,138
51015,Augusta,Virginia,10,78247,40263,37984,10330,9113,69557,3705,3283,265,0,74,1787,5718,1068,29268,3099,71346,293600,NA,NA,NA,NA
51019,Bedford (city),Virginia,38,81525,40139,41386,10535,10809,70928,4369,2408,903,117,0,268,9880,1611,36924,3382,73456,295100,NA,NA,NA,NA
51041,Chesterfield,Virginia,117,383876,185654,198222,63762,60206,218990,88190,46664,15184,1280,2262,20392,75156,10048,189736,11990,99658,367000,4349,8350,7651,983
51059,Fairfax,Virginia,156,1141878,569883,571995,180431,171407,551372,111809,201948,226115,5405,407,91424,310692,20504,638243,28105,141553,727200,11418,23632,32315,2509
51061,Fauquier,Virginia,10,75165,37491,37674,12513,10896,59247,3405,9948,1197,336,59,1591,18660,962,35175,1681,110358,562100,NA,NA,NA,NA
51069,Frederick,Virginia,20,95994,48941,47053,15591,13365,74088,3455,12584,1740,208,40,9735,13456,1845,40941,2692,92640,387800,NA,NA,NA,NA
51085,Hanover,Virginia,35,114148,56373,57775,17232,16574,92844,9517,4711,2696,203,90,3001,11594,951,55619,2226,112243,405000,845,831,2622,0
51087,Henrico,Virginia,124,334760,160708,174052,51579,46604,169741,98485,23375,31590,1305,56,14387,38392,6149,167334,14793,85817,362400,5585,7807,10664,1237
51095,James City,Virginia,10,82654,40619,42035,10794,9079,59980,11597,6121,1768,59,0,2873,12754,1045,48156,2844,110137,449300,84,1101,1372,0
51107,Loudoun,Virginia,38,436347,218730,217617,76507,72560,228098,32426,62022,95473,931,238,21855,114652,8853,235012,8922,174148,734700,2682,5049,11871,899
51121,Montgomery,Virginia,14,98666,51072,47594,23623,19655,81263,3336,4573,6446,269,360,1313,11358,2044,40142,11463,68079,303500,642,2186,981,87
51153,Prince William,Virginia,83,489640,246052,243588,88891,82970,201762,99238,128852,48398,2864,189,58707,156964,11302,218995,14027,131047,532600,7228,13932,19677,1406
51161,Roanoke,Virginia,38,97026,46782,50244,13163,12450,80190,5896,4130,3432,124,0,1322,12124,1864,46123,1997,80809,296800,NA,NA,NA,NA
51165,Rockingham,Virginia,12,86568,42133,44435,14068,13070,74177,2850,8301,645,216,142,2842,11392,1010,29216,4678,80935,312700,2966,2226,2996,59
51177,Spotsylvania,Virginia,41,149588,74004,75584,24767,24035,92543,25508,20920,4022,547,0,9054,35828,1831,64288,3908,112595,421800,540,2542,4355,130
51179,Stafford,Virginia,34,165428,84886,80542,32113,26171,89609,34195,28296,6285,62,0,16263,38028,2415,76104,2461,134619,492500,2697,2648,4706,154
51510,Alexandria (city),Virginia,20,155230,75744,79486,19429,18146,78635,33903,28092,9786,3049,62,5123,49344,3509,94349,3722,110294,737900,841,4942,6424,519
51550,Chesapeake (city),Virginia,70,253886,125164,128722,42345,38857,140413,72593,19988,9969,432,133,4903,50886,3829,118843,12413,92633,380100,2998,3326,5957,122
51650,Hampton (city),Virginia,42,137098,65837,71261,22598,21482,49605,67072,9916,3229,571,136,2167,28636,3891,58588,6044,70238,258400,1413,2914,4312,0
51680,Lynchburg (city),Virginia,18,79535,36912,42623,16632,18788,49945,20841,4076,1633,245,0,1936,9870,1013,28971,5444,61693,247100,83,2552,1829,46
51700,Newport News (city),Virginia,53,183118,87446,95672,31915,32080,71967,77345,20165,5157,1191,226,3933,46598,5038,74024,10699,64962,261800,4409,8300,6375,58
51710,Norfolk (city),Virginia,117,230930,116864,114066,42957,37582,99344,85061,23822,8029,1427,190,11024,51710,6101,95017,17719,62382,298600,4136,8586,6471,328
51740,Portsmouth (city),Virginia,88,96793,47136,49657,16528,14503,35276,48151,5639,1764,0,68,2056,18956,2672,38028,6980,57109,268300,1036,2508,1937,232
51760,Richmond (city),Virginia,214,229247,106539,122708,30798,35804,98766,94725,24397,4979,622,315,12449,34782,4958,111062,16805,65650,365100,3508,8102,7454,199
51770,Roanoke (city),Virginia,72,97171,45775,51396,14541,14062,55473,27031,8692,2741,194,0,4220,15024,1389,39307,7361,51038,215000,NA,NA,NA,NA
51800,Suffolk (city),Virginia,27,100659,48571,52088,14629,15930,45472,42183,5557,2400,283,0,2279,16084,2256,46718,5103,81154,352000,646,3389,3352,0
51810,Virginia Beach (city),Virginia,126,453649,222574,231075,70875,65421,275563,85144,41876,34057,1269,811,12166,89278,9377,224432,16575,91141,384200,3252,10194,10360,364
53005,Benton,Washington,61,215219,109337,105882,39031,34628,143929,3241,56774,6917,4269,310,18722,75662,5090,91991,12047,82304,427200,1167,5344,9154,179
53007,Chelan,Washington,24,79997,40577,39420,12406,11156,52635,449,23370,762,1371,167,11155,26916,2167,36235,3344,76722,526200,NA,NA,NA,NA
53009,Clallam,Washington,55,77616,37976,39640,8186,7910,63053,720,5441,1532,2889,114,1412,15792,1622,41466,3434,65990,431000,NA,NA,NA,NA
53011,Clark,Washington,161,521150,259448,261702,81168,76259,391277,10872,65605,25748,2617,5674,26490,116944,11467,252128,15872,97678,542200,6693,12666,19159,441
53015,Cowlitz,Washington,51,112864,55448,57416,17223,16752,93154,942,12193,1007,636,428,5389,22616,2743,47806,6504,70959,405400,1268,1806,4805,0
53021,Franklin,Washington,21,99034,50023,49011,19944,20554,46910,2152,55062,1921,328,0,19077,57292,2757,30669,5445,84366,392100,NA,NA,NA,NA
53025,Grant,Washington,36,102678,52728,49950,20789,18372,54075,2078,45362,830,1835,54,17072,53468,3413,33226,7149,75586,309500,NA,NA,NA,NA
53027,Grays Harbor,Washington,76,77290,39517,37773,10914,10299,60833,1392,8810,1051,4178,194,4283,10718,2038,31293,4852,67221,323200,NA,NA,NA,NA
53029,Island,Washington,24,86267,43812,42455,12069,9508,66156,1456,7674,4904,371,51,1423,23812,1253,47570,3159,90308,595100,379,1072,1311,222
53033,King,Washington,1251,2271380,1151024,1120356,314322,303784,1227102,151954,252961,474574,14564,17935,107332,555838,57061,1329008,90488,120824,848300,10428,42757,55418,2725
53035,Kitsap,Washington,91,277658,143053,134605,42339,34826,209141,5957,26670,14806,2652,2326,5927,73698,7144,148992,10254,99609,564600,1242,5860,5921,62
53041,Lewis,Washington,46,86154,42926,43228,12243,11698,71091,1061,10105,990,1266,151,2959,17272,2520,37044,5393,67169,395200,NA,NA,NA,NA
53045,Mason,Washington,38,68389,33966,34423,8689,9049,51968,399,9004,1306,4006,72,4269,12738,2490,31181,3904,74508,432400,NA,NA,NA,NA
53053,Pierce,Washington,458,928696,465869,462827,151103,139813,585806,67241,121520,63602,7462,15005,37275,304610,21770,415933,35244,98174,538000,6577,19161,25246,1346
53057,Skagit,Washington,54,131417,66194,65223,19041,17042,94568,1174,25825,2732,2226,430,16545,27484,2802,65627,5714,91234,558300,927,3057,4945,166
53061,Snohomish,Washington,314,844761,426834,417927,127121,118063,538205,33471,104129,123367,9692,5080,44619,180654,16526,426826,33643,106269,697700,6146,16371,27024,868
53063,Spokane,Washington,233,551455,276158,275297,87181,80052,451726,12080,40282,12938,6616,4206,15531,96716,11413,264931,28428,73583,421400,2288,11347,13062,368
53067,Thurston,Washington,120,299003,147209,151794,43542,39193,213717,11202,32779,18889,3833,3419,10815,74256,6042,156426,12911,93170,493100,1923,4219,5430,231
53073,Whatcom,Washington,117,231919,114210,117709,35957,35935,180047,2309,25096,9820,4214,748,13544,42474,5127,118436,13686,74884,611200,1391,4181,4402,385
53077,Yakima,Washington,108,256643,128958,127685,49889,47647,116505,1510,136003,3006,9691,318,55639,139948,5601,71385,17601,69525,318900,3419,9415,19048,667
54003,Berkeley,West Virginia,65,132440,66069,66371,21013,19473,105445,11727,8844,1423,19,0,4422,18808,3766,47723,8192,79625,271600,2052,1866,4038,0
54011,Cabell,West Virginia,134,92082,44758,47324,15867,15128,82210,3812,1663,973,36,66,634,8702,2014,38332,8756,56415,175100,197,2320,2862,0
54033,Harrison,West Virginia,53,64639,31739,32900,9196,8772,59742,1212,1517,550,13,0,676,4892,830,23627,3749,58646,174900,NA,NA,NA,NA
54039,Kanawha,West Virginia,192,174805,86391,88414,26124,22080,152070,7664,2864,2019,52,0,847,24306,4447,70340,12383,56469,138000,368,3244,4481,60
54061,Monongalia,West Virginia,42,107718,55900,51818,22243,19475,94085,3691,3464,4125,247,0,749,9642,2706,44891,9800,61009,261500,331,2543,2594,105
54081,Raleigh,West Virginia,99,null,35675,36681,10285,10570,null,null,1311,null,null,null,null,0,707,23301,4977,55189,158800,NA,NA,NA,NA
54107,Wood,West Virginia,48,83052,40832,42220,11758,11568,77614,521,1260,171,104,0,388,8508,2054,32580,4253,54750,163700,991,2399,3733,151
55009,Brown,Wisconsin,76,271417,134728,136689,43611,44150,216227,7099,28431,9154,5928,0,11437,43144,3094,119256,12285,77146,273900,1291,5811,5201,638
55017,Chippewa,Wisconsin,16,66970,34538,32432,9314,9271,61807,509,1355,1328,607,0,175,5088,972,29592,2382,77617,260900,NA,NA,NA,NA
55025,Dane,Wisconsin,150,575347,289901,285446,99681,91123,442154,31726,45096,36298,2122,34,16421,93184,7729,299925,27787,82838,393500,4491,7299,8974,351
55027,Dodge,Wisconsin,16,88231,46802,41429,12834,10963,78438,2300,6053,121,679,0,1547,10292,1441,33437,3150,72736,242200,612,970,2080,25
55035,Eau Claire,Wisconsin,19,107903,53363,54540,19214,18989,95202,922,3473,4445,410,190,1339,10790,1727,47514,5221,72563,269000,827,3053,1728,82
55039,Fond du Lac,Wisconsin,32,103948,52093,51855,15931,15466,90563,2535,7234,2258,240,0,2156,12392,1377,42412,3547,71285,232900,NA,NA,NA,NA
55055,Jefferson,Wisconsin,18,85743,43103,42640,13222,12144,76103,735,7293,1019,183,297,1930,10952,1706,37195,4266,82864,283700,761,894,1647,0
55059,Kenosha,Wisconsin,57,167488,82619,84869,25868,25749,122789,9383,25834,2608,165,0,9916,45254,2895,74426,8568,74886,265500,1073,2988,3689,310
55063,La Crosse,Wisconsin,44,120486,59247,61239,20335,21505,106811,2571,3393,5379,150,0,1433,8284,2503,0,6594,70010,272200,600,1538,1754,0
55071,Manitowoc,Wisconsin,22,81331,40187,41144,10377,11055,71747,891,4642,1757,165,0,1202,11138,735,31647,2957,68297,199800,520,1297,1130,224
55073,Marathon,Wisconsin,16,138612,69260,69352,20562,20294,119737,580,5037,8446,122,118,2683,13852,1521,59266,5422,74141,215700,1880,2415,3445,76
55079,Milwaukee,Wisconsin,640,916205,444931,471274,153001,148692,457981,232817,157690,46304,7230,336,49056,244962,18895,387103,69607,63185,232500,6447,26258,27906,891
55087,Outagamie,Wisconsin,32,193234,96705,96529,30433,29034,165289,4161,10440,7108,1447,0,3368,23722,1927,85980,4751,85784,276500,1435,2534,3591,94
55089,Ozaukee,Wisconsin,19,93460,46322,47138,14856,13133,84067,1637,3599,2456,163,0,648,8978,1680,51991,1909,96961,403300,691,906,681,70
55097,Portage,Wisconsin,10,71024,35964,35060,12695,11592,63343,272,3040,2362,8,0,1234,7610,1041,29682,2608,69391,258900,242,1998,1340,0
55101,Racine,Wisconsin,76,196613,97779,98834,30757,29527,141651,18010,30332,2206,1119,132,7739,51512,3675,81547,8364,73978,253200,1865,4021,4637,59
55105,Rock,Wisconsin,61,164278,82506,81772,26092,23126,132296,6232,16901,2429,2213,75,5982,30102,4472,68013,10091,73440,247500,1666,2569,2578,407
55109,St. Croix,Wisconsin,13,96763,48126,48637,15336,14495,89151,513,2999,582,129,33,1361,9988,699,47539,3150,102475,375000,579,1781,1878,44
55111,Sauk,Wisconsin,11,65920,32916,33004,9745,9391,56402,738,4559,406,173,0,2817,10768,752,28596,2709,80070,271300,579,941,1295,12
55117,Sheboygan,Wisconsin,18,117752,59557,58195,17555,16180,95969,2870,9259,6882,115,299,2410,18414,846,50749,5701,72902,239700,465,2501,2618,188
55127,Walworth,Wisconsin,16,105822,53586,52236,17056,16475,90512,870,12823,982,478,177,4285,17036,2259,47106,5885,75229,315100,428,2738,2569,59
55131,Washington,Wisconsin,29,138168,68240,69928,18499,19707,126202,2809,5322,2776,67,0,1574,9480,848,68485,3569,93287,356800,390,611,1285,0
55133,Waukesha,Wisconsin,71,412591,204375,208216,59376,56923,358114,7304,24333,15914,902,28,6387,47884,4564,227010,8784,98630,390500,1459,2623,3881,221
55139,Winnebago,Wisconsin,42,171735,87387,84348,27516,26418,149919,3851,8906,5735,993,206,1379,19304,2177,76254,7885,69957,222400,1738,2911,2873,92
55141,Wood,Wisconsin,12,73939,36887,37052,11163,10114,67462,257,2904,757,389,0,853,8442,1348,29917,3280,66461,174500,994,967,867,0
56021,Laramie,Wyoming,34,100984,50943,50041,15828,15337,80122,1596,16074,1552,2474,81,4350,21618,2695,48982,5429,75112,357300,2069,2542,4114,35
56025,Natrona,Wyoming,16,79941,40817,39124,12742,11960,70376,1098,7681,72,656,0,1822,11834,1330,35782,3761,73203,267300,NA,NA,NA,NA
