FILEDATE,serialno,sporder,st,PUMA,OFFPoor,wt,Age,Mar,Sex,Education,Race,Hispanic,AGI,Tax_unit,HI_premium,Moop_other,SPM_ID,SPM_Poor,SPM_PovThreshold,SPM_EquivScale,SPM_GeoAdj,SPM_NumPer,SPM_NumKids,SPM_NumAdults,SPM_TenMortStatus,SPM_Resources,SPM_Totval,SPM_SNAPSub,SPM_CapHouseSub,SPM_SchLunch,SPM_EngVal,SPM_WICval,SPM_FedTax,SPM_FedTaxBC,SPM_EITC,SPM_FICA,SPM_StTax,SPM_CapWkCCXpns,SPM_WkXpns,SPM_ChildcareXpns,SPM_Premium,SPM_MedXpns,Medicare_PartB,SPM_wCohabit,SPM_wUI_LT15
20241203,1,1,6,603772,TRUE,163,29,Married,2,1,4,1,28000,10000000,0,0,1001,1,51972,1.1139,1.2639,5,3,2,1,38756,28000,1912,0,1644,0,0,-11255,30,7430,2142,-91,2004,2004,0,0,0,0,0,0
20241203,1,2,6,603772,TRUE,155,33,Married,1,2,4,1,28000,10000000,0,0,1001,1,51972,1.1139,1.2639,5,3,2,1,38756,28000,1912,0,1644,0,0,-11255,30,7430,2142,-91,2004,2004,0,0,0,0,0,0
20241203,1,3,6,603772,TRUE,136,12,Never married,1,0,4,1,28000,10000000,0,0,1001,1,51972,1.1139,1.2639,5,3,2,1,38756,28000,1912,0,1644,0,0,-11255,30,7430,2142,-91,2004,2004,0,0,0,0,0,0
20241203,1,4,6,603772,TRUE,157,5,Never married,2,0,4,1,28000,10000000,0,0,1001,1,51972,1.1139,1.2639,5,3,2,1,38756,28000,1912,0,1644,0,0,-11255,30,7430,2142,-91,2004,2004,0,0,0,0,0,0
20241203,1,5,6,603772,TRUE,232,1,Never married,2,0,4,1,28000,10000000,0,0,1001,1,51972,1.1139,1.2639,5,3,2,1,38756,28000,1912,0,1644,0,0,-11255,30,7430,2142,-91,2004,2004,0,0,0,0,0,0
20241203,3,1,6,607103,FALSE,55,49,Never married,2,2,4,1,27000,30000000,0,328,3001,0,33363,1,1.0808,3,0,3,2,65225,83000,0,0,0,0,0,4996,4996,0,5738,826,5211,5211,0,0,1004,0,0,0
20241203,3,2,6,607103,FALSE,57,28,Never married,1,3,4,1,46000,30000012,0,113,3001,0,33363,1,1.0808,3,0,3,2,65225,83000,0,0,0,0,0,4996,4996,0,5738,826,5211,5211,0,0,1004,0,0,0
20241203,3,3,6,607103,FALSE,50,22,Never married,2,0,4,1,5000,30000013,0,563,3001,0,33363,1,1.0808,3,0,3,2,65225,83000,0,0,0,0,0,4996,4996,0,5738,826,5211,5211,0,0,1004,0,0,0
20241203,4,1,49,4957001,FALSE,63,30,Married,2,4,1,0,89900,40000000,506,135,4001,0,36787,1,0.9965,4,2,2,1,51104,89900,0,0,0,0,0,2940,7024,0,6878,3018,25421,3474,21947.26954,300,540,0,0,0
20241203,4,2,49,4957001,FALSE,65,31,Married,1,4,1,0,89900,40000000,94,104,4001,0,36787,1,0.9965,4,2,2,1,51104,89900,0,0,0,0,0,2940,7024,0,6878,3018,25421,3474,21947.26954,300,540,0,0,0
20241203,4,3,49,4957001,FALSE,73,4,Never married,2,0,1,0,89900,40000000,0,0,4001,0,36787,1,0.9965,4,2,2,1,51104,89900,0,0,0,0,0,2940,7024,0,6878,3018,25421,3474,21947.26954,300,540,0,0,0
20241203,4,4,49,4957001,FALSE,68,0,Never married,1,0,1,0,89900,40000000,0,0,4001,0,36787,1,0.9965,4,2,2,1,51104,89900,0,0,0,0,0,2940,7024,0,6878,3018,25421,3474,21947.26954,300,540,0,0,0
20241203,5,1,6,606716,TRUE,66,52,Married,2,2,1,0,3900,50000000,0,31,5001,1,51835,1.2231,1.1307,4,0,4,3,12668,11680,1519,0,0,0,0,0,0,0,0,0,0,0,0,0,531,0,0,0
20241203,5,2,6,606716,TRUE,63,57,Married,1,2,1,0,3900,50000000,0,0,5001,1,51835,1.2231,1.1307,4,0,4,3,12668,11680,1519,0,0,0,0,0,0,0,0,0,0,0,0,0,531,0,0,0
20241203,5,3,6,606716,TRUE,59,31,Never married,2,1,1,0,0,50000013,0,300,5001,1,51835,1.2231,1.1307,4,0,4,3,12668,11680,1519,0,0,0,0,0,0,0,0,0,0,0,0,0,531,0,0,0
20241203,5,4,6,606716,TRUE,72,21,Never married,1,0,1,0,0,50000014,0,200,5001,1,51835,1.2231,1.1307,4,0,4,3,12668,11680,1519,0,0,0,0,0,0,0,0,0,0,0,0,0,531,0,0,0
20241203,6,1,13,1301503,FALSE,140,26,Never married,2,4,1,0,73000,60000000,384,2109,6001,0,26046,0.6535,1.0633,2,0,2,3,114024,163000,0,0,0,0,0,20381,20381,0,12470,8096,3474,3474,0,2221,4554,0,1,0
20241203,6,2,13,1301503,FALSE,115,28,Never married,1,4,1,0,90000,60000012,1837,225,6001,0,26046,0.6535,1.0633,2,0,2,3,114024,163000,0,0,0,0,0,20381,20381,0,12470,8096,3474,3474,0,2221,4554,0,1,0
20241203,7,1,10,1000101,TRUE,305,55,Divorced,2,4,1,0,12000,70000000,3655,3377,7001,1,17756,0.4635,1.0222,1,0,1,3,2765,12000,0,0,0,0,0,-432,0,432,918,-19,1737,1737,0,3655,7031,0,0,0
20241203,8,1,28,2802001,FALSE,130,62,Married,2,3,4,0,235870,80000000,250,732,8001,0,21271,0.6535,0.8684,2,0,2,3,171665,238300,0,0,0,0,0,36761,36761,0,14424,9963,3474,3474,0,969,2013,0,0,0
20241203,8,2,28,2802001,FALSE,251,59,Married,1,1,1,0,235870,80000000,1688,312,8001,0,21271,0.6535,0.8684,2,0,2,3,171665,238300,0,0,0,0,0,36761,36761,0,14424,9963,3474,3474,0,969,2013,0,0,0
20241203,9,1,6,606502,FALSE,17,81,Widowed,2,4,1,0,700,90000000,0,1,9001,1,15462,0.4635,1.0808,1,0,1,2,14221,16200,0,0,0,0,0,0,0,0,0,0,0,0,0,0,1979,1979,0,0
20241203,10,1,26,2602701,FALSE,123,44,Married,1,4,1,0,190000,100000000,378,1000,10001,0,39046,1,1.0577,4,2,2,1,133253,190670,0,0,0,0,0,22321,26321,0,11289,6820,1737,1737,0,339,15249,0,0,0
20241203,10,2,26,2602701,FALSE,150,45,Married,2,4,1,0,190000,100000000,300,2655,10001,0,39046,1,1.0577,4,2,2,1,133253,190670,0,0,0,0,0,22321,26321,0,11289,6820,1737,1737,0,339,15249,0,0,0
20241203,10,3,26,2602701,FALSE,168,15,Never married,1,0,1,0,190000,100000000,0,11255,10001,0,39046,1,1.0577,4,2,2,1,133253,190670,0,0,0,0,0,22321,26321,0,11289,6820,1737,1737,0,339,15249,0,0,0
20241203,10,4,26,2602701,FALSE,131,12,Never married,1,0,1,0,190000,100000000,0,0,10001,0,39046,1,1.0577,4,2,2,1,133253,190670,0,0,0,0,0,22321,26321,0,11289,6820,1737,1737,0,339,15249,0,0,0
20241203,11,1,36,3602803,FALSE,52,76,Never married,2,3,4,0,16475,110000000,1,1458,11001,0,19151,0.4635,1.1194,1,0,1,1,37386,40900,0,0,0,0,0,78,78,0,0,0,0,0,0,0,3437,1979,0,0
20241203,12,1,6,608301,FALSE,72,70,Divorced,2,4,4,1,51750,120000000,288,771,12001,0,21438,0.4635,1.253,1,0,1,1,51155,61500,0,0,0,0,0,4106,4106,0,2984,459,1737,1737,0,288,1059,0,0,0
20241203,13,1,39,3900900,FALSE,114,58,Married,2,4,1,0,55000,130000000,2400,2364,13001,0,27101,1,0.8779,3,0,3,2,41477,58800,0,0,0,0,0,2336,2836,0,4498,987,3073,3073,0,2340,6429,0,0,0
20241203,13,2,39,3900900,FALSE,114,52,Married,1,4,4,0,55000,130000000,250,600,13001,0,27101,1,0.8779,3,0,3,2,41477,58800,0,0,0,0,0,2336,2836,0,4498,987,3073,3073,0,2340,6429,0,0,0
20241203,13,3,39,3900900,FALSE,77,18,Never married,1,0,4,0,55000,130000000,1015,1126,13001,0,27101,1,0.8779,3,0,3,2,41477,58800,0,0,0,0,0,2336,2836,0,4498,987,3073,3073,0,2340,6429,0,0,0
20241203,14,1,45,4501600,FALSE,60,60,Married,1,3,4,0,5250,140000000,1,225,14001,0,20281,0.6535,0.8407,2,0,2,1,57243,58800,0,0,0,0,0,0,0,0,0,0,0,0,0,150,1557,0,0,0
20241203,14,2,45,4501600,FALSE,40,65,Married,2,3,1,0,5250,140000000,300,1182,14001,0,20281,0.6535,0.8407,2,0,2,1,57243,58800,0,0,0,0,0,0,0,0,0,0,0,0,0,150,1557,0,0,0
20241203,15,1,6,605301,FALSE,49,84,Widowed,2,4,1,0,15000,150000000,625,500,15001,1,16424,0.4635,1.1479,1,0,1,2,15475,16600,0,0,0,0,0,0,0,0,0,0,0,0,0,625,1125,0,0,0
20241203,16,1,37,3702500,FALSE,255,45,Married,1,4,1,0,155000,160000000,133,250,16001,0,30377,0.8802,0.9349,3,1,2,1,107790,155000,0,0,0,0,0,16608,18621,0,11858,6151,6851,3474,3376.503006,2566,5742,0,0,0
20241203,16,2,37,3702500,FALSE,209,45,Married,2,4,1,0,155000,160000000,4998,2926,16001,0,30377,0.8802,0.9349,3,1,2,1,107790,155000,0,0,0,0,0,16608,18621,0,11858,6151,6851,3474,3376.503006,2566,5742,0,0,0
20241203,16,3,37,3702500,FALSE,290,8,Never married,2,0,1,0,155000,160000000,0,0,16001,0,30377,0.8802,0.9349,3,1,2,1,107790,155000,0,0,0,0,0,16608,18621,0,11858,6151,6851,3474,3376.503006,2566,5742,0,0,0
20241203,17,1,28,2800600,FALSE,8,63,Married,2,3,1,0,38000,170000000,1,359,17001,0,23406,0.8802,0.8614,3,1,2,2,35613,41100,0,0,822,0,0,-3536,880,2416,3144,0,3474,3474,0,469,3227,0,0,0
20241203,17,2,28,2800600,FALSE,10,66,Married,1,4,1,0,38000,170000000,937,160,17001,0,23406,0.8802,0.8614,3,1,2,2,35613,41100,0,0,822,0,0,-3536,880,2416,3144,0,3474,3474,0,469,3227,1979,0,0
20241203,17,3,28,2800600,FALSE,14,16,Never married,1,0,1,0,38000,170000000,0,260,17001,0,23406,0.8802,0.8614,3,1,2,2,35613,41100,0,0,750,0,0,-3536,880,2416,3144,0,3474,3474,0,469,3227,0,0,0
20241203,18,1,4,401903,FALSE,80,28,Married,1,3,4,1,84000,180000000,1,338,18001,0,35432,0.8802,1.074,3,1,2,3,69668,84000,0,0,0,0,0,4316,6316,0,6426,1308,1737,1737,0,0,546,0,0,0
20241203,18,2,4,401903,FALSE,66,31,Married,2,2,4,1,84000,180000000,1,208,18001,0,35432,0.8802,1.074,3,1,2,3,69668,84000,0,0,0,0,0,4316,6316,0,6426,1308,1737,1737,0,0,546,0,0,0
20241203,18,3,4,401903,FALSE,78,5,Never married,2,0,4,1,84000,180000000,0,0,18001,0,35432,0.8802,1.074,3,1,2,3,69668,84000,0,0,0,0,0,4316,6316,0,6426,1308,1737,1737,0,0,546,0,0,0
20241203,19,1,6,605914,FALSE,52,52,Married,1,3,4,1,87000,190000000,1351,104,19001,0,58191,1.2231,1.2693,4,0,4,3,64644,88000,0,0,0,0,0,6176,6676,0,6656,1121,3474,3474,0,2258,5929,0,0,0
20241203,19,2,6,605914,FALSE,45,50,Married,2,2,4,1,87000,190000000,1,130,19001,0,58191,1.2231,1.2693,4,0,4,3,64644,88000,0,0,0,0,0,6176,6676,0,6656,1121,3474,3474,0,2258,5929,0,0,0
20241203,19,3,6,605914,FALSE,59,27,Never married,1,2,1,1,87000,190000000,1000,2291,19001,0,58191,1.2231,1.2693,4,0,4,3,64644,88000,0,0,0,0,0,6176,6676,0,6656,1121,3474,3474,0,2258,5929,0,0,0
20241203,19,4,6,605914,FALSE,76,20,Never married,2,0,1,1,87000,190000000,583,1145,19001,0,58191,1.2231,1.2693,4,0,4,3,64644,88000,0,0,0,0,0,6176,6676,0,6656,1121,3474,3474,0,2258,5929,0,0,0
20241203,20,1,17,1717900,FALSE,66,64,Never married,2,4,1,0,47500,200000000,2701,1548,20001,0,14941,0.4635,0.8733,1,0,1,1,33731,47500,0,0,0,0,0,3818,3818,0,2035,2164,1503,1503,0,2701,4249,0,0,0
20241203,21,1,18,1802700,FALSE,6,68,Divorced,2,2,1,0,76800,210000000,2124,1,21001,0,14324,0.4635,0.8373,1,0,1,1,60749,81000,0,0,0,0,0,8750,8750,0,4055,1607,1737,1737,0,2124,4103,1979,0,0
20241203,22,1,48,4801000,FALSE,53,73,Married,1,3,2,0,16800,220000000,0,28,22001,0,14932,0.4635,0.8596,1,0,1,3,26583,28700,0,0,0,0,0,110,110,0,0,0,0,0,0,0,2007,1979,0,0
20241203,23,1,34,3401501,FALSE,70,61,Married,1,4,1,0,599000,230000000,6976,225,23001,0,42025,1.2231,1.1131,4,0,4,2,393295,613000,0,0,0,0,0,155848,143759,279,15637,36582,5211,5211,0,5751,6426,0,0,0
20241203,23,2,34,3401501,FALSE,66,57,Married,2,4,1,0,599000,230000000,1145,150,23001,0,42025,1.2231,1.1131,4,0,4,2,393295,613000,0,0,0,0,0,155848,143759,279,15637,36582,5211,5211,0,5751,6426,0,0,0
20241203,23,3,34,3401501,FALSE,71,25,Never married,1,4,1,0,14000,230000013,600,200,23001,0,42025,1.2231,1.1131,4,0,4,2,393295,613000,0,0,0,0,0,155848,143759,279,15637,36582,5211,5211,0,5751,6426,0,0,0
20241203,23,4,34,3401501,FALSE,104,22,Never married,2,0,1,0,0,230000014,1090,100,23001,0,42025,1.2231,1.1131,4,0,4,2,393295,613000,0,0,0,0,0,155848,143759,279,15637,36582,5211,5211,0,5751,6426,0,0,0
20241203,24,1,22,2200200,FALSE,39,25,Married,2,4,4,1,74000,240000000,600,1375,24001,0,21423,0.6535,0.8746,2,0,2,3,54792,74000,0,0,0,0,0,5116,5116,0,5661,1998,3474,3474,0,1500,2959,0,0,0
20241203,24,2,22,2200200,FALSE,72,23,Married,1,0,1,0,74000,240000000,2400,84,24001,0,21423,0.6535,0.8746,2,0,2,3,54792,74000,0,0,0,0,0,5116,5116,0,5661,1998,3474,3474,0,1500,2959,0,0,0
20241203,25,1,17,1714300,FALSE,82,78,Married,1,4,1,0,155355,250000000,0,450,25001,0,18270,0.6535,0.9057,2,0,2,2,136825,162300,0,0,0,0,0,18039,18039,0,0,2878,0,0,0,0,4558,1979,0,0
20241203,25,2,17,1714300,FALSE,119,75,Married,2,3,1,0,155355,250000000,0,150,25001,0,18270,0.6535,0.9057,2,0,2,2,136825,162300,0,0,0,0,0,18039,18039,0,0,2878,0,0,0,0,4558,1979,0,0
20241203,26,1,37,3703400,FALSE,69,43,Married,2,4,1,0,88900,260000000,0,400,26001,0,32492,0.8802,1,3,1,2,1,78611,91600,0,0,0,0,0,4844,6904,0,1805,2203,3737,2806,9611.551832,0,400,0,0,0
20241203,26,2,37,3703400,FALSE,103,45,Married,1,3,1,0,88900,260000000,0,0,26001,0,32492,0.8802,1,3,1,2,1,78611,91600,0,0,0,0,0,4844,6904,0,1805,2203,3737,2806,9611.551832,0,400,0,0,0
20241203,26,3,37,3703400,FALSE,57,3,Never married,1,0,1,0,88900,260000000,0,0,26001,0,32492,0.8802,1,3,1,2,1,78611,91600,0,0,0,0,0,4844,6904,0,1805,2203,3737,2806,9611.551832,0,400,0,0,0
20241203,27,1,53,5325308,FALSE,49,85,Widowed,2,2,1,0,19300,270000000,0,113,27001,0,21219,0.4635,1.2215,1,0,1,3,34749,37200,0,0,0,0,0,360,360,0,0,0,0,0,0,0,2091,1979,0,0
20241203,28,1,44,4400106,FALSE,59,77,Married,1,1,1,0,61720,280000000,0,1458,28001,0,20336,0.6535,1.0081,2,0,2,2,46944,62200,0,0,0,0,0,3282,3282,0,3825,771,1737,1737,0,0,5640,1979,0,0
20241203,28,2,44,4400106,FALSE,52,75,Married,2,1,1,0,61720,280000000,0,225,28001,0,20336,0.6535,1.0081,2,0,2,2,46944,62200,0,0,0,0,0,3282,3282,0,3825,771,1737,1737,0,0,5640,1979,0,0
20241203,29,1,6,608505,FALSE,204,53,Married,2,2,4,1,81000,290000000,1463,104,29001,0,76557,1.3282,1.5378,5,1,4,3,90879,116000,0,0,822,0,0,3971,6471,0,8875,354,6948,6948,0,3707,5794,0,0,0
20241203,29,2,6,608505,FALSE,166,50,Married,1,1,4,1,81000,290000000,323,677,29001,0,76557,1.3282,1.5378,5,1,4,3,90879,116000,0,0,822,0,0,3971,6471,0,8875,354,6948,6948,0,3707,5794,0,0,0
20241203,29,3,6,608505,FALSE,173,23,Never married,1,0,4,1,19000,290000013,1,469,29001,0,76557,1.3282,1.5378,5,1,4,3,90879,116000,0,0,822,0,0,3971,6471,0,8875,354,6948,6948,0,3707,5794,0,0,0
20241203,29,4,6,608505,FALSE,184,20,Never married,2,0,4,1,81000,290000000,2814,109,29001,0,76557,1.3282,1.5378,5,1,4,3,90879,116000,0,0,822,0,0,3971,6471,0,8875,354,6948,6948,0,3707,5794,0,0,0
20241203,29,5,6,608505,FALSE,204,16,Never married,2,0,4,1,81000,290000000,0,729,29001,0,76557,1.3282,1.5378,5,1,4,3,90879,116000,0,0,822,0,0,3971,6471,0,8875,354,6948,6948,0,3707,5794,0,0,0
20241203,31,1,42,4200200,FALSE,63,81,Widowed,2,3,1,0,1000,310000000,260,6300,31001,0,14332,0.4635,0.825,1,0,1,3,18061,26600,0,0,0,0,0,0,0,0,0,0,0,0,0,260,8539,1979,0,0
20241203,33,1,54,5400400,FALSE,215,69,Married,2,2,1,0,39905,330000000,675,110,33001,0,22469,0.6535,0.9314,2,0,2,1,70679,74900,0,0,0,0,0,1071,1071,0,0,668,0,0,0,338,2483,1979,0,0
20241203,33,2,54,5400400,FALSE,223,61,Married,1,2,4,0,39905,330000000,1,56,33001,0,22469,0.6535,0.9314,2,0,2,1,70679,74900,0,0,0,0,0,1071,1071,0,0,668,0,0,0,338,2483,0,0,0
20241203,34,1,24,2401205,FALSE,90,31,Married,1,1,4,1,43476,340000000,0,300,34001,0,50190,1.2231,1.0948,4,0,4,3,110416,145400,0,0,0,0,0,11136,11136,0,11484,5577,4510,4510,0,0,2277,0,0,0
20241203,34,2,24,2401205,FALSE,61,30,Married,2,1,4,1,43476,340000000,0,675,34001,0,50190,1.2231,1.0948,4,0,4,3,110416,145400,0,0,0,0,0,11136,11136,0,11484,5577,4510,4510,0,0,2277,0,0,0
20241203,34,3,24,2401205,FALSE,50,36,Married,2,1,4,1,70000,340000013,0,1093,34001,0,50190,1.2231,1.0948,4,0,4,3,110416,145400,0,0,0,0,0,11136,11136,0,11484,5577,4510,4510,0,0,2277,0,0,0
20241203,34,4,24,2401205,FALSE,89,32,Never married,1,3,4,1,31500,340000014,0,208,34001,0,50190,1.2231,1.0948,4,0,4,3,110416,145400,0,0,0,0,0,11136,11136,0,11484,5577,4510,4510,0,0,2277,0,0,0
20241203,35,1,12,1206903,FALSE,57,87,Widowed,1,4,1,0,82575,350000000,0,400,35001,0,15347,0.4635,1.0727,1,0,1,2,73101,85500,0,0,0,0,0,10020,10020,0,0,0,0,0,0,0,2379,1979,0,0
20241203,37,1,29,2901802,FALSE,92,73,Married,1,2,1,1,14300,370000000,225,506,37001,0,19085,0.6535,0.9461,2,0,2,2,36491,43500,0,0,0,0,0,0,0,0,765,0,1203,1203,0,442,5041,1979,0,0
20241203,37,2,29,2901802,FALSE,92,67,Married,2,2,1,1,14300,370000000,658,135,37001,0,19085,0.6535,0.9461,2,0,2,2,36491,43500,0,0,0,0,0,0,0,0,765,0,1203,1203,0,442,5041,1979,0,0
20241203,38,1,26,2603006,FALSE,168,66,Widowed,2,2,1,0,2600,380000000,0,1700,38001,0,16366,0.4635,0.9566,1,0,1,1,22421,26100,0,0,0,0,0,0,0,0,0,0,0,0,0,0,3679,1979,0,0
20241203,39,1,17,1704305,TRUE,97,20,Never married,2,0,4,1,12000,390000000,0,50,39001,1,25308,0.6535,1.0332,2,0,2,3,21190,27000,0,0,0,0,0,9,9,0,3037,1044,1670,1670,0,0,50,0,1,0
20241203,39,2,17,1704305,TRUE,88,22,Never married,2,0,1,0,13940,390000012,0,1,39001,1,25308,0.6535,1.0332,2,0,2,3,21190,27000,0,0,0,0,0,9,9,0,3037,1044,1670,1670,0,0,50,0,1,0
20241203,40,1,55,5500300,FALSE,20,56,Never married,1,3,1,0,10000,400000000,1562,208,40001,0,14755,0.4635,0.8624,1,0,1,1,24313,28000,0,0,0,0,0,-585,0,585,765,0,1737,1737,0,1562,1770,0,0,0
20241203,41,1,12,1208617,FALSE,46,79,Widowed,2,2,1,1,53305,410000000,0,625,41001,0,15906,0.4635,1.1118,1,0,1,2,43454,55300,0,0,0,0,0,4293,4293,0,3213,0,1737,1737,0,0,2604,1979,0,0
20241203,42,1,6,603725,FALSE,51,69,Married,1,2,1,0,49868,420000000,450,52,42001,0,47578,1,1.2693,3,0,3,3,62968,90000,0,0,0,0,0,4355,4355,0,9819,423,3173,3173,0,647,9261,1979,0,0
20241203,42,2,6,603725,FALSE,53,71,Married,2,3,1,0,49868,420000000,844,3714,42001,0,47578,1,1.2693,3,0,3,3,62968,90000,0,0,0,0,0,4355,4355,0,9819,423,3173,3173,0,647,9261,1979,0,0
20241203,42,3,6,603725,FALSE,58,43,Never married,1,2,1,0,36000,420000013,1,890,42001,0,47578,1,1.2693,3,0,3,3,62968,90000,0,0,0,0,0,4355,4355,0,9819,423,3173,3173,0,647,9261,0,0,0
20241203,43,1,25,2500604,TRUE,46,47,Never married,2,2,1,0,0,430000000,0,1688,43001,1,21858,0.4635,1.2583,1,0,1,3,13913,12900,2701,0,0,0,0,0,0,0,0,0,0,0,0,0,1688,0,0,0
20241203,44,1,12,1205703,FALSE,114,88,Married,1,2,1,0,41745,440000000,62,521,44001,0,25432,0.6535,1.0543,2,0,2,1,60808,68500,0,0,0,0,0,1105,1105,0,0,0,0,0,0,1297,6588,1979,0,0
20241203,44,2,12,1205703,FALSE,113,91,Married,2,1,1,0,41745,440000000,2532,812,44001,0,25432,0.6535,1.0543,2,0,2,1,60808,68500,0,0,0,0,0,1105,1105,0,0,0,0,0,0,1297,6588,1979,0,0
20241203,45,1,15,1500200,TRUE,92,51,Never married,2,3,4,0,9294,450000000,0,28,45001,1,17688,0.4635,1.0339,1,0,1,1,7708,10000,0,0,0,0,0,-600,0,600,1413,-286,1737,1737,0,0,28,0,0,0
20241203,47,1,6,608508,FALSE,54,70,Married,1,3,1,0,48525,470000000,6753,3230,47001,0,42975,1,1.3921,3,0,3,2,104488,140700,0,0,0,0,0,9663,9663,0,5432,2625,1737,1737,0,8227,16755,1979,0,0
20241203,47,2,6,608508,FALSE,64,67,Married,2,3,1,0,48525,470000000,500,300,47001,0,42975,1,1.3921,3,0,3,2,104488,140700,0,0,0,0,0,9663,9663,0,5432,2625,1737,1737,0,8227,16755,1979,0,0
20241203,47,3,6,608508,FALSE,70,33,Never married,2,4,1,0,71000,470000013,4600,1041,47001,0,42975,1,1.3921,3,0,3,2,104488,140700,0,0,0,0,0,9663,9663,0,5432,2625,1737,1737,0,8227,16755,0,0,0
20241203,48,1,51,5151000,FALSE,24,85,Widowed,2,4,2,0,22000,480000000,1,750,48001,0,17029,0.4635,1.1902,1,0,1,2,29641,33000,0,0,0,0,0,630,630,0,0,0,0,0,0,0,2729,1979,0,0
20241203,49,1,48,4805911,FALSE,99,35,Never married,2,4,1,0,116200,490000000,900,2500,49001,0,17109,0.4635,1,1,0,1,1,84378,116200,0,0,0,0,0,17964,17964,0,8721,0,1737,1737,0,900,3400,0,0,0
20241203,50,1,8,800302,FALSE,53,51,Divorced,2,4,1,0,123995,500000000,3790,521,50001,0,33536,0.8303,1.0942,3,2,1,1,98423,130200,2026,0,1644,0,0,12561,16561,0,12026,3741,1503,1503,0,3790,5616,0,0,0
20241203,50,2,8,800302,FALSE,43,16,Never married,2,0,1,0,123995,500000000,0,1306,50001,0,33536,0.8303,1.0942,3,2,1,1,98423,130200,2026,0,1644,0,0,12561,16561,0,12026,3741,1503,1503,0,3790,5616,0,0,0
20241203,50,3,8,800302,FALSE,64,14,Never married,2,0,1,0,123995,500000000,0,0,50001,0,33536,0.8303,1.0942,3,2,1,1,98423,130200,2026,0,1644,0,0,12561,16561,0,12026,3741,1503,1503,0,3790,5616,0,0,0
20241203,51,1,42,4202301,FALSE,136,46,Married,1,4,1,0,82290,510000000,1351,1354,51001,0,26162,0.8802,0.9629,3,1,2,2,62773,82290,0,0,163,0,0,4111,6111,0,6274,2526,3073,3073,0,1217,3696,0,0,0
20241203,51,2,42,4202301,FALSE,106,48,Married,2,4,1,0,82290,510000000,1083,1126,51001,0,26162,0.8802,0.9629,3,1,2,2,62773,82290,0,0,163,0,0,4111,6111,0,6274,2526,3073,3073,0,1217,3696,0,0,0
20241203,51,3,42,4202301,FALSE,113,14,Never married,2,0,1,0,82290,510000000,0,0,51001,0,26162,0.8802,0.9629,3,1,2,2,62773,82290,0,0,163,0,0,4111,6111,0,6274,2526,3073,3073,0,1217,3696,0,0,0
20241203,52,1,46,4600400,FALSE,33,69,Married,1,4,1,0,92676,520000000,1,550,52001,0,17717,0.6535,0.8782,2,0,2,2,75884,96900,0,0,0,0,0,6997,6997,0,7489,0,1737,1737,0,25,4793,1979,0,0
20241203,52,2,46,4600400,FALSE,24,70,Married,2,3,1,0,92676,520000000,51,260,52001,0,17717,0.6535,0.8782,2,0,2,2,75884,96900,0,0,0,0,0,6997,6997,0,7489,0,1737,1737,0,25,4793,1979,0,0
20241203,54,1,36,3602702,FALSE,68,72,Widowed,2,3,2,0,54303,540000000,2254,1100,54001,0,18490,0.4635,1.0807,1,0,1,1,52764,62800,0,0,0,0,0,4412,4412,0,0,291,0,0,0,2254,5333,1979,0,0
20241203,55,1,48,4804000,FALSE,47,84,Widowed,2,3,1,0,20,550000000,0,124,55001,0,12842,0.4635,0.8976,1,0,1,2,27317,29420,0,0,0,0,0,0,0,0,0,0,0,0,0,0,2103,1979,0,0
20241203,56,1,6,608516,FALSE,161,76,Married,1,4,3,0,250,560000000,0,270,56001,1,37667,0.6535,1.5378,2,0,2,3,26198,31050,0,0,0,0,0,0,0,0,0,0,0,0,0,0,4852,1979,0,0
20241203,56,2,6,608516,FALSE,164,67,Married,2,4,3,0,250,560000000,0,625,56001,1,37667,0.6535,1.5378,2,0,2,3,26198,31050,0,0,0,0,0,0,0,0,0,0,0,0,0,0,4852,1979,0,0
20241203,57,1,47,4703700,TRUE,26,37,Divorced,2,2,1,0,20000,570000000,4998,71,57001,1,28708,0.8303,0.9225,3,2,1,3,23444,20000,1729,0,822,0,0,-9229,0,6604,1530,0,1737,1737,0,4998,5069,0,0,0
20241203,57,2,47,4703700,TRUE,27,14,Never married,1,0,1,0,20000,570000000,0,0,57001,1,28708,0.8303,0.9225,3,2,1,3,23444,20000,1729,0,822,0,0,-9229,0,6604,1530,0,1737,1737,0,4998,5069,0,0,0
20241203,57,3,47,4703700,TRUE,25,5,Never married,2,0,1,0,20000,570000000,0,0,57001,1,28708,0.8303,0.9225,3,2,1,3,23444,20000,1729,0,822,0,0,-9229,0,6604,1530,0,1737,1737,0,4998,5069,0,0,0
20241203,58,1,12,1208602,FALSE,129,91,Married,1,1,2,0,0,580000000,0,1666,58001,1,27746,0.6535,1.1502,2,0,2,1,22913,30000,0,0,0,0,0,0,0,0,0,0,0,0,0,0,7087,1979,0,0
20241203,58,2,12,1208602,FALSE,142,87,Married,2,1,2,0,0,580000000,0,1463,58001,1,27746,0.6535,1.1502,2,0,2,1,22913,30000,0,0,0,0,0,0,0,0,0,0,0,0,0,0,7087,1979,0,0
20241203,59,1,26,2601400,FALSE,22,78,Widowed,2,2,1,0,2900,590000000,0,1,59001,0,12935,0.4635,0.9041,1,0,1,2,13728,15700,0,0,0,0,0,0,0,0,0,-7,0,0,0,0,1979,1979,0,0
20241203,60,1,47,4700800,FALSE,36,71,Married,1,3,1,0,15800,600000000,0,153,60001,0,17502,0.6535,0.8676,2,0,2,2,29414,34200,0,0,0,0,0,0,0,0,0,0,0,0,0,0,4786,1979,0,0
20241203,60,2,47,4700800,FALSE,36,69,Married,2,1,1,0,15800,600000000,0,675,60001,0,17502,0.6535,0.8676,2,0,2,2,29414,34200,0,0,0,0,0,0,0,0,0,0,0,0,0,0,4786,1979,0,0
20241203,61,1,1,102000,TRUE,69,54,Separated,2,3,4,0,0,610000000,0,521,61001,1,23169,0.8802,0.8527,3,1,2,2,17855,11000,6554,0,822,0,0,0,0,0,0,0,0,0,0,0,521,0,0,0
20241203,61,2,1,102000,TRUE,54,35,Divorced,2,1,4,0,0,610000001,0,0,61001,1,23169,0.8802,0.8527,3,1,2,2,17855,11000,6554,0,822,0,0,0,0,0,0,0,0,0,0,0,521,0,0,0
20241203,61,3,1,102000,TRUE,67,14,Never married,1,0,4,0,0,610000001,0,0,61001,1,23169,0.8802,0.8527,3,1,2,2,17855,11000,6554,0,822,0,0,0,0,0,0,0,0,0,0,0,521,0,0,0
20241203,62,1,6,607508,FALSE,57,25,Never married,2,4,1,0,90000,620000000,675,240,62001,0,34987,0.6535,1.4284,2,0,2,3,144399,210000,0,0,0,0,0,30937,30937,0,15683,11547,3207,3207,0,3675,4228,0,1,0
20241203,62,2,6,607508,FALSE,71,25,Never married,1,4,4,0,120000,620000012,3000,312,62001,0,34987,0.6535,1.4284,2,0,2,3,144399,210000,0,0,0,0,0,30937,30937,0,15683,11547,3207,3207,0,3675,4228,0,1,0
20241203,63,1,12,1203301,FALSE,140,29,Never married,1,2,1,0,98000,630000000,1,562,63001,0,22731,0.6535,0.9423,2,0,2,1,111044,149000,0,0,0,0,0,18059,18059,0,9410,0,3474,3474,0,2251,7013,0,1,0
20241203,63,2,12,1203301,FALSE,79,27,Never married,2,4,4,1,51000,630000012,2251,4200,63001,0,22731,0.6535,0.9423,2,0,2,1,111044,149000,0,0,0,0,0,18059,18059,0,9410,0,3474,3474,0,2251,7013,0,1,0
20241203,64,1,5,501700,FALSE,28,63,Married,1,3,2,0,61655,640000000,0,1200,64001,0,19674,0.6535,0.8156,2,0,2,1,54847,67400,0,0,0,0,0,3455,3455,0,3244,788,1737,1737,0,0,3329,0,0,0
20241203,64,2,5,501700,FALSE,20,65,Married,2,2,4,1,61655,640000000,0,150,64001,0,19674,0.6535,0.8156,2,0,2,1,54847,67400,0,0,0,0,0,3455,3455,0,3244,788,1737,1737,0,0,3329,1979,0,0
20241203,65,1,48,4805305,FALSE,48,47,Married,2,4,3,0,423300,650000000,9600,833,65001,0,41465,1,1.1233,4,2,2,1,307379,423300,0,0,1500,0,0,82921,84256,0,24855,0,3474,3474,0,5000,6171,0,0,0
20241203,65,2,48,4805305,FALSE,59,42,Married,1,4,3,0,423300,650000000,400,0,65001,0,41465,1,1.1233,4,2,2,1,307379,423300,0,0,1500,0,0,82921,84256,0,24855,0,3474,3474,0,5000,6171,0,0,0
20241203,65,3,48,4805305,FALSE,43,17,Never married,2,0,3,0,423300,650000000,0,338,65001,0,41465,1,1.1233,4,2,2,1,307379,423300,0,0,1500,0,0,82921,84256,0,24855,0,3474,3474,0,5000,6171,0,0,0
20241203,65,4,48,4805305,FALSE,44,13,Never married,1,0,3,0,423300,650000000,0,0,65001,0,41465,1,1.1233,4,2,2,1,307379,423300,0,0,1500,0,0,82921,84256,0,24855,0,3474,3474,0,5000,6171,0,0,0
20241203,66,1,6,605919,FALSE,250,52,Married,2,1,4,1,50000,660000000,1,56,66001,0,75793,1.6245,1.2639,6,0,6,1,84633,110000,0,0,0,0,0,4673,5672,499,8415,489,5211,5211,0,5415,6578,0,0,0
20241203,66,2,6,605919,FALSE,198,52,Married,1,1,4,1,50000,660000000,2083,0,66001,0,75793,1.6245,1.2639,6,0,6,1,84633,110000,0,0,0,0,0,4673,5672,499,8415,489,5211,5211,0,5415,6578,0,0,0
20241203,66,3,6,605919,FALSE,260,28,Never married,1,2,4,1,30000,660000013,1,45,66001,0,75793,1.6245,1.2639,6,0,6,1,84633,110000,0,0,0,0,0,4673,5672,499,8415,489,5211,5211,0,5415,6578,0,0,0
20241203,66,4,6,605919,FALSE,262,23,Never married,1,0,4,1,50000,660000000,1,260,66001,0,75793,1.6245,1.2639,6,0,6,1,84633,110000,0,0,0,0,0,4673,5672,499,8415,489,5211,5211,0,5415,6578,0,0,0
20241203,66,5,6,605919,FALSE,244,20,Never married,2,0,4,1,30000,660000015,3749,52,66001,0,75793,1.6245,1.2639,6,0,6,1,84633,110000,0,0,0,0,0,4673,5672,499,8415,489,5211,5211,0,5415,6578,0,0,0
20241203,66,6,6,605919,FALSE,182,18,Never married,2,0,4,1,50000,660000000,625,750,66001,0,75793,1.6245,1.2639,6,0,6,1,84633,110000,0,0,0,0,0,4673,5672,499,8415,489,5211,5211,0,5415,6578,0,0,0
20241203,67,1,42,4200500,TRUE,45,75,Divorced,2,4,1,0,0,670000000,0,417,67001,1,13240,0.4635,0.9254,1,0,1,2,6942,3200,2701,0,0,1458,0,0,0,0,0,0,0,0,0,0,417,0,0,0
20241203,68,1,53,5325304,FALSE,61,45,Divorced,2,4,1,0,190000,680000000,1218,1126,68001,0,39543,0.8802,1.217,3,1,2,1,196301,254600,0,0,0,0,0,36620,37120,0,15497,0,3474,3474,0,1218,2708,0,1,0
20241203,68,2,53,5325304,FALSE,61,44,Divorced,1,3,1,0,55000,680000012,0,1,68001,0,39543,0.8802,1.217,3,1,2,1,196301,254600,0,0,0,0,0,36620,37120,0,15497,0,3474,3474,0,1218,2708,0,1,0
20241203,68,3,53,5325304,FALSE,64,17,Never married,1,0,1,0,190000,680000000,0,364,68001,0,39543,0.8802,1.217,3,1,2,1,196301,254600,0,0,0,0,0,36620,37120,0,15497,0,3474,3474,0,1218,2708,0,1,0
20241203,69,1,19,1901900,FALSE,216,39,Never married,1,4,1,0,27881,690000000,1250,427,69001,0,14324,0.4635,0.8373,1,0,1,1,20406,30000,0,0,0,0,0,1464,1464,0,4239,611,1603,1603,0,1250,1676,0,0,0
20241203,70,1,37,3705301,FALSE,56,76,Married,2,3,4,0,2000,700000000,0,625,70001,0,20173,0.6535,1,2,0,2,2,25241,33200,0,0,0,0,0,0,0,0,0,0,0,0,0,0,7959,1979,0,0
20241203,70,2,37,3705301,FALSE,48,82,Married,1,2,1,0,2000,700000000,0,3377,70001,0,20173,0.6535,1,2,0,2,2,25241,33200,0,0,0,0,0,0,0,0,0,0,0,0,0,0,7959,1979,0,0
20241203,71,1,22,2201100,FALSE,28,76,Widowed,2,2,1,0,0,710000000,0,750,71001,0,18166,0.6535,0.9005,2,0,2,2,33359,36200,0,0,0,0,0,0,0,0,0,0,0,0,0,0,2841,1979,0,0
20241203,71,2,22,2201100,FALSE,43,77,Divorced,1,1,1,0,0,710000000,0,113,71001,0,18166,0.6535,0.9005,2,0,2,2,33359,36200,0,0,0,0,0,0,0,0,0,0,0,0,0,0,2841,0,0,0
20241203,72,1,6,606517,FALSE,106,77,Divorced,2,2,1,0,0,720000000,0,100,72001,1,29117,0.6994,1.1108,2,1,1,3,22621,24700,0,0,0,0,0,0,0,0,0,0,0,0,0,0,2079,1979,0,0
20241203,72,2,6,606517,FALSE,91,0,Never married,2,0,3,0,0,720000000,0,0,72001,1,29117,0.6994,1.1108,2,1,1,3,22621,24700,0,0,0,0,0,0,0,0,0,0,0,0,0,0,2079,0,0,0
20241203,73,1,16,1600600,FALSE,290,39,Separated,2,3,1,0,55000,730000000,0,338,73001,0,52953,1.4299,0.988,6,2,4,3,109339,115000,12696,0,750,521,0,2535,7423,388,8799,1909,5211,5211,0,0,1173,0,0,0
20241203,73,2,16,1600600,FALSE,218,23,Never married,2,0,1,0,15000,730000012,0,229,73001,0,52953,1.4299,0.988,6,2,4,3,109339,115000,12696,0,750,521,0,2535,7423,388,8799,1909,5211,5211,0,0,1173,0,0,0
20241203,73,3,16,1600600,FALSE,220,20,Never married,1,0,1,0,45000,730000013,0,156,73001,0,52953,1.4299,0.988,6,2,4,3,109339,115000,12696,0,822,521,0,2535,7423,388,8799,1909,5211,5211,0,0,1173,0,0,0
20241203,73,4,16,1600600,FALSE,302,18,Never married,1,0,4,1,55000,730000000,0,350,73001,0,52953,1.4299,0.988,6,2,4,3,109339,115000,12696,0,750,521,0,2535,7423,388,8799,1909,5211,5211,0,0,1173,0,0,0
20241203,73,5,16,1600600,FALSE,169,16,Never married,1,0,4,1,55000,730000000,0,100,73001,0,52953,1.4299,0.988,6,2,4,3,109339,115000,12696,0,750,521,0,2535,7423,388,8799,1909,5211,5211,0,0,1173,0,0,0
20241203,73,6,16,1600600,FALSE,213,7,Never married,2,0,1,0,55000,730000000,0,0,73001,0,52953,1.4299,0.988,6,2,4,3,109339,115000,12696,0,750,521,0,2535,7423,388,8799,1909,5211,5211,0,0,1173,0,0,0
20241203,74,1,25,2500904,FALSE,93,88,Divorced,2,4,1,0,25000,740000000,0,1052,74001,0,17001,0.4635,1.1883,1,0,1,2,20045,25000,0,0,0,0,0,930,930,0,0,995,0,0,0,0,3030,1979,0,0
20241203,75,1,48,4807500,FALSE,86,43,Married,1,2,1,1,62000,750000000,487,790,75001,0,33891,1.2231,0.8976,5,2,3,2,57265,71800,0,0,326,0,0,-1119,3676,295,5493,0,5211,5211,0,963,5275,0,0,0
20241203,75,2,48,4807500,FALSE,51,40,Married,2,1,1,1,62000,750000000,1405,56,75001,0,33891,1.2231,0.8976,5,2,3,2,57265,71800,0,0,326,0,0,-1119,3676,295,5493,0,5211,5211,0,963,5275,0,0,0
20241203,75,3,48,4807500,FALSE,51,10,Never married,1,0,1,1,62000,750000000,0,0,75001,0,33891,1.2231,0.8976,5,2,3,2,57265,71800,0,0,326,0,0,-1119,3676,295,5493,0,5211,5211,0,963,5275,0,0,0
20241203,75,4,48,4807500,FALSE,24,18,Never married,2,0,1,1,62000,750000000,17,3377,75001,0,33891,1.2231,0.8976,5,2,3,2,57265,71800,0,0,326,0,0,-1119,3676,295,5493,0,5211,5211,0,963,5275,0,0,0
20241203,75,5,48,4807500,FALSE,70,16,Never married,2,0,1,1,62000,750000000,0,90,75001,0,33891,1.2231,0.8976,5,2,3,2,57265,71800,0,0,326,0,0,-1119,3676,295,5493,0,5211,5211,0,963,5275,0,0,0
20241203,76,1,25,2501103,FALSE,134,59,Separated,1,4,1,0,63000,760000000,1,104,76001,0,17001,0.4635,1.1883,1,0,1,2,47889,63000,0,0,0,0,0,6121,6121,0,4820,2830,1236,1236,0,0,104,0,0,0
20241203,77,1,40,4020802,FALSE,79,53,Divorced,2,4,1,0,136000,770000000,5628,4727,77001,0,27431,0.8303,0.895,3,2,1,1,101668,141000,0,0,326,0,0,15442,19442,0,5356,5518,1737,1737,0,5628,11605,0,0,0
20241203,77,2,40,4020802,FALSE,84,16,Never married,1,0,1,0,136000,770000000,0,1250,77001,0,27431,0.8303,0.895,3,2,1,1,101668,141000,0,0,326,0,0,15442,19442,0,5356,5518,1737,1737,0,5628,11605,0,0,0
20241203,77,3,40,4020802,FALSE,87,14,Never married,2,0,1,0,136000,770000000,0,0,77001,0,27431,0.8303,0.895,3,2,1,1,101668,141000,0,0,326,0,0,15442,19442,0,5356,5518,1737,1737,0,5628,11605,0,0,0
20241203,78,1,9,920601,FALSE,84,41,Married,2,4,1,0,139860,780000000,1850,9117,78001,0,38245,1,1.036,4,2,2,1,96732,139860,0,0,163,0,0,11290,15290,0,10680,7107,3474,3474,0,1285,10739,0,0,0
20241203,78,2,9,920601,FALSE,74,42,Married,1,4,1,0,139860,780000000,720,338,78001,0,38245,1,1.036,4,2,2,1,96732,139860,0,0,163,0,0,11290,15290,0,10680,7107,3474,3474,0,1285,10739,0,0,0
20241203,78,3,9,920601,FALSE,88,5,Never married,2,0,1,0,139860,780000000,0,0,78001,0,38245,1,1.036,4,2,2,1,96732,139860,0,0,163,0,0,11290,15290,0,10680,7107,3474,3474,0,1285,10739,0,0,0
20241203,78,4,9,920601,FALSE,92,1,Never married,1,0,1,0,139860,780000000,0,0,78001,0,38245,1,1.036,4,2,2,1,96732,139860,0,0,163,0,0,11290,15290,0,10680,7107,3474,3474,0,1285,10739,0,0,0
20241203,79,1,6,605927,FALSE,52,58,Divorced,2,4,3,0,175000,790000000,521,281,79001,0,24135,0.6535,1.1964,2,0,2,2,173384,255000,0,0,0,0,0,41937,41937,0,17772,15732,3474,3474,0,1921,2701,0,0,0
20241203,79,2,6,605927,FALSE,62,26,Never married,1,4,3,0,80000,790000012,1400,499,79001,0,24135,0.6535,1.1964,2,0,2,2,173384,255000,0,0,0,0,0,41937,41937,0,17772,15732,3474,3474,0,1921,2701,0,0,0
20241203,80,1,53,5327702,FALSE,309,25,Married,1,2,1,0,130408,800000000,2880,225,80001,0,34111,1,0.9241,4,2,2,1,103412,135000,0,0,0,0,0,9211,13211,0,14539,0,3474,3474,0,3939,4364,0,0,0
20241203,80,2,53,5327702,FALSE,332,25,Married,2,3,1,0,130408,800000000,4998,200,80001,0,34111,1,0.9241,4,2,2,1,103412,135000,0,0,0,0,0,9211,13211,0,14539,0,3474,3474,0,3939,4364,0,0,0
20241203,80,3,53,5327702,FALSE,153,4,Never married,2,0,1,0,130408,800000000,0,0,80001,0,34111,1,0.9241,4,2,2,1,103412,135000,0,0,0,0,0,9211,13211,0,14539,0,3474,3474,0,3939,4364,0,0,0
20241203,80,4,53,5327702,FALSE,154,1,Never married,2,0,1,0,130408,800000000,0,0,80001,0,34111,1,0.9241,4,2,2,1,103412,135000,0,0,0,0,0,9211,13211,0,14539,0,3474,3474,0,3939,4364,0,0,0
20241203,81,1,6,608522,FALSE,56,67,Never married,1,2,3,0,15000,810000000,0,2200,81001,1,19917,0.4635,1.3921,1,0,1,2,10626,15000,0,0,0,0,0,0,0,0,1148,-143,1169,1169,0,0,2200,0,0,0
20241203,82,1,48,4804609,TRUE,85,64,Never married,2,2,2,0,9700,820000000,0,1,82001,1,24765,0.6535,1.0111,2,0,2,3,-34527,18000,312,0,0,0,0,-600,0,600,635,0,668,668,0,0,52135,0,0,0
20241203,82,2,48,4804609,TRUE,99,32,Never married,1,1,2,0,8300,820000012,0,52135,82001,1,24765,0.6535,1.0111,2,0,2,3,-34527,18000,312,0,0,0,0,-600,0,600,635,0,668,668,0,0,52135,0,0,0
20241203,83,1,6,601309,FALSE,166,46,Married,1,1,4,1,58000,830000000,2591,174,83001,0,94102,2.3228,1.3123,12,4,8,2,160483,204900,0,0,1644,0,0,5219,11314,3995,13307,2209,6213,6213,0,9514,19113,0,0,0
20241203,83,2,6,601309,FALSE,134,53,Married,2,1,4,1,58000,830000000,1000,5200,83001,0,94102,2.3228,1.3123,12,4,8,2,160483,204900,0,0,1644,0,0,5219,11314,3995,13307,2209,6213,6213,0,9514,19113,0,0,0
20241203,83,3,6,601309,FALSE,160,22,Never married,2,0,4,1,58000,830000000,450,225,83001,0,94102,2.3228,1.3123,12,4,8,2,160483,204900,0,0,1644,0,0,5219,11314,3995,13307,2209,6213,6213,0,9514,19113,0,0,0
20241203,83,4,6,601309,FALSE,201,17,Never married,2,0,4,1,0,830000001,0,533,83001,0,94102,2.3228,1.3123,12,4,8,2,160483,204900,0,0,1644,0,0,5219,11314,3995,13307,2209,6213,6213,0,9514,19113,0,0,0
20241203,83,5,6,601309,FALSE,170,0,Never married,1,0,4,1,18587,830000018,0,0,83001,0,94102,2.3228,1.3123,12,4,8,2,160483,204900,0,0,1644,0,0,5219,11314,3995,13307,2209,6213,6213,0,9514,19113,0,0,0
20241203,83,6,6,601309,FALSE,170,75,Widowed,1,3,4,1,20275,830000016,0,1,83001,0,94102,2.3228,1.3123,12,4,8,2,160483,204900,0,0,1644,0,0,5219,11314,3995,13307,2209,6213,6213,0,9514,19113,1979,0,0
20241203,83,7,6,601309,FALSE,116,74,Widowed,2,2,4,1,0,830000017,1,565,83001,0,94102,2.3228,1.3123,12,4,8,2,160483,204900,0,0,1644,0,0,5219,11314,3995,13307,2209,6213,6213,0,9514,19113,0,0,0
20241203,83,8,6,601309,FALSE,131,23,Married,1,0,4,1,18587,830000018,4284,292,83001,0,94102,2.3228,1.3123,12,4,8,2,160483,204900,0,0,1644,0,0,5219,11314,3995,13307,2209,6213,6213,0,9514,19113,0,0,0
20241203,83,9,6,601309,FALSE,122,38,Never married,2,1,4,1,0,830000002,625,350,83001,0,94102,2.3228,1.3123,12,4,8,2,160483,204900,0,0,1644,0,0,5219,11314,3995,13307,2209,6213,6213,0,9514,19113,0,0,0
20241203,83,10,6,601309,FALSE,145,36,Never married,1,2,4,1,70000,8300000110,4502,281,83001,0,94102,2.3228,1.3123,12,4,8,2,160483,204900,0,0,1644,0,0,5219,11314,3995,13307,2209,6213,6213,0,9514,19113,0,0,0
20241203,83,11,6,601309,FALSE,165,11,Never married,2,0,4,1,0,830000002,0,0,83001,0,94102,2.3228,1.3123,12,4,8,2,160483,204900,0,0,1644,0,0,5219,11314,3995,13307,2209,6213,6213,0,9514,19113,0,0,0
20241203,83,12,6,601309,FALSE,162,2,Never married,2,0,4,1,0,830000002,0,0,83001,0,94102,2.3228,1.3123,12,4,8,2,160483,204900,0,0,1644,0,0,5219,11314,3995,13307,2209,6213,6213,0,9514,19113,0,0,0
20241203,84,1,48,4803306,FALSE,63,25,Never married,2,4,3,0,54000,840000000,1,700,84001,0,15386,0.4635,0.8857,1,0,1,3,43569,54000,0,0,0,0,0,4598,4598,0,4131,0,1002,1002,0,0,700,0,0,0
20241203,85,1,16,1600800,TRUE,265,34,Never married,2,2,1,0,14000,850000000,0,60,85001,1,25900,0.6994,0.988,2,1,1,3,19538,14000,1749,0,822,0,0,-5595,0,3995,1071,-240,1737,1737,0,0,60,0,0,0
20241203,85,2,16,1600800,TRUE,221,16,Never married,1,0,1,0,14000,850000000,0,0,85001,1,25900,0.6994,0.988,2,1,1,3,19538,14000,1749,0,822,0,0,-5595,0,3995,1071,-240,1737,1737,0,0,60,0,0,0
20241203,86,1,17,1703163,FALSE,117,29,Never married,1,3,4,1,70000,860000000,1,1041,86001,0,17949,0.4635,1.0332,1,0,1,3,50861,70000,0,0,0,0,0,7661,7661,0,5355,3345,1737,1737,0,0,1041,0,0,0
20241203,87,1,36,3601102,FALSE,93,70,Divorced,2,4,1,0,107950,870000000,100,550,87001,0,13258,0.4635,0.9267,1,0,1,2,81947,112000,0,0,0,521,0,15603,15603,0,6120,3795,1637,1637,0,100,3420,2770,0,0
20241203,88,1,4,400129,FALSE,77,58,Married,1,4,3,0,140000,880000000,2400,182,88001,0,18657,0.4635,1.074,1,0,1,3,99341,140000,0,0,0,0,0,23676,23676,0,10710,3154,1737,1737,0,1200,1382,0,0,0
20241203,89,1,56,5600400,FALSE,95,66,Married,2,4,1,0,69540,890000000,0,604,89001,0,18257,0.6535,0.905,2,0,2,2,55984,71400,0,0,0,0,0,4221,4221,0,3596,0,2138,2138,0,0,5462,1979,0,0
20241203,89,2,56,5600400,FALSE,85,66,Married,1,4,1,0,69540,890000000,0,900,89001,0,18257,0.6535,0.905,2,0,2,2,55984,71400,0,0,0,0,0,4221,4221,0,3596,0,2138,2138,0,0,5462,1979,0,0
20241203,90,1,25,2500702,TRUE,307,64,Separated,2,2,2,0,0,900000000,1,100,90001,1,21858,0.4635,1.2583,1,0,1,3,14420,12000,2520,0,0,0,0,0,0,0,0,0,0,0,0,0,100,0,0,0
20241203,92,1,53,5323301,FALSE,63,57,Married,2,4,1,0,140000,920000000,1,450,92001,0,29358,0.6535,1.217,2,0,2,1,111232,140000,0,0,0,0,0,15321,15321,0,10710,0,1737,1737,0,0,1000,0,0,0
20241203,92,2,53,5323301,FALSE,59,57,Married,1,4,1,0,140000,920000000,1,550,92001,0,29358,0.6535,1.217,2,0,2,1,111232,140000,0,0,0,0,0,15321,15321,0,10710,0,1737,1737,0,0,1000,0,0,0
20241203,93,1,48,4801400,FALSE,88,61,Married,2,3,1,0,68587,930000000,1,677,93001,0,21261,0.6535,1.0539,2,0,2,2,56424,70000,0,0,0,0,0,4466,4466,0,6651,0,1737,1737,0,0,722,0,0,0
20241203,93,2,48,4801400,FALSE,87,50,Married,1,1,1,0,68587,930000000,1,45,93001,0,21261,0.6535,1.0539,2,0,2,2,56424,70000,0,0,0,0,0,4466,4466,0,6651,0,1737,1737,0,0,722,0,0,0
20241203,94,1,29,2901908,TRUE,51,81,Widowed,2,2,1,0,1300,940000000,0,417,94001,1,16086,0.4635,0.926,1,0,1,3,2302,2600,0,0,0,0,0,0,0,0,0,-118,0,0,0,0,417,0,0,0
20241203,95,1,12,1208611,FALSE,740,26,Married,2,4,1,0,114000,950000000,9600,2603,95001,0,28248,0.6535,1.1533,2,0,2,3,80372,114000,0,0,0,0,0,9916,9916,0,8721,0,2004,2004,0,5050,12986,0,0,0
20241203,95,2,12,1208611,FALSE,627,27,Married,1,4,1,0,114000,950000000,500,5333,95001,0,28248,0.6535,1.1533,2,0,2,3,80372,114000,0,0,0,0,0,9916,9916,0,8721,0,2004,2004,0,5050,12986,0,0,0
20241203,96,1,45,4500402,FALSE,178,27,Never married,1,2,2,0,22700,960000000,0,260,96001,0,15178,0.4635,0.8737,1,0,1,3,17983,22700,0,0,0,0,0,885,885,0,1736,166,1670,1670,0,0,260,0,0,0
20241203,97,1,8,800703,FALSE,66,61,Married,2,2,1,0,62292,970000000,600,1145,97001,0,28489,0.6535,1.181,2,0,2,1,58507,71300,0,0,0,0,0,3711,3711,0,4043,-78,3474,3474,0,300,1642,0,0,0
20241203,97,2,8,800703,FALSE,71,63,Married,1,2,1,0,62292,970000000,1,197,97001,0,28489,0.6535,1.181,2,0,2,1,58507,71300,0,0,0,0,0,3711,3711,0,4043,-78,3474,3474,0,300,1642,0,0,0
20241203,98,1,39,3902200,FALSE,39,26,Married,2,3,1,0,50600,980000000,4499,197,98001,0,30859,1,0.8359,4,2,2,1,38221,50600,0,0,0,0,0,-3590,2308,1870,3871,124,3337,2606,3654.792584,5626,8637,0,0,1
20241203,98,2,39,3902200,FALSE,56,27,Married,1,2,1,0,50600,980000000,6753,2814,98001,0,30859,1,0.8359,4,2,2,1,38221,50600,0,0,0,0,0,-3590,2308,1870,3871,124,3337,2606,3654.792584,5626,8637,0,0,1
20241203,98,3,39,3902200,FALSE,51,1,Never married,1,0,1,0,50600,980000000,0,0,98001,0,30859,1,0.8359,4,2,2,1,38221,50600,0,0,0,0,0,-3590,2308,1870,3871,124,3337,2606,3654.792584,5626,8637,0,0,1
20241203,98,4,39,3902200,FALSE,71,2,Never married,2,0,1,0,50600,980000000,0,0,98001,0,30859,1,0.8359,4,2,2,1,38221,50600,0,0,0,0,0,-3590,2308,1870,3871,124,3337,2606,3654.792584,5626,8637,0,0,1
20241203,100,1,6,609501,FALSE,202,54,Widowed,1,1,1,1,22000,1000000000,3900,21,100001,0,46448,1,1.2392,3,0,3,3,53773,66000,0,0,0,0,0,-1007,3038,3925,5049,390,3741,3741,0,3900,4053,0,0,0
20241203,100,2,6,609501,FALSE,235,31,Never married,1,1,1,1,40000,1000000012,1,104,100001,0,46448,1,1.2392,3,0,3,3,53773,66000,0,0,0,0,0,-1007,3038,3925,5049,390,3741,3741,0,3900,4053,0,0,0
20241203,100,3,6,609501,FALSE,143,18,Never married,1,0,1,1,22000,1000000000,1,28,100001,0,46448,1,1.2392,3,0,3,3,53773,66000,0,0,0,0,0,-1007,3038,3925,5049,390,3741,3741,0,3900,4053,0,0,0
20241203,101,1,16,1600400,FALSE,144,42,Married,2,3,1,0,182800,1010000000,1126,1126,101001,0,40639,1.1139,0.9883,4,1,3,1,137308,187800,0,0,822,0,0,22737,24737,0,14153,7800,4443,4443,0,696,2181,0,0,0
20241203,101,2,16,1600400,FALSE,143,56,Married,1,4,1,0,182800,1010000000,1,78,101001,0,40639,1.1139,0.9883,4,1,3,1,137308,187800,0,0,750,0,0,22737,24737,0,14153,7800,4443,4443,0,696,2181,0,0,0
20241203,101,3,16,1600400,FALSE,127,11,Never married,1,0,1,0,182800,1010000000,0,0,101001,0,40639,1.1139,0.9883,4,1,3,1,137308,187800,0,0,750,0,0,22737,24737,0,14153,7800,4443,4443,0,696,2181,0,0,0
20241203,101,4,16,1600400,FALSE,110,20,Never married,1,0,1,0,5000,1010000014,133,281,101001,0,40639,1.1139,0.9883,4,1,3,1,137308,187800,0,0,750,0,0,22737,24737,0,14153,7800,4443,4443,0,696,2181,0,0,0
20241203,102,1,39,3900801,TRUE,112,67,Never married,2,3,1,0,12000,1020000000,0,1,102001,1,15640,0.4635,0.9003,1,0,1,3,14484,12000,0,2484,0,0,0,0,0,0,0,0,0,0,0,0,0,0,0,0
20241203,103,1,12,1211503,TRUE,56,86,Widowed,1,2,1,0,0,1030000000,0,113,103001,1,15282,0.4635,1.0682,1,0,1,2,2087,2200,0,0,0,0,0,0,0,0,0,0,0,0,0,0,113,0,0,0
20241203,104,1,40,4021100,FALSE,149,34,Married,2,4,2,0,73000,1040000000,1,490,104001,0,30973,1,0.8263,4,2,2,3,54112,73000,0,0,0,0,0,973,4996,0,5585,2119,9327,3474,5852.60521,0,884,0,0,0
20241203,104,2,40,4021100,FALSE,92,41,Married,1,4,2,0,73000,1040000000,1,394,104001,0,30973,1,0.8263,4,2,2,3,54112,73000,0,0,0,0,0,973,4996,0,5585,2119,9327,3474,5852.60521,0,884,0,0,0
20241203,104,3,40,4021100,FALSE,142,4,Never married,2,0,2,0,73000,1040000000,0,0,104001,0,30973,1,0.8263,4,2,2,3,54112,73000,0,0,0,0,0,973,4996,0,5585,2119,9327,3474,5852.60521,0,884,0,0,0
20241203,104,4,40,4021100,FALSE,142,1,Never married,2,0,2,0,73000,1040000000,0,0,104001,0,30973,1,0.8263,4,2,2,3,54112,73000,0,0,0,0,0,973,4996,0,5585,2119,9327,3474,5852.60521,0,884,0,0,0
20241203,105,1,24,2401205,TRUE,137,69,Divorced,2,3,2,0,0,1050000000,0,508,105001,1,15296,0.4635,1.0691,1,0,1,2,-508,0,0,0,0,0,0,0,0,0,0,0,0,0,0,0,508,0,0,0
20241203,106,1,37,3701302,FALSE,62,78,Never married,1,4,1,1,43875,1060000000,1576,1,106001,0,14136,0.4635,0.988,1,0,1,2,42323,50000,0,0,0,0,0,3161,3161,0,0,962,0,0,0,1576,3555,1979,0,0
20241203,107,1,12,1210307,FALSE,18,61,Never married,2,3,4,0,55000,1070000000,0,521,107001,0,18333,0.4635,1.0554,1,0,1,3,43816,55000,0,0,0,0,0,4718,4718,0,4208,0,1737,1737,0,0,521,0,0,0
20241203,108,1,48,4805203,FALSE,112,30,Married,1,4,4,1,95000,1080000000,2701,950,108001,0,37142,0.8802,1.1258,3,1,2,3,72538,95000,0,0,0,0,0,5636,7636,0,7268,0,1737,1737,0,1508,7821,0,0,0
20241203,108,2,48,4805203,FALSE,112,29,Married,2,4,4,1,95000,1080000000,315,5362,108001,0,37142,0.8802,1.1258,3,1,2,3,72538,95000,0,0,0,0,0,5636,7636,0,7268,0,1737,1737,0,1508,7821,0,0,0
20241203,108,3,48,4805203,FALSE,85,1,Never married,1,0,4,1,95000,1080000000,0,0,108001,0,37142,0.8802,1.1258,3,1,2,3,72538,95000,0,0,0,0,0,5636,7636,0,7268,0,1737,1737,0,1508,7821,0,0,0
20241203,109,1,12,1207106,FALSE,69,35,Married,1,4,1,0,173000,1090000000,4502,885,109001,0,34452,0.8802,1.0603,3,1,2,1,122831,173000,0,0,0,0,0,20549,22581,0,13235,0,11794,3474,8320,2355,4591,0,0,0
20241203,109,2,12,1207106,FALSE,60,34,Married,2,4,1,0,173000,1090000000,208,1351,109001,0,34452,0.8802,1.0603,3,1,2,1,122831,173000,0,0,0,0,0,20549,22581,0,13235,0,11794,3474,8320,2355,4591,0,0,0
20241203,109,3,12,1207106,FALSE,85,1,Never married,2,0,1,0,173000,1090000000,0,0,109001,0,34452,0.8802,1.0603,3,1,2,1,122831,173000,0,0,0,0,0,20549,22581,0,13235,0,11794,3474,8320,2355,4591,0,0,0
20241203,110,1,15,1500100,FALSE,19,53,Never married,2,4,1,0,43240,1100000000,5628,1238,110001,0,42795,1,1.1593,3,0,3,1,46061,72100,1452,0,0,0,0,4474,4581,107,6386,3441,3641,3641,0,6828,9549,0,1,0
20241203,110,2,15,1500100,FALSE,42,61,Never married,1,4,1,0,26300,1100000012,0,1145,110001,0,42795,1,1.1593,3,0,3,1,46061,72100,1452,0,0,0,0,4474,4581,107,6386,3441,3641,3641,0,6828,9549,0,1,0
20241203,110,3,15,1500100,FALSE,32,33,Never married,1,1,1,0,1394,1100000013,1200,338,110001,0,42795,1,1.1593,3,0,3,1,46061,72100,1452,0,0,0,0,4474,4581,107,6386,3441,3641,3641,0,6828,9549,0,1,0
20241203,110,4,15,1500100,FALSE,44,41,Never married,1,2,1,0,40000,1100000014,0,56,110005,0,19834,0.4635,1.1593,1,0,1,1,31598,40000,484,0,0,0,0,2918,2918,0,3060,2317,534,534,0,0,56,0,0,0
20241203,110,5,15,1500100,FALSE,45,41,Never married,2,3,1,0,26000,1100000015,0,208,110006,0,19834,0.4635,1.1593,1,0,1,1,20201,26000,484,0,0,0,0,1238,1238,0,1989,1111,1737,1737,0,0,208,0,0,0
20241203,110,6,15,1500100,FALSE,54,33,Never married,2,4,1,0,19294,1100000016,0,225,110007,1,19834,0.4635,1.1593,1,0,1,1,15230,20000,484,0,0,0,0,544,544,0,2178,570,1737,1737,0,0,225,0,0,0
20241203,111,1,13,1301800,FALSE,306,34,Never married,2,2,2,0,55000,1110000000,1031,169,111001,0,28029,0.8303,0.9145,3,2,1,1,48678,57000,0,0,1500,0,0,-210,3790,0,4361,2059,1737,1737,0,1031,1875,0,0,0
20241203,111,2,13,1301800,FALSE,221,16,Never married,2,0,2,0,55000,1110000000,0,675,111001,0,28029,0.8303,0.9145,3,2,1,1,48678,57000,0,0,1644,0,0,-210,3790,0,4361,2059,1737,1737,0,1031,1875,0,0,0
20241203,111,3,13,1301800,FALSE,222,14,Never married,2,0,2,0,55000,1110000000,0,0,111001,0,28029,0.8303,0.9145,3,2,1,1,48678,57000,0,0,1644,0,0,-210,3790,0,4361,2059,1737,1737,0,1031,1875,0,0,0
20241203,112,1,6,607508,FALSE,90,62,Married,2,2,4,1,66000,1120000000,675,394,112001,0,53539,1,1.4284,4,2,2,3,72368,68000,4052,13269,1644,405,0,1656,4156,0,5202,0,1737,1737,0,4238,6407,0,0,0
20241203,112,2,6,607508,FALSE,95,63,Married,1,2,4,1,66000,1120000000,7800,1745,112001,0,53539,1,1.4284,4,2,2,3,72368,68000,4052,13269,1644,405,0,1656,4156,0,5202,0,1737,1737,0,4238,6407,0,0,0
20241203,112,3,6,607508,FALSE,52,17,Never married,2,0,4,1,66000,1120000000,0,31,112001,0,53539,1,1.4284,4,2,2,3,72368,68000,4052,13269,1644,405,0,1656,4156,0,5202,0,1737,1737,0,4238,6407,0,0,0
20241203,112,4,6,607508,FALSE,126,13,Never married,1,0,4,1,66000,1120000000,0,0,112001,0,53539,1,1.4284,4,2,2,3,72368,68000,4052,13269,1644,405,0,1656,4156,0,5202,0,1737,1737,0,4238,6407,0,0,0
20241203,113,1,27,2702700,FALSE,213,36,Never married,1,3,1,0,55000,1130000000,600,104,113001,0,33879,1,0.9039,3,0,3,3,120152,165000,0,0,0,0,0,14154,14154,0,12624,7057,5211,5211,0,2626,5802,0,1,0
20241203,113,2,27,2702700,FALSE,186,29,Never married,2,3,1,0,55000,1130000012,1,2083,113001,0,33879,1,0.9039,3,0,3,3,120152,165000,0,0,0,0,0,14154,14154,0,12624,7057,5211,5211,0,2626,5802,0,1,0
20241203,113,3,27,2702700,FALSE,249,23,Never married,1,0,4,1,55000,1130000013,2026,989,113001,0,33879,1,0.9039,3,0,3,3,120152,165000,0,0,0,0,0,14154,14154,0,12624,7057,5211,5211,0,2626,5802,0,1,0
20241203,114,1,22,2200300,FALSE,6,48,Married,1,4,4,0,29400,1140000000,400,1100,114001,0,17078,0.6535,0.8466,2,0,2,2,17336,29400,0,0,0,0,0,170,170,0,2250,437,3474,3474,0,3800,5733,0,0,0
20241203,114,2,22,2200300,FALSE,16,47,Married,2,4,1,0,29400,1140000000,7200,833,114001,0,17078,0.6535,0.8466,2,0,2,2,17336,29400,0,0,0,0,0,170,170,0,2250,437,3474,3474,0,3800,5733,0,0,0
20241203,115,1,48,4802006,FALSE,85,74,Married,1,3,1,0,15400,1150000000,46,788,115001,0,21261,0.6535,1.0539,2,0,2,2,35039,42400,0,0,0,0,0,0,0,0,0,0,0,0,0,2116,7361,1979,0,0
20241203,115,2,48,4802006,FALSE,85,73,Married,2,2,1,0,15400,1150000000,4186,500,115001,0,21261,0.6535,1.0539,2,0,2,2,35039,42400,0,0,0,0,0,0,0,0,0,0,0,0,0,2116,7361,1979,0,0
20241203,116,1,20,2000400,FALSE,136,42,Divorced,1,3,1,0,660599,1160000000,1,259,116001,0,44993,1.2231,0.9965,6,4,2,1,457016,729000,0,0,326,0,0,200290,200290,0,27992,38492,3474,3474,0,1440,2062,0,1,0
20241203,116,2,20,2000400,FALSE,169,37,Never married,2,3,1,0,56000,1160000012,1440,312,116001,0,44993,1.2231,0.9965,6,4,2,1,457016,729000,0,0,326,0,0,200290,200290,0,27992,38492,3474,3474,0,1440,2062,0,1,0
20241203,116,3,20,2000400,FALSE,93,15,Never married,1,0,1,0,660599,1160000000,0,51,116001,0,44993,1.2231,0.9965,6,4,2,1,457016,729000,0,0,326,0,0,200290,200290,0,27992,38492,3474,3474,0,1440,2062,0,1,0
20241203,116,4,20,2000400,FALSE,162,10,Never married,1,0,1,0,660599,1160000000,0,0,116001,0,44993,1.2231,0.9965,6,4,2,1,457016,729000,0,0,326,0,0,200290,200290,0,27992,38492,3474,3474,0,1440,2062,0,1,0
20241203,116,5,20,2000400,FALSE,282,1,Never married,1,0,1,0,660599,1160000000,0,0,116001,0,44993,1.2231,0.9965,6,4,2,1,457016,729000,0,0,326,0,0,200290,200290,0,27992,38492,3474,3474,0,1440,2062,0,1,0
20241203,116,6,20,2000400,FALSE,283,1,Never married,1,0,1,0,660599,1160000000,0,0,116001,0,44993,1.2231,0.9965,6,4,2,1,457016,729000,0,0,326,0,0,200290,200290,0,27992,38492,3474,3474,0,1440,2062,0,1,0
20241203,117,1,21,2102100,FALSE,33,85,Widowed,2,2,1,0,6000,1170000000,2026,384,117001,0,12380,0.4635,0.8653,1,0,1,2,16911,21300,0,0,0,0,0,0,0,0,0,0,0,0,0,2026,4389,1979,0,0
20241203,118,1,17,1703115,FALSE,88,65,Married,1,4,1,0,26000,1180000000,135,135,118001,0,17666,0.4635,1.0326,1,0,1,1,21454,26000,0,0,0,0,0,1030,1030,0,459,1117,1737,1737,0,68,203,0,0,0
20241203,119,1,39,3903302,FALSE,144,39,Married,2,4,4,0,180000,1190000000,1666,2000,119001,0,43877,1.2231,0.9718,6,4,2,1,139517,180000,0,0,0,0,0,17621,24121,0,11724,4957,1737,1737,0,1833,4443,0,0,0
20241203,119,2,39,3903302,FALSE,68,49,Married,1,4,1,0,180000,1190000000,2000,350,119001,0,43877,1.2231,0.9718,6,4,2,1,139517,180000,0,0,0,0,0,17621,24121,0,11724,4957,1737,1737,0,1833,4443,0,0,0
20241203,119,3,39,3903302,FALSE,65,17,Never married,1,0,1,0,180000,1190000000,0,260,119001,0,43877,1.2231,0.9718,6,4,2,1,139517,180000,0,0,0,0,0,17621,24121,0,11724,4957,1737,1737,0,1833,4443,0,0,0
20241203,119,4,39,3903302,FALSE,77,12,Never married,2,0,1,0,180000,1190000000,0,0,119001,0,43877,1.2231,0.9718,6,4,2,1,139517,180000,0,0,0,0,0,17621,24121,0,11724,4957,1737,1737,0,1833,4443,0,0,0
20241203,119,5,39,3903302,FALSE,60,8,Never married,1,0,1,0,180000,1190000000,0,0,119001,0,43877,1.2231,0.9718,6,4,2,1,139517,180000,0,0,0,0,0,17621,24121,0,11724,4957,1737,1737,0,1833,4443,0,0,0
20241203,119,6,39,3903302,FALSE,79,4,Never married,2,0,1,0,180000,1190000000,0,0,119001,0,43877,1.2231,0.9718,6,4,2,1,139517,180000,0,0,0,0,0,17621,24121,0,11724,4957,1737,1737,0,1833,4443,0,0,0
20241203,120,1,6,608518,FALSE,60,68,Married,1,4,3,0,54000,1200000000,7203,2700,120001,1,36833,0.6535,1.5269,2,0,2,1,35518,54000,0,0,0,0,0,2536,2536,0,3825,171,1737,1737,0,5222,10214,1979,0,0
20241203,120,2,6,608518,FALSE,66,59,Married,2,4,3,0,54000,1200000000,3241,312,120001,1,36833,0.6535,1.5269,2,0,2,1,35518,54000,0,0,0,0,0,2536,2536,0,3825,171,1737,1737,0,5222,10214,0,0,0
20241203,121,1,48,4804630,FALSE,355,81,Widowed,2,3,1,0,15700,1210000000,0,521,121001,0,17564,0.4635,1.0111,1,0,1,3,40301,42800,0,0,0,0,0,0,0,0,0,0,0,0,0,0,2499,1979,0,0
20241203,123,1,25,2500804,FALSE,278,54,Divorced,1,2,2,0,35000,1230000000,1500,484,123001,0,21858,0.4635,1.2583,1,0,1,3,26548,35000,0,1682,0,0,0,2318,2318,0,2678,1418,1737,1737,0,1500,1984,0,0,0
20241203,124,1,48,4805305,FALSE,30,42,Married,1,4,3,0,560000,1240000000,4502,7316,124001,0,27097,0.6535,1.1233,2,0,2,1,388599,560000,0,0,0,0,0,130094,130094,0,27788,0,3474,3474,0,2251,10045,0,0,0
20241203,124,2,48,4805305,FALSE,27,42,Married,2,4,3,0,560000,1240000000,1,478,124001,0,27097,0.6535,1.1233,2,0,2,1,388599,560000,0,0,0,0,0,130094,130094,0,27788,0,3474,3474,0,2251,10045,0,0,0
20241203,125,1,6,607329,FALSE,46,76,Married,2,3,1,0,51950,1250000000,0,231,125001,0,42491,0.8802,1.288,3,1,2,3,57608,62000,0,0,822,0,0,125,2125,0,0,0,0,0,0,0,5089,1979,0,0
20241203,125,2,6,607329,FALSE,44,78,Married,1,3,1,0,51950,1250000000,0,900,125001,0,42491,0.8802,1.288,3,1,2,3,57608,62000,0,0,822,0,0,125,2125,0,0,0,0,0,0,0,5089,1979,0,0
20241203,125,3,6,607329,FALSE,47,11,Never married,2,0,1,0,51950,1250000000,0,0,125001,0,42491,0.8802,1.288,3,1,2,3,57608,62000,0,0,822,0,0,125,2125,0,0,0,0,0,0,0,5089,0,0,0
20241203,126,1,49,4957001,FALSE,53,35,Married,1,1,1,0,126000,1260000000,3377,160,126001,0,36787,1,0.9965,4,2,2,1,85161,126000,0,0,1644,0,0,8241,12241,0,9639,5166,3474,3474,0,2072,15963,0,0,0
20241203,126,2,49,4957001,FALSE,50,33,Married,2,2,1,0,126000,1260000000,768,13731,126001,0,36787,1,0.9965,4,2,2,1,85161,126000,0,0,1644,0,0,8241,12241,0,9639,5166,3474,3474,0,2072,15963,0,0,0
20241203,126,3,49,4957001,FALSE,46,12,Never married,1,0,1,0,126000,1260000000,0,0,126001,0,36787,1,0.9965,4,2,2,1,85161,126000,0,0,1500,0,0,8241,12241,0,9639,5166,3474,3474,0,2072,15963,0,0,0
20241203,126,4,49,4957001,FALSE,48,9,Never married,2,0,1,0,126000,1260000000,0,0,126001,0,36787,1,0.9965,4,2,2,1,85161,126000,0,0,1500,0,0,8241,12241,0,9639,5166,3474,3474,0,2072,15963,0,0,0
20241203,127,1,55,5502502,FALSE,156,55,Never married,1,4,1,0,47500,1270000000,945,500,127001,0,13577,0.4635,0.949,1,0,1,2,35247,47500,0,0,0,0,0,3818,3818,0,3635,1618,1737,1737,0,945,1445,0,0,0
20241203,128,1,25,2500604,FALSE,78,28,Never married,1,4,1,0,73000,1280000000,2926,21,128001,0,21858,0.4635,1.2583,1,0,1,3,51117,73000,0,0,0,0,0,8321,8321,0,5585,3294,1737,1737,0,2926,2947,0,0,0
20241203,129,1,36,3604502,FALSE,85,71,Divorced,2,2,1,0,73470,1290000000,0,625,129001,0,28049,0.6535,1.1628,2,0,2,1,87089,100070,0,0,0,0,0,8017,8017,0,0,2336,0,0,0,371,2628,0,0,0
20241203,129,2,36,3604502,FALSE,75,42,Never married,1,4,1,0,0,1290000012,371,1632,129001,0,28049,0.6535,1.1628,2,0,2,1,87089,100070,0,0,0,0,0,8017,8017,0,0,2336,0,0,0,371,2628,0,0,0
20241203,130,1,1,100900,TRUE,111,82,Separated,2,2,1,0,0,1300000000,1,574,130001,1,15848,0.4635,0.9123,1,0,1,3,5694,3000,3268,0,0,0,0,0,0,0,0,0,0,0,0,0,574,0,0,0
20241203,131,1,24,2401104,FALSE,92,70,Divorced,2,3,2,0,35308,1310000000,0,6753,131001,0,20511,0.4635,1.1807,1,0,1,3,26930,39900,0,0,0,0,0,2133,2133,0,2295,52,1737,1737,0,0,6753,0,0,0
20241203,132,1,47,4702800,FALSE,181,49,Married,1,3,1,0,119500,1320000000,5628,2291,132001,0,20653,0.6535,0.8432,2,0,2,3,90626,119500,0,0,0,0,0,10811,10811,0,9143,0,2606,2606,0,2814,6314,0,0,0
20241203,132,2,47,4702800,FALSE,165,50,Married,2,3,1,0,119500,1320000000,1,1210,132001,0,20653,0.6535,0.8432,2,0,2,3,90626,119500,0,0,0,0,0,10811,10811,0,9143,0,2606,2606,0,2814,6314,0,0,0
20241203,133,1,27,2700401,TRUE,76,84,Never married,1,1,2,0,0,1330000000,0,619,133001,1,15317,0.4635,0.8817,1,0,1,3,6573,0,1351,5641,0,200,0,0,0,0,0,0,0,0,0,0,619,0,0,0
20241203,134,1,26,2602701,FALSE,24,26,Married,2,3,1,0,170109,1340000000,2499,675,134001,0,25516,0.6535,1.0577,2,0,2,1,122535,180000,0,0,0,0,0,21945,21945,0,22841,6853,3474,3474,0,1250,2352,0,0,0
20241203,134,2,26,2602701,FALSE,29,29,Married,1,3,1,0,170109,1340000000,1,428,134001,0,25516,0.6535,1.0577,2,0,2,1,122535,180000,0,0,0,0,0,21945,21945,0,22841,6853,3474,3474,0,1250,2352,0,0,0
20241203,135,1,12,1200902,FALSE,96,76,Married,1,3,1,0,227285,1350000000,5402,4165,135001,0,20610,0.6535,1.0216,2,0,2,2,176309,238700,0,0,0,0,0,33980,33980,0,11771,0,2138,2138,0,3998,14502,2770,0,0
20241203,135,2,12,1200902,FALSE,94,76,Married,1,2,1,0,227285,1350000000,2593,800,135001,0,20610,0.6535,1.0216,2,0,2,2,176309,238700,0,0,0,0,0,33980,33980,0,11771,0,2138,2138,0,3998,14502,2770,0,0
20241203,136,1,36,3602500,FALSE,26,34,Married,2,3,1,0,46968,1360000000,450,104,136001,0,27729,1,0.8983,4,2,2,2,40995,50500,0,0,750,0,0,-4708,1927,2635,7104,-192,1871,1871,0,2926,6180,0,0,0
20241203,136,2,36,3602500,FALSE,30,34,Married,1,2,1,0,46968,1360000000,5402,3150,136001,0,27729,1,0.8983,4,2,2,2,40995,50500,0,0,750,0,0,-4708,1927,2635,7104,-192,1871,1871,0,2926,6180,0,0,0
20241203,136,3,36,3602500,FALSE,28,11,Never married,2,0,1,0,46968,1360000000,0,0,136001,0,27729,1,0.8983,4,2,2,2,40995,50500,0,0,750,0,0,-4708,1927,2635,7104,-192,1871,1871,0,2926,6180,0,0,0
20241203,136,4,36,3602500,FALSE,20,4,Never married,1,0,1,0,46968,1360000000,0,0,136001,0,27729,1,0.8983,4,2,2,2,40995,50500,0,0,750,0,0,-4708,1927,2635,7104,-192,1871,1871,0,2926,6180,0,0,0
20241203,138,1,42,4203221,FALSE,88,67,Married,2,2,1,0,97900,1380000000,9996,417,138001,0,25694,0.6535,1.0651,2,0,2,1,67514,103000,0,0,0,0,0,7624,7624,0,1224,491,1603,1603,0,5467,24543,1979,0,0
20241203,138,2,42,4203221,FALSE,72,70,Married,1,4,1,0,97900,1380000000,937,14702,138001,0,25694,0.6535,1.0651,2,0,2,1,67514,103000,0,0,0,0,0,7624,7624,0,1224,491,1603,1603,0,5467,24543,1979,0,0
20241203,139,1,18,1800501,FALSE,78,27,Never married,1,1,1,0,18800,1390000000,0,732,139001,1,40015,1.2231,0.8729,4,0,4,3,29620,34800,3749,0,0,0,0,584,710,126,2662,1009,3474,3474,0,0,1200,0,0,0
20241203,139,2,18,1800501,FALSE,122,30,Never married,1,1,1,0,16000,1390000014,0,469,139001,1,40015,1.2231,0.8729,4,0,4,3,29620,34800,3749,0,0,0,0,584,710,126,2662,1009,3474,3474,0,0,1200,0,0,0
20241203,139,3,18,1800501,FALSE,108,22,Never married,2,0,1,0,16000,1390000014,0,1,139001,1,40015,1.2231,0.8729,4,0,4,3,29620,34800,3749,0,0,0,0,584,710,126,2662,1009,3474,3474,0,0,1200,0,0,0
20241203,139,4,18,1800501,FALSE,101,55,Divorced,1,1,1,0,16000,1390000014,0,1,139001,1,40015,1.2231,0.8729,4,0,4,3,29620,34800,3749,0,0,0,0,584,710,126,2662,1009,3474,3474,0,0,1200,0,0,0
20241203,140,1,25,2500806,FALSE,130,31,Divorced,2,4,1,0,72000,1400000000,1891,0,140001,0,21858,0.4635,1.2583,1,0,1,3,51484,72000,0,0,0,0,0,8101,8101,0,5508,3280,1737,1737,0,1891,1891,0,0,0
20241203,140,2,25,2500806,FALSE,91,27,Never married,2,4,1,0,47000,1400000012,2083,521,140003,0,21858,0.4635,1.2583,1,0,1,3,33298,47000,0,0,0,0,0,3758,3758,0,3596,2008,1737,1737,0,2083,2603,0,0,0
20241203,141,1,55,5501900,FALSE,71,22,Never married,1,0,1,0,45800,1410000000,1999,208,141001,0,37897,1,1.0111,4,2,2,3,58997,67800,687,0,750,0,463,-1998,3501,1499,5186,1450,3474,3474,0,1999,2590,0,1,1
20241203,141,2,55,5501900,FALSE,90,21,Never married,2,0,1,0,22000,1410000012,0,383,141001,0,37897,1,1.0111,4,2,2,3,58997,67800,687,0,822,0,463,-1998,3501,1499,5186,1450,3474,3474,0,1999,2590,0,1,1
20241203,141,3,55,5501900,FALSE,120,0,Never married,1,0,1,0,45800,1410000000,0,0,141001,0,37897,1,1.0111,4,2,2,3,58997,67800,687,0,750,0,463,-1998,3501,1499,5186,1450,3474,3474,0,1999,2590,0,1,1
20241203,141,4,55,5501900,FALSE,162,14,Never married,2,0,1,0,45800,1410000000,0,0,141001,0,37897,1,1.0111,4,2,2,3,58997,67800,687,0,822,0,463,-1998,3501,1499,5186,1450,3474,3474,0,1999,2590,0,1,1
20241203,142,1,17,1714300,FALSE,95,59,Never married,1,2,1,0,92000,1420000000,833,2000,142001,0,14941,0.4635,0.8733,1,0,1,1,63725,92000,0,0,0,0,0,12501,12501,0,7038,4434,1470,1470,0,833,2833,0,0,0
20241203,143,1,6,607316,FALSE,132,30,Married,1,4,1,0,105000,1430000000,1013,1632,143001,0,42491,0.8802,1.288,3,1,2,3,83721,105000,0,0,0,0,0,6836,8836,0,8033,2167,1737,1737,0,774,2506,0,0,0
20241203,143,2,6,607316,FALSE,125,31,Married,2,4,1,0,105000,1430000000,536,100,143001,0,42491,0.8802,1.288,3,1,2,3,83721,105000,0,0,0,0,0,6836,8836,0,8033,2167,1737,1737,0,774,2506,0,0,0
20241203,143,3,6,607316,FALSE,132,1,Never married,2,0,1,0,105000,1430000000,0,0,143001,0,42491,0.8802,1.288,3,1,2,3,83721,105000,0,0,0,0,0,6836,8836,0,8033,2167,1737,1737,0,774,2506,0,0,0
20241203,144,1,20,2001201,FALSE,145,61,Widowed,1,4,1,0,150000,1440000000,6768,2498,144001,0,21443,0.6535,0.8889,2,0,2,1,115834,180000,0,0,0,0,0,27109,27109,0,13584,8387,2606,2606,0,9475,12480,0,0,0
20241203,144,2,20,2001201,FALSE,265,23,Never married,2,0,1,0,30000,1440000012,2707,506,144001,0,21443,0.6535,0.8889,2,0,2,1,115834,180000,0,0,0,0,0,27109,27109,0,13584,8387,2606,2606,0,9475,12480,0,0,0
20241203,145,1,24,2401201,FALSE,76,28,Never married,1,3,1,0,74000,1450000000,5628,4269,145001,0,26364,0.6535,1.0929,2,0,2,1,74434,114000,0,0,0,0,0,11703,11703,0,8721,4415,3474,3474,0,6828,11253,0,1,0
20241203,145,2,24,2401201,FALSE,83,25,Never married,2,3,4,1,40000,1450000012,1200,156,145001,0,26364,0.6535,1.0929,2,0,2,1,74434,114000,0,0,0,0,0,11703,11703,0,8721,4415,3474,3474,0,6828,11253,0,1,0
20241203,146,1,12,1208604,FALSE,100,53,Divorced,2,4,4,1,85000,1460000000,0,1,146001,0,28248,0.6535,1.1533,2,0,2,3,65643,85000,0,0,0,0,0,10961,10961,0,6503,0,1737,1737,0,0,156,0,0,0
20241203,146,2,12,1208604,FALSE,105,74,Widowed,2,4,4,1,0,1460000012,0,156,146001,0,28248,0.6535,1.1533,2,0,2,3,65643,85000,0,0,0,0,0,10961,10961,0,6503,0,1737,1737,0,0,156,0,0,0
20241203,147,1,6,601901,FALSE,66,76,Married,1,2,1,0,102060,1470000000,521,10200,147001,0,23422,0.6535,0.9709,2,0,2,1,79754,105000,0,0,0,0,0,8123,8123,0,0,1122,0,0,0,1010,16001,1979,0,0
20241203,147,2,6,601901,FALSE,40,75,Married,2,2,1,0,102060,1470000000,1500,833,147001,0,23422,0.6535,0.9709,2,0,2,1,79754,105000,0,0,0,0,0,8123,8123,0,0,1122,0,0,0,1010,16001,1979,0,0
20241203,148,1,51,5101302,FALSE,65,58,Divorced,1,3,4,1,46200,1480000000,3782,600,148001,0,47262,1,1.2609,3,0,3,3,106572,156200,0,0,0,0,0,15241,15241,0,11858,6669,4744,4744,0,7768,11118,0,1,0
20241203,148,2,51,5101302,FALSE,77,58,Widowed,2,4,4,1,80000,1480000012,2816,2750,148001,0,47262,1,1.2609,3,0,3,3,106572,156200,0,0,0,0,0,15241,15241,0,11858,6669,4744,4744,0,7768,11118,0,1,0
20241203,148,3,51,5101302,FALSE,72,24,Never married,2,0,4,1,30000,1480000013,1171,1,148001,0,47262,1,1.2609,3,0,3,3,106572,156200,0,0,0,0,0,15241,15241,0,11858,6669,4744,4744,0,7768,11118,0,1,0
20241203,150,1,42,4200400,FALSE,22,77,Widowed,2,4,4,0,57500,1500000000,4200,160,150001,0,12482,0.4635,0.8724,1,0,1,2,49365,60500,0,0,0,0,0,4796,4796,0,0,0,0,0,0,4200,6339,1979,0,0
20241203,151,1,48,4805304,FALSE,183,61,Married,2,1,4,1,27000,1510000000,1351,600,151001,0,48189,1.4299,1.0917,5,0,5,2,123728,178000,0,0,0,0,0,12957,12957,0,13007,0,6948,6948,0,5967,21360,0,0,0
20241203,151,2,48,4805304,FALSE,189,66,Married,1,1,3,0,27000,1510000000,1920,10413,151001,0,48189,1.4299,1.0917,5,0,5,2,123728,178000,0,0,0,0,0,12957,12957,0,13007,0,6948,6948,0,5967,21360,0,0,0
20241203,151,3,48,4805304,FALSE,166,38,Never married,1,2,3,1,25000,1510000013,720,417,151001,0,48189,1.4299,1.0917,5,0,5,2,123728,178000,0,0,0,0,0,12957,12957,0,13007,0,6948,6948,0,5967,21360,0,0,0
20241203,151,4,48,4805304,FALSE,140,33,Never married,1,2,3,1,73000,1510000014,600,1150,151001,0,48189,1.4299,1.0917,5,0,5,2,123728,178000,0,0,0,0,0,12957,12957,0,13007,0,6948,6948,0,5967,21360,0,0,0
20241203,151,5,48,4805304,FALSE,140,30,Never married,1,3,3,1,45000,1510000015,3012,2814,151001,0,48189,1.4299,1.0917,5,0,5,2,123728,178000,0,0,0,0,0,12957,12957,0,13007,0,6948,6948,0,5967,21360,0,0,0
20241203,152,1,17,1704306,FALSE,76,39,Widowed,2,4,1,0,118700,1520000000,1,4164,152001,0,26658,0.6994,1.0326,2,1,1,1,99836,122000,0,0,0,0,0,13290,15290,0,0,4710,0,0,0,0,4164,0,0,0
20241203,152,2,17,1704306,FALSE,78,5,Never married,1,0,1,0,118700,1520000000,0,0,152001,0,26658,0.6994,1.0326,2,1,1,1,99836,122000,0,0,0,0,0,13290,15290,0,0,4710,0,0,0,0,4164,0,0,0
20241203,153,1,41,4106724,FALSE,64,29,Married,1,4,4,0,163000,1530000000,2499,225,153001,0,26741,0.6535,1.1085,2,0,2,1,108525,163000,0,0,0,0,0,20381,20381,0,12470,12082,3341,3341,0,4176,6201,0,0,0
20241203,153,2,41,4106724,FALSE,145,30,Married,2,3,1,1,163000,1530000000,5853,1800,153001,0,26741,0.6535,1.1085,2,0,2,1,108525,163000,0,0,0,0,0,20381,20381,0,12470,12082,3341,3341,0,4176,6201,0,0,0
20241203,154,1,6,606707,FALSE,37,69,Married,1,4,1,0,133350,1540000000,2400,425,154001,0,27212,0.6535,1.128,2,0,2,1,119294,141000,0,0,0,0,0,13198,13198,0,0,1425,0,0,0,2500,7083,1979,0,0
20241203,154,2,6,606707,FALSE,37,65,Married,2,3,1,0,133350,1540000000,2600,200,154001,0,27212,0.6535,1.128,2,0,2,1,119294,141000,0,0,0,0,0,13198,13198,0,0,1425,0,0,0,2500,7083,1979,0,0
20241203,155,1,37,3701802,FALSE,153,41,Married,2,4,2,0,205000,1550000000,937,573,155001,0,35714,1.1139,0.8685,4,1,3,1,143812,205000,0,0,163,0,0,27621,29621,0,15683,8526,3474,3474,0,1694,6046,0,0,0
20241203,155,2,37,3701802,FALSE,145,43,Married,1,2,2,0,205000,1550000000,2242,280,155001,0,35714,1.1139,0.8685,4,1,3,1,143812,205000,0,0,163,0,0,27621,29621,0,15683,8526,3474,3474,0,1694,6046,0,0,0
20241203,155,3,37,3701802,FALSE,222,22,Never married,2,0,2,0,0,1550000013,104,3500,155001,0,35714,1.1139,0.8685,4,1,3,1,143812,205000,0,0,163,0,0,27621,29621,0,15683,8526,3474,3474,0,1694,6046,0,0,0
20241203,155,4,37,3701802,FALSE,210,8,Never married,1,0,2,0,205000,1550000000,0,0,155001,0,35714,1.1139,0.8685,4,1,3,1,143812,205000,0,0,163,0,0,27621,29621,0,15683,8526,3474,3474,0,1694,6046,0,0,0
20241203,156,1,47,4702800,FALSE,30,73,Married,2,4,1,0,435705,1560000000,44,2926,156001,0,27340,1,0.8857,3,0,3,2,372001,504900,0,0,0,0,0,92915,92726,0,15426,0,5211,5211,0,3350,19347,6330,0,0
20241203,156,2,47,4702800,FALSE,28,74,Married,1,4,1,0,435705,1560000000,4169,260,156001,0,27340,1,0.8857,3,0,3,2,372001,504900,0,0,0,0,0,92915,92726,0,15426,0,5211,5211,0,3350,19347,6330,0,0
20241203,156,3,47,4702800,FALSE,45,40,Never married,1,4,1,0,60000,1560000013,1244,150,156001,0,27340,1,0.8857,3,0,3,2,372001,504900,0,0,0,0,0,92915,92726,0,15426,0,5211,5211,0,3350,19347,0,0,0
20241203,157,1,36,3604121,FALSE,156,71,Married,2,4,1,0,266135,1570000000,0,495,157001,0,22616,0.6535,1.1211,2,0,2,2,201617,275000,0,0,0,0,0,43304,43304,0,12555,14067,1670,1670,0,0,1786,0,0,0
20241203,157,2,36,3604121,FALSE,142,70,Married,1,4,1,0,266135,1570000000,0,1291,157001,0,22616,0.6535,1.1211,2,0,2,2,201617,275000,0,0,0,0,0,43304,43304,0,12555,14067,1670,1670,0,0,1786,0,0,0
20241203,158,1,32,3200404,FALSE,62,32,Married,1,3,1,0,200000,1580000000,1763,788,158001,0,38245,1,1.036,4,2,2,1,152896,200000,0,0,0,0,0,24521,28521,0,15114,0,3474,3474,0,2082,3995,0,0,0
20241203,158,2,32,3200404,FALSE,77,33,Married,2,4,1,0,200000,1580000000,2400,1126,158001,0,38245,1,1.036,4,2,2,1,152896,200000,0,0,0,0,0,24521,28521,0,15114,0,3474,3474,0,2082,3995,0,0,0
20241203,158,3,32,3200404,FALSE,63,4,Never married,2,0,1,0,200000,1580000000,0,0,158001,0,38245,1,1.036,4,2,2,1,152896,200000,0,0,0,0,0,24521,28521,0,15114,0,3474,3474,0,2082,3995,0,0,0
20241203,158,4,32,3200404,FALSE,63,1,Never married,2,0,1,0,200000,1580000000,0,0,158001,0,38245,1,1.036,4,2,2,1,152896,200000,0,0,0,0,0,24521,28521,0,15114,0,3474,3474,0,2082,3995,0,0,0
20241203,159,1,26,2601500,FALSE,77,94,Widowed,2,2,1,0,25250,1590000000,2999,1250,159001,0,12838,0.4635,0.8973,1,0,1,2,35665,43500,0,0,0,0,0,955,955,0,0,652,0,0,0,2999,6228,1979,0,0
20241203,160,1,36,3602204,FALSE,75,77,Married,1,2,1,0,103125,1600000000,1351,2926,160001,0,18121,0.6535,0.8983,2,0,2,2,87180,106500,0,0,0,0,0,8251,8251,0,0,3405,0,0,0,759,7665,1979,0,0
20241203,160,2,36,3602204,FALSE,83,73,Married,2,1,1,0,103125,1600000000,167,23,160001,0,18121,0.6535,0.8983,2,0,2,2,87180,106500,0,0,0,0,0,8251,8251,0,0,3405,0,0,0,759,7665,1979,0,0
20241203,161,1,12,1209703,FALSE,160,87,Widowed,2,3,1,0,88155,1610000000,0,3124,161001,0,15347,0.4635,1.0727,1,0,1,2,75450,91800,0,0,0,0,0,11248,11248,0,0,0,0,0,0,0,5103,1979,0,0
20241203,162,1,48,4803801,FALSE,105,66,Divorced,2,3,2,0,46850,1620000000,0,4558,162001,0,15735,0.4635,0.9197,1,0,1,1,45329,57000,2412,0,0,234,0,3518,3518,0,2525,0,1737,1737,0,0,6537,1979,0,0
20241203,163,1,48,4800800,FALSE,84,67,Married,1,3,1,0,30500,1630000000,845,1007,163001,0,19346,0.6535,0.959,2,0,2,2,58888,62400,0,0,0,0,0,0,0,0,0,0,0,0,0,423,3512,0,0,0
20241203,163,2,48,4800800,FALSE,99,65,Married,2,3,1,0,30500,1630000000,1,2083,163001,0,19346,0.6535,0.959,2,0,2,2,58888,62400,0,0,0,0,0,0,0,0,0,0,0,0,0,423,3512,0,0,0
20241203,164,1,48,4802006,FALSE,113,39,Married,1,4,1,0,265000,1640000000,4862,5258,164001,0,34847,0.8802,1.0725,3,1,2,1,185084,265000,0,0,0,0,0,41720,43752,0,18227,0,11030,3341,7689.241465,3212,8939,0,0,0
20241203,164,2,48,4802006,FALSE,128,31,Married,2,4,1,0,265000,1640000000,1562,469,164001,0,34847,0.8802,1.0725,3,1,2,1,185084,265000,0,0,0,0,0,41720,43752,0,18227,0,11030,3341,7689.241465,3212,8939,0,0,0
20241203,164,3,48,4802006,FALSE,101,0,Never married,1,0,1,0,265000,1640000000,0,0,164001,0,34847,0.8802,1.0725,3,1,2,1,185084,265000,0,0,0,0,0,41720,43752,0,18227,0,11030,3341,7689.241465,3212,8939,0,0,0
20241203,165,1,36,3601802,FALSE,110,49,Married,1,4,3,0,285000,1650000000,6753,600,165001,0,36915,1,1,4,2,2,1,194621,286200,0,0,0,0,0,46052,48552,0,17019,18757,3407,3407,0,3977,6344,0,0,0
20241203,165,2,36,3601802,FALSE,115,49,Married,2,4,3,0,285000,1650000000,1200,1351,165001,0,36915,1,1,4,2,2,1,194621,286200,0,0,0,0,0,46052,48552,0,17019,18757,3407,3407,0,3977,6344,0,0,0
20241203,165,3,36,3601802,FALSE,137,17,Never married,2,0,3,0,285000,1650000000,0,417,165001,0,36915,1,1,4,2,2,1,194621,286200,0,0,0,0,0,46052,48552,0,17019,18757,3407,3407,0,3977,6344,0,0,0
20241203,165,4,36,3601802,FALSE,145,9,Never married,1,0,3,0,285000,1650000000,0,0,165001,0,36915,1,1,4,2,2,1,194621,286200,0,0,0,0,0,46052,48552,0,17019,18757,3407,3407,0,3977,6344,0,0,0
20241203,166,1,6,605913,FALSE,305,42,Married,2,1,3,0,47000,1660000000,0,13,166001,0,57064,1.2231,1.2639,5,2,3,1,57421,60000,0,0,1644,0,0,-4698,1930,2628,3596,0,3474,3474,0,0,1851,0,0,0
20241203,166,2,6,605913,FALSE,355,44,Married,1,2,3,0,47000,1660000000,0,1500,166001,0,57064,1.2231,1.2639,5,2,3,1,57421,60000,0,0,1644,0,0,-4698,1930,2628,3596,0,3474,3474,0,0,1851,0,0,0
20241203,166,3,6,605913,FALSE,398,14,Never married,2,0,3,0,47000,1660000000,0,0,166001,0,57064,1.2231,1.2639,5,2,3,1,57421,60000,0,0,1644,0,0,-4698,1930,2628,3596,0,3474,3474,0,0,1851,0,0,0
20241203,166,4,6,605913,FALSE,513,12,Never married,1,0,3,0,47000,1660000000,0,0,166001,0,57064,1.2231,1.2639,5,2,3,1,57421,60000,0,0,1644,0,0,-4698,1930,2628,3596,0,3474,3474,0,0,1851,0,0,0
20241203,166,5,6,605913,FALSE,353,40,Married,1,3,3,0,13000,1660000015,0,338,166001,0,57064,1.2231,1.2639,5,2,3,1,57421,60000,0,0,1644,0,0,-4698,1930,2628,3596,0,3474,3474,0,0,1851,0,0,0
20241203,167,1,25,2500201,FALSE,11,53,Never married,1,4,1,0,90000,1670000000,1,500,167001,0,14025,0.4635,0.9803,1,0,1,2,64637,90000,0,0,0,0,0,12061,12061,0,6885,4180,1737,1737,0,0,500,0,0,0
20241203,167,2,25,2500201,FALSE,33,60,Divorced,1,4,1,1,200000,1670000012,1250,56,167003,0,25126,0.8303,0.9803,3,2,1,2,146945,200000,0,0,1644,0,0,30802,34802,0,12014,8840,1737,1737,0,1250,1306,0,0,1
20241203,167,3,25,2500201,FALSE,16,8,Never married,1,0,1,1,200000,1670000012,0,0,167003,0,25126,0.8303,0.9803,3,2,1,2,146945,200000,0,0,1644,0,0,30802,34802,0,12014,8840,1737,1737,0,1250,1306,0,0,1
20241203,167,4,25,2500201,FALSE,17,8,Never married,1,0,1,1,200000,1670000012,0,0,167003,0,25126,0.8303,0.9803,3,2,1,2,146945,200000,0,0,1644,0,0,30802,34802,0,12014,8840,1737,1737,0,1250,1306,0,0,1
20241203,168,1,26,2601300,FALSE,41,34,Married,1,4,1,0,140000,1680000000,521,300,168001,0,31436,1,0.8516,4,2,2,1,102236,140000,0,0,0,0,0,11321,15321,0,10710,4795,1737,1737,0,801,9201,0,0,0
20241203,168,2,26,2601300,FALSE,35,36,Married,2,2,1,0,140000,1680000000,1080,8100,168001,0,31436,1,0.8516,4,2,2,1,102236,140000,0,0,0,0,0,11321,15321,0,10710,4795,1737,1737,0,801,9201,0,0,0
20241203,168,3,26,2601300,FALSE,47,3,Never married,1,0,1,0,140000,1680000000,0,0,168001,0,31436,1,0.8516,4,2,2,1,102236,140000,0,0,0,0,0,11321,15321,0,10710,4795,1737,1737,0,801,9201,0,0,0
20241203,168,4,26,2601300,FALSE,47,0,Never married,1,0,1,0,140000,1680000000,0,0,168001,0,31436,1,0.8516,4,2,2,1,102236,140000,0,0,0,0,0,11321,15321,0,10710,4795,1737,1737,0,801,9201,0,0,0
20241203,169,1,32,3200408,TRUE,45,69,Divorced,1,2,1,0,0,1690000000,0,1,169001,1,18010,0.4635,1.0368,1,0,1,3,6697,5400,1296.5,0,0,0,0,0,0,0,0,0,0,0,0,0,0,0,0,0
20241203,169,2,32,3200408,TRUE,59,67,Married,2,2,1,0,0,1690000012,0,597,169003,1,18010,0.4635,1.0368,1,0,1,3,700,0,1296.5,0,0,0,0,0,0,0,0,0,0,0,0,0,597,0,0,0
20241203,170,1,36,3604305,TRUE,85,63,Married,1,1,2,0,0,1700000000,0,135,170001,1,20257,0.4635,1.1661,1,0,1,3,15090,3160,2312,9753,0,0,0,0,0,0,0,0,0,0,0,0,135,0,0,0
20241203,171,1,26,2600200,TRUE,109,33,Never married,2,3,1,0,9960,1710000000,3660,800,171001,1,26406,0.8303,0.8485,3,2,1,3,14325,9960,4232,0,822,0,0,-4575,0,3600,689,-1421,1537,1537,0,3660,4460,0,0,0
20241203,171,2,26,2600200,TRUE,71,8,Never married,1,0,1,0,9960,1710000000,0,0,171001,1,26406,0.8303,0.8485,3,2,1,3,14325,9960,4232,0,822,0,0,-4575,0,3600,689,-1421,1537,1537,0,3660,4460,0,0,0
20241203,171,3,26,2600200,TRUE,99,2,Never married,2,0,1,0,9960,1710000000,0,0,171001,1,26406,0.8303,0.8485,3,2,1,3,14325,9960,4232,0,822,0,0,-4575,0,3600,689,-1421,1537,1537,0,3660,4460,0,0,0
20241203,172,1,24,2400504,FALSE,49,28,Never married,2,4,1,0,135000,1720000000,1,625,172001,0,18698,0.4635,1.0929,1,0,1,1,93563,135000,0,0,0,0,0,22476,22476,0,10328,6271,1737,1737,0,0,625,0,0,0
20241203,173,1,12,1210103,FALSE,56,67,Widowed,2,2,1,0,0,1730000000,0,104,173001,0,14885,0.4635,1.0404,1,0,1,2,14896,15000,0,0,0,0,0,0,0,0,0,0,0,0,0,0,104,0,0,0
20241203,174,1,24,2401007,FALSE,48,66,Married,1,4,1,0,186500,1740000000,936,200,174001,0,34938,1,1.1318,3,0,3,2,137691,198500,0,0,0,0,0,24891,24891,0,11591,8359,2472,2472,0,8864,13496,1979,0,0
20241203,174,2,24,2401007,FALSE,45,69,Married,2,4,3,0,186500,1740000000,2391,250,174001,0,34938,1,1.1318,3,0,3,2,137691,198500,0,0,0,0,0,24891,24891,0,11591,8359,2472,2472,0,8864,13496,1979,0,0
20241203,174,3,24,2401007,FALSE,62,31,Never married,2,4,4,0,186500,1740000000,7200,225,174001,0,34938,1,1.1318,3,0,3,2,137691,198500,0,0,0,0,0,24891,24891,0,11591,8359,2472,2472,0,8864,13496,0,0,0
20241203,175,1,6,608106,FALSE,93,27,Never married,1,4,3,0,48000,1750000000,62,0,175001,0,24813,0.4635,1.4284,1,0,1,3,37614,48000,0,0,0,0,0,3878,3878,0,3672,1037,1737,1737,0,62,62,0,0,0
20241203,175,2,6,608106,FALSE,65,30,Never married,1,4,2,1,45000,1750000012,1,300,175003,0,24813,0.4635,1.4284,1,0,1,3,35205,45000,0,0,0,0,0,3518,3518,0,3443,797,1737,1737,0,0,300,0,0,0
20241203,176,1,39,3902702,FALSE,44,62,Married,2,3,1,0,25600,1760000000,2083,450,176001,0,17892,0.6535,0.887,2,0,2,2,51176,63150,0,0,0,0,0,0,0,0,0,0,0,0,0,3141,11974,0,0,0
20241203,176,2,39,3902702,FALSE,47,64,Married,1,4,1,0,25600,1760000000,4200,8382,176001,0,17892,0.6535,0.887,2,0,2,2,51176,63150,0,0,0,0,0,0,0,0,0,0,0,0,0,3141,11974,0,0,0
20241203,178,1,48,4802516,FALSE,305,39,Divorced,2,3,4,1,35000,1780000000,1560,1351,178001,0,38357,0.9529,1.074,4,3,1,3,46750,45000,0,0,2466,0,0,-7680,1420,4600,3443,0,1737,1737,0,1560,3216,0,0,0
20241203,178,2,48,4802516,FALSE,319,17,Never married,1,0,4,1,35000,1780000000,0,225,178001,0,38357,0.9529,1.074,4,3,1,3,46750,45000,0,0,2250,0,0,-7680,1420,4600,3443,0,1737,1737,0,1560,3216,0,0,0
20241203,178,3,48,4802516,FALSE,312,15,Never married,2,0,4,1,35000,1780000000,0,80,178001,0,38357,0.9529,1.074,4,3,1,3,46750,45000,0,0,2250,0,0,-7680,1420,4600,3443,0,1737,1737,0,1560,3216,0,0,0
20241203,178,4,48,4802516,FALSE,320,13,Never married,2,0,4,1,35000,1780000000,0,0,178001,0,38357,0.9529,1.074,4,3,1,3,46750,45000,0,0,2466,0,0,-7680,1420,4600,3443,0,1737,1737,0,1560,3216,0,0,0
20241203,179,1,36,3601600,FALSE,52,80,Widowed,2,1,1,0,25500,1790000000,4000,17,179001,0,18121,0.6535,0.8983,2,0,2,2,39250,53300,0,0,0,0,0,980,980,0,1683,563,1737,1737,0,6701,9087,1979,0,0
20241203,179,2,36,3601600,FALSE,17,58,Never married,2,1,1,0,0,1790000012,2701,390,179001,0,18121,0.6535,0.8983,2,0,2,2,39250,53300,0,0,0,0,0,980,980,0,1683,563,1737,1737,0,6701,9087,0,0,0
20241203,180,1,17,1709702,FALSE,98,76,Married,1,4,1,0,105600,1800000000,3714,1450,180001,0,24909,0.6535,1.0326,2,0,2,1,83903,111000,0,0,0,0,0,8548,8548,0,5738,3373,1837,1837,0,3159,7600,1979,0,0
20241203,180,2,17,1709702,FALSE,92,66,Married,2,3,1,0,105600,1800000000,2603,1013,180001,0,24909,0.6535,1.0326,2,0,2,1,83903,111000,0,0,0,0,0,8548,8548,0,5738,3373,1837,1837,0,3159,7600,0,0,0
20241203,181,1,26,2602300,FALSE,40,28,Never married,2,4,1,0,100000,1810000000,1,52,181001,0,12727,0.4635,0.8895,1,0,1,2,72469,100000,0,0,0,0,0,14261,14261,0,7650,3831,1737,1737,0,0,52,0,0,0
20241203,182,1,6,607104,FALSE,116,67,Married,2,2,1,0,13250,1820000000,0,156,182001,0,40920,1,1.1085,3,0,3,1,45614,68000,0,0,0,0,0,0,0,0,0,0,0,0,0,0,22386,1979,0,0
20241203,182,2,6,607104,FALSE,124,68,Married,1,2,1,0,13250,1820000000,0,50,182001,0,40920,1,1.1085,3,0,3,1,45614,68000,0,0,0,0,0,0,0,0,0,0,0,0,0,0,22386,1979,0,0
20241203,182,3,6,607104,FALSE,191,31,Never married,1,2,1,0,0,1820000013,0,18222,182001,0,40920,1,1.1085,3,0,3,1,45614,68000,0,0,0,0,0,0,0,0,0,0,0,0,0,0,22386,0,0,0
20241203,183,1,48,4806000,FALSE,69,68,Married,1,4,1,0,154020,1830000000,0,975,183001,0,18107,0.6535,0.8976,2,0,2,2,130899,163200,0,0,0,0,0,17745,17745,0,0,0,0,0,0,0,14556,1979,0,0
20241203,183,2,48,4806000,FALSE,91,69,Married,2,4,1,0,154020,1830000000,0,9623,183001,0,18107,0.6535,0.8976,2,0,2,2,130899,163200,0,0,0,0,0,17745,17745,0,0,0,0,0,0,0,14556,1979,0,0
20241203,184,1,18,1802900,FALSE,54,57,Married,2,3,1,0,181700,1840000000,139,1200,184001,0,22731,0.6535,0.9423,2,0,2,1,133204,181700,0,0,0,0,0,24495,24495,0,12347,5661,3474,3474,0,1111,2519,0,0,0
20241203,184,2,18,1802900,FALSE,53,56,Married,1,3,1,0,181700,1840000000,2083,208,184001,0,22731,0.6535,0.9423,2,0,2,1,133204,181700,0,0,0,0,0,24495,24495,0,12347,5661,3474,3474,0,1111,2519,0,0,0
20241203,185,1,48,4801800,FALSE,225,32,Never married,2,4,1,0,42000,1850000000,1351,3124,185001,0,35889,1.1139,0.8596,4,1,3,3,99435,126400,0,0,750,0,0,3379,6108,729,6885,0,3474,3474,0,4164,13977,0,1,0
20241203,185,2,48,4801800,FALSE,118,45,Never married,1,2,1,0,48000,1850000012,2814,2138,185001,0,35889,1.1139,0.8596,4,1,3,3,99435,126400,0,0,822,0,0,3379,6108,729,6885,0,3474,3474,0,4164,13977,0,1,0
20241203,185,3,48,4801800,FALSE,209,8,Never married,2,0,1,0,42000,1850000000,0,0,185001,0,35889,1.1139,0.8596,4,1,3,3,99435,126400,0,0,822,0,0,3379,6108,729,6885,0,3474,3474,0,4164,13977,0,1,0
20241203,185,4,48,4801800,FALSE,196,74,Widowed,2,2,1,0,600,1850000014,1,4550,185001,0,35889,1.1139,0.8596,4,1,3,3,99435,126400,0,0,822,0,0,3379,6108,729,6885,0,3474,3474,0,4164,13977,0,1,0
20241203,186,1,21,2101000,FALSE,28,68,Divorced,1,1,1,0,15300,1860000000,0,100,186001,0,14162,0.4635,0.8153,1,0,1,3,15109,15300,0,0,0,0,0,0,0,0,0,91,0,0,0,0,100,0,0,0
20241203,187,1,23,2300800,FALSE,143,31,Married,2,4,1,0,320600,1870000000,90,937,187001,0,34607,0.8802,1.0651,3,1,2,1,213213,320600,0,0,0,0,0,57327,57096,0,19890,20852,3474,3474,0,1607,5844,0,0,0
20241203,187,2,23,2300800,FALSE,133,34,Married,1,4,1,0,320600,1870000000,3124,3300,187001,0,34607,0.8802,1.0651,3,1,2,1,213213,320600,0,0,0,0,0,57327,57096,0,19890,20852,3474,3474,0,1607,5844,0,0,0
20241203,187,3,23,2300800,FALSE,138,1,Never married,2,0,1,0,320600,1870000000,0,0,187001,0,34607,0.8802,1.0651,3,1,2,1,213213,320600,0,0,0,0,0,57327,57096,0,19890,20852,3474,3474,0,1607,5844,0,0,0
20241203,188,1,15,1500200,FALSE,17,59,Married,2,2,4,0,64000,1880000000,2256,2476,188001,0,42513,1.1139,1.0339,4,1,3,1,58614,77400,0,0,750,0,0,1916,3916,0,5738,3375,2305,2305,0,1128,6201,0,0,0
20241203,188,2,15,1500200,FALSE,30,60,Married,1,2,4,0,64000,1880000000,1,1270,188001,0,42513,1.1139,1.0339,4,1,3,1,58614,77400,0,0,822,0,0,1916,3916,0,5738,3375,2305,2305,0,1128,6201,0,0,0
20241203,188,3,15,1500200,FALSE,33,23,Never married,1,0,4,0,11000,1880000013,1,989,188001,0,42513,1.1139,1.0339,4,1,3,1,58614,77400,0,0,750,0,0,1916,3916,0,5738,3375,2305,2305,0,1128,6201,0,0,0
20241203,188,4,15,1500200,FALSE,55,16,Never married,2,0,4,0,64000,1880000000,0,338,188001,0,42513,1.1139,1.0339,4,1,3,1,58614,77400,0,0,822,0,0,1916,3916,0,5738,3375,2305,2305,0,1128,6201,0,0,0
20241203,189,1,25,2500201,FALSE,11,80,Married,2,3,1,0,0,1890000000,0,225,189001,0,30262,1,0.9803,3,0,3,2,32190,32600,4389,0,0,0,0,0,0,0,0,0,0,0,0,0,4799,1979,0,0
20241203,189,2,25,2500201,FALSE,9,82,Married,1,3,1,0,0,1890000000,0,521,189001,0,30262,1,0.9803,3,0,3,2,32190,32600,4389,0,0,0,0,0,0,0,0,0,0,0,0,0,4799,1979,0,0
20241203,189,3,25,2500201,FALSE,22,19,Never married,1,0,4,0,0,1890000000,0,96,189001,0,30262,1,0.9803,3,0,3,2,32190,32600,4389,0,0,0,0,0,0,0,0,0,0,0,0,0,4799,0,0,0
20241203,190,1,49,4949001,FALSE,60,69,Married,1,4,1,0,106240,1900000000,1,3384,190001,0,19632,0.6535,0.9732,2,0,2,2,81660,108400,0,0,0,0,0,8625,8625,0,5508,4043,1737,1737,0,840,6828,0,0,0
20241203,190,2,49,4949001,FALSE,55,68,Married,2,1,1,0,106240,1900000000,1680,625,190001,0,19632,0.6535,0.9732,2,0,2,2,81660,108400,0,0,0,0,0,8625,8625,0,5508,4043,1737,1737,0,840,6828,1979,0,0
20241203,191,1,53,5323301,FALSE,165,27,Never married,1,4,1,0,48000,1910000000,563,225,191001,0,21219,0.4635,1.2215,1,0,1,3,37925,48000,0,0,0,0,0,3878,3878,0,3672,0,1737,1737,0,563,788,0,0,0
20241203,192,1,37,3701205,FALSE,69,41,Married,2,4,2,0,131000,1920000000,1519,281,192001,0,42370,1.1139,1.0304,4,1,3,1,138830,216000,0,0,0,0,0,22217,24302,0,16525,8406,27077,5211,21866.28042,760,2943,0,0,0
20241203,192,2,37,3701205,FALSE,61,38,Married,1,4,1,0,131000,1920000000,1,1874,192001,0,42370,1.1139,1.0304,4,1,3,1,138830,216000,0,0,0,0,0,22217,24302,0,16525,8406,27077,5211,21866.28042,760,2943,0,0,0
20241203,192,3,37,3701205,FALSE,109,3,Never married,2,0,2,0,131000,1920000000,0,0,192001,0,42370,1.1139,1.0304,4,1,3,1,138830,216000,0,0,0,0,0,22217,24302,0,16525,8406,27077,5211,21866.28042,760,2943,0,0,0
20241203,192,4,37,3701205,FALSE,58,40,Divorced,1,3,2,0,85000,1920000014,0,28,192001,0,42370,1.1139,1.0304,4,1,3,1,138830,216000,0,0,0,0,0,22217,24302,0,16525,8406,27077,5211,21866.28042,760,2943,0,0,0
20241203,193,1,4,400701,FALSE,41,61,Married,1,2,1,0,27700,1930000000,963,788,193001,0,13152,0.4635,0.9193,1,0,1,2,22825,27700,0,0,0,0,0,1442,1442,0,949,346,869,869,0,482,1269,0,0,0
20241203,193,2,4,400701,TRUE,9,67,Divorced,2,2,1,0,0,1930000012,1,788,193003,1,13152,0.4635,0.9193,1,0,1,2,-763,0,0,0,0,0,0,0,0,0,0,-25,0,0,0,0,788,0,0,0
20241203,194,1,36,3600403,FALSE,15,70,Married,2,3,1,0,49470,1940000000,0,250,194001,0,20825,0.6535,0.8633,2,0,2,1,56591,67900,0,0,0,0,0,1877,1877,0,1989,398,1737,1737,0,0,5308,1979,0,0
20241203,194,2,36,3600403,FALSE,13,69,Married,1,2,1,0,49470,1940000000,0,1100,194001,0,20825,0.6535,0.8633,2,0,2,1,56591,67900,0,0,0,0,0,1877,1877,0,1989,398,1737,1737,0,0,5308,1979,0,0
20241203,195,1,48,4805916,FALSE,98,61,Married,1,3,1,0,89294,1950000000,3250,2814,195001,0,20173,0.6535,1,2,0,2,2,59464,90000,0,0,0,0,0,6951,6951,0,7533,0,2940,2940,0,2927,13112,0,0,0
20241203,195,2,48,4805916,FALSE,110,60,Married,2,4,4,1,89294,1950000000,2603,7372,195001,0,20173,0.6535,1,2,0,2,2,59464,90000,0,0,0,0,0,6951,6951,0,7533,0,2940,2940,0,2927,13112,0,0,0
20241203,196,1,16,1600800,FALSE,110,21,Never married,2,0,1,0,25000,1960000000,0,2395,196001,0,17164,0.4635,0.988,1,0,1,3,17561,25000,0,0,0,0,0,1118,1118,0,1913,276,1737,1737,0,0,2395,0,0,0
20241203,197,1,40,4021200,FALSE,27,41,Married,2,2,1,0,55000,1970000000,3749,563,197001,0,34125,1.1139,0.8299,5,3,2,1,60303,65800,0,0,2250,0,0,-3433,2836,1769,5034,1172,1737,1737,0,2474,3237,0,0,0
20241203,197,2,40,4021200,FALSE,28,40,Married,1,2,1,0,55000,1970000000,1200,100,197001,0,34125,1.1139,0.8299,5,3,2,1,60303,65800,0,0,2250,0,0,-3433,2836,1769,5034,1172,1737,1737,0,2474,3237,0,0,0
20241203,197,3,40,4021200,FALSE,22,17,Never married,1,0,1,0,55000,1970000000,0,100,197001,0,34125,1.1139,0.8299,5,3,2,1,60303,65800,0,0,2250,0,0,-3433,2836,1769,5034,1172,1737,1737,0,2474,3237,0,0,0
20241203,197,4,40,4021200,FALSE,30,14,Never married,1,0,1,0,55000,1970000000,0,0,197001,0,34125,1.1139,0.8299,5,3,2,1,60303,65800,0,0,2250,0,0,-3433,2836,1769,5034,1172,1737,1737,0,2474,3237,0,0,0
20241203,197,5,40,4021200,FALSE,35,9,Never married,2,0,1,0,55000,1970000000,0,0,197001,0,34125,1.1139,0.8299,5,3,2,1,60303,65800,0,0,2250,0,0,-3433,2836,1769,5034,1172,1737,1737,0,2474,3237,0,0,0
20241203,199,1,20,2001301,FALSE,73,76,Married,2,2,1,0,79050,1990000000,1472,1463,199001,0,21716,0.6535,0.8866,2,0,2,3,52793,80400,0,0,0,0,0,5362,5362,0,0,2194,0,0,0,4380,20051,1979,0,0
20241203,199,2,20,2001301,FALSE,68,78,Married,1,1,1,0,79050,1990000000,7289,10250,199001,0,21716,0.6535,0.8866,2,0,2,3,52793,80400,0,0,0,0,0,5362,5362,0,0,2194,0,0,0,4380,20051,1979,0,0
20241203,200,1,4,400122,FALSE,56,63,Never married,2,2,1,0,12000,2000000000,0,340,200001,1,21261,0.6535,1.0539,2,0,2,2,20588,25300,125,0,0,0,0,-863,0,863,1836,-50,3474,3474,0,0,440,0,0,0
20241203,200,2,4,400122,FALSE,59,36,Never married,1,2,1,0,12000,2000000012,0,100,200001,1,21261,0.6535,1.0539,2,0,2,2,20588,25300,125,0,0,0,0,-863,0,863,1836,-50,3474,3474,0,0,440,0,0,0
20241203,202,1,17,1709500,FALSE,60,67,Married,2,4,1,0,161850,2020000000,3377,23,202001,0,18270,0.6535,0.9057,2,0,2,2,123681,163200,0,0,0,0,0,19798,19798,0,7650,4660,1737,1737,0,4188,5674,0,0,0
20241203,202,2,17,1709500,FALSE,58,62,Married,1,4,1,0,161850,2020000000,5000,1463,202001,0,18270,0.6535,0.9057,2,0,2,2,123681,163200,0,0,0,0,0,19798,19798,0,7650,4660,1737,1737,0,4188,5674,0,0,0
20241203,203,1,48,4801905,FALSE,110,25,Never married,2,3,1,0,22000,2030000000,0,1050,203001,1,18349,0.4635,1.0725,1,0,1,1,17165,22000,450,0,0,0,0,815,815,0,1683,0,1737,1737,0,0,1050,0,0,0
20241203,204,1,12,1204798,TRUE,75,57,Divorced,2,2,4,1,0,2040000000,0,200,204001,1,18394,0.6535,0.9118,2,0,2,2,17050,17500,0,0,0,0,0,0,0,0,0,0,0,0,0,0,450,0,1,0
20241203,204,2,12,1204798,TRUE,63,55,Divorced,1,2,1,0,0,2040000012,0,250,204001,1,18394,0.6535,0.9118,2,0,2,2,17050,17500,0,0,0,0,0,0,0,0,0,0,0,0,0,0,450,0,1,0
20241203,205,1,12,1207103,FALSE,58,63,Married,1,4,1,0,32000,2050000000,1250,1126,205001,1,26002,0.6535,1.0616,2,0,2,3,20637,32000,0,0,0,0,0,430,430,0,2448,0,1737,1737,0,3749,6748,0,0,0
20241203,205,2,12,1207103,FALSE,54,61,Married,2,2,1,0,32000,2050000000,6248,1874,205001,1,26002,0.6535,1.0616,2,0,2,3,20637,32000,0,0,0,0,0,430,430,0,2448,0,1737,1737,0,3749,6748,0,0,0
20241203,206,1,26,2602300,TRUE,27,66,Widowed,2,2,1,0,20,2060000000,828,937,206001,1,20783,0.6535,0.8485,2,0,2,3,15337,13720,396,3144,0,0,0,-176,0,176,176,-418,501,501,0,828,1840,0,0,0
20241203,206,2,26,2602300,TRUE,24,36,Never married,1,2,1,0,600,2060000012,0,75,206001,1,20783,0.6535,0.8485,2,0,2,3,15337,13720,396,3144,0,0,0,-176,0,176,176,-418,501,501,0,828,1840,0,0,0
20241203,207,1,6,601700,FALSE,41,65,Divorced,1,3,1,0,56261,2070000000,1486,475,207001,0,19299,0.4635,1.128,1,0,1,1,40310,60500,0,0,0,0,0,4647,4647,0,8478,1388,1737,1737,0,1486,3939,1979,0,0
20241203,208,1,30,3000500,FALSE,143,53,Married,2,4,1,0,307207,2080000000,1,130,208001,0,32782,1,0.888,3,0,3,1,207148,315900,0,0,0,0,0,56056,53882,0,22217,17890,3474,3474,0,5623,9115,0,0,0
20241203,208,2,30,3000500,FALSE,156,62,Married,1,3,1,0,307207,2080000000,11246,3250,208001,0,32782,1,0.888,3,0,3,1,207148,315900,0,0,0,0,0,56056,53882,0,22217,17890,3474,3474,0,5623,9115,0,0,0
20241203,208,3,30,3000500,FALSE,112,84,Widowed,2,1,1,0,1600,2080000013,0,113,208001,0,32782,1,0.888,3,0,3,1,207148,315900,0,0,0,0,0,56056,53882,0,22217,17890,3474,3474,0,5623,9115,0,0,0
20241203,209,1,29,2901400,FALSE,50,84,Married,1,3,1,0,10600,2090000000,0,9100,209001,0,18055,0.6535,0.895,2,0,2,2,33242,46400,0,0,0,0,0,0,0,0,0,0,0,0,0,0,13158,1979,0,0
20241203,209,2,29,2901400,FALSE,66,83,Married,2,3,1,0,10600,2090000000,0,100,209001,0,18055,0.6535,0.895,2,0,2,2,33242,46400,0,0,0,0,0,0,0,0,0,0,0,0,0,0,13158,1979,0,0
20241203,210,1,4,401904,FALSE,76,37,Married,2,4,1,0,498665,2100000000,10,1000,210001,0,38748,1.1139,0.9423,5,3,2,1,350865,512000,0,0,0,0,0,107524,108627,0,25928,11774,12928,3474,9454.208417,1881,2981,0,0,0
20241203,210,2,4,401904,FALSE,73,41,Married,1,4,1,0,498665,2100000000,3752,100,210001,0,38748,1.1139,0.9423,5,3,2,1,350865,512000,0,0,0,0,0,107524,108627,0,25928,11774,12928,3474,9454.208417,1881,2981,0,0,0
20241203,210,3,4,401904,FALSE,74,6,Never married,2,0,1,0,498665,2100000000,0,0,210001,0,38748,1.1139,0.9423,5,3,2,1,350865,512000,0,0,0,0,0,107524,108627,0,25928,11774,12928,3474,9454.208417,1881,2981,0,0,0
20241203,210,4,4,401904,FALSE,92,4,Never married,1,0,1,0,498665,2100000000,0,0,210001,0,38748,1.1139,0.9423,5,3,2,1,350865,512000,0,0,0,0,0,107524,108627,0,25928,11774,12928,3474,9454.208417,1881,2981,0,0,0
20241203,210,5,4,401904,FALSE,91,4,Never married,1,0,1,0,498665,2100000000,0,0,210001,0,38748,1.1139,0.9423,5,3,2,1,350865,512000,0,0,0,0,0,107524,108627,0,25928,11774,12928,3474,9454.208417,1881,2981,0,0,0
20241203,211,1,39,3903702,FALSE,409,43,Married,1,2,4,1,133740,2110000000,5668,1126,211001,0,39918,1.2231,0.8841,4,0,4,1,108342,151740,0,0,163,0,0,13444,13944,0,10990,3265,5311,5311,0,5519,10551,0,0,0
20241203,211,2,39,3903702,FALSE,348,48,Married,2,3,1,0,133740,2110000000,2000,2707,211001,0,39918,1.2231,0.8841,4,0,4,1,108342,151740,0,0,163,0,0,13444,13944,0,10990,3265,5311,5311,0,5519,10551,0,0,0
20241203,211,3,39,3903702,FALSE,202,23,Never married,2,0,4,1,7100,2110000013,1581,1050,211001,0,39918,1.2231,0.8841,4,0,4,1,108342,151740,0,0,163,0,0,13444,13944,0,10990,3265,5311,5311,0,5519,10551,0,0,0
20241203,211,4,39,3903702,FALSE,200,18,Never married,2,0,4,1,133740,2110000000,104,150,211001,0,39918,1.2231,0.8841,4,0,4,1,108342,151740,0,0,163,0,0,13444,13944,0,10990,3265,5311,5311,0,5519,10551,0,0,0
20241203,212,1,9,920703,FALSE,88,60,Married,1,2,4,1,41300,2120000000,8200,2026,212001,0,24992,0.6535,1.036,2,0,2,1,25724,41300,0,0,0,0,0,1360,1360,0,3160,400,3474,3474,0,4256,7182,0,0,0
20241203,212,2,9,920703,FALSE,89,61,Married,2,2,4,1,41300,2120000000,312,900,212001,0,24992,0.6535,1.036,2,0,2,1,25724,41300,0,0,0,0,0,1360,1360,0,3160,400,3474,3474,0,4256,7182,0,0,0
20241203,213,1,6,603900,FALSE,41,52,Married,1,1,4,1,27881,2130000000,600,52,213001,0,42544,1.2231,0.9423,4,0,4,1,85043,111000,0,0,0,0,0,6086,10099,3995,10436,3474,3474,3474,0,1941,2487,0,0,0
20241203,213,2,6,603900,FALSE,36,54,Married,2,1,4,1,27881,2130000000,1,390,213001,0,42544,1.2231,0.9423,4,0,4,1,85043,111000,0,0,0,0,0,6086,10099,3995,10436,3474,3474,3474,0,1941,2487,0,0,0
20241203,213,3,6,603900,FALSE,48,28,Never married,2,4,4,1,81000,2130000013,703,52,213001,0,42544,1.2231,0.9423,4,0,4,1,85043,111000,0,0,0,0,0,6086,10099,3995,10436,3474,3474,3474,0,1941,2487,0,0,0
20241203,213,4,6,603900,FALSE,54,23,Married,2,0,4,1,27881,2130000000,1874,52,213001,0,42544,1.2231,0.9423,4,0,4,1,85043,111000,0,0,0,0,0,6086,10099,3995,10436,3474,3474,3474,0,1941,2487,0,0,0
20241203,214,1,42,4203701,FALSE,369,28,Never married,1,3,1,0,63000,2140000000,338,90,214001,0,15609,0.4635,0.9123,1,0,1,1,47961,63000,0,0,0,0,0,6121,6121,0,4820,1934,1737,1737,0,338,428,0,0,0
20241203,216,1,36,3601900,FALSE,23,59,Married,1,4,1,0,52728,2160000000,394,675,216001,0,24123,0.6535,1,2,0,2,1,33983,54000,0,0,0,0,0,2563,2563,0,5297,1685,3474,3474,0,197,6997,0,0,0
20241203,216,2,36,3601900,FALSE,22,61,Married,2,4,1,0,52728,2160000000,1,6125,216001,0,24123,0.6535,1,2,0,2,1,33983,54000,0,0,0,0,0,2563,2563,0,5297,1685,3474,3474,0,197,6997,0,0,0
20241203,217,1,6,605302,FALSE,160,38,Never married,1,3,3,0,21375,2170000000,0,26,217001,0,64468,1.4299,1.2029,6,2,4,3,91452,86800,0,0,822,0,0,-10020,58,7189,4015,-578,2071,2071,0,21,682,0,1,0
20241203,217,2,6,605302,TRUE,78,31,Never married,2,3,3,0,10000,2170000012,0,260,217001,0,64468,1.4299,1.2029,6,2,4,3,91452,86800,0,0,822,0,0,-10020,58,7189,4015,-578,2071,2071,0,21,682,0,1,0
20241203,217,3,6,605302,FALSE,232,6,Never married,2,0,3,0,21375,2170000000,0,0,217001,0,64468,1.4299,1.2029,6,2,4,3,91452,86800,0,0,822,0,0,-10020,58,7189,4015,-578,2071,2071,0,21,682,0,1,0
20241203,217,4,6,605302,FALSE,162,4,Never married,1,0,3,0,21375,2170000000,0,0,217001,0,64468,1.4299,1.2029,6,2,4,3,91452,86800,0,0,822,0,0,-10020,58,7189,4015,-578,2071,2071,0,21,682,0,1,0
20241203,217,5,6,605302,FALSE,107,77,Separated,1,2,3,0,4543,2170000015,0,10,217001,0,64468,1.4299,1.2029,6,2,4,3,91452,86800,0,0,822,0,0,-10020,58,7189,4015,-578,2071,2071,0,21,682,0,1,0
20241203,217,6,6,605302,FALSE,116,57,Separated,2,1,3,0,1600,2170000016,21,364,217001,0,64468,1.4299,1.2029,6,2,4,3,91452,86800,0,0,822,0,0,-10020,58,7189,4015,-578,2071,2071,0,21,682,0,1,0
20241203,218,1,17,1703700,FALSE,62,58,Divorced,1,2,1,0,99834,2180000000,450,318,218001,0,24909,0.6535,1.0326,2,0,2,1,76634,102740,0,0,0,0,0,10588,11088,0,7770,4702,2138,2138,0,450,908,0,0,0
20241203,218,2,17,1703700,FALSE,131,18,Never married,2,0,1,0,99834,2180000000,1,141,218001,0,24909,0.6535,1.0326,2,0,2,1,76634,102740,0,0,0,0,0,10588,11088,0,7770,4702,2138,2138,0,450,908,0,0,0
20241203,219,1,12,1207301,FALSE,42,38,Married,1,4,1,0,164600,2190000000,364,28,219001,0,19645,0.6535,0.9738,2,0,2,2,120877,164600,0,0,0,0,0,20733,20733,0,12546,0,3474,3474,0,4234,6969,0,0,0
20241203,219,2,12,1207301,FALSE,45,37,Married,2,4,1,0,164600,2190000000,8104,2707,219001,0,19645,0.6535,0.9738,2,0,2,2,120877,164600,0,0,0,0,0,20733,20733,0,12546,0,3474,3474,0,4234,6969,0,0,0
20241203,220,1,24,2401300,FALSE,95,46,Married,2,4,1,0,225000,2200000000,1801,208,220001,0,29770,0.8802,0.9162,3,1,2,1,159491,225000,0,0,0,0,0,32152,34152,0,16407,10614,3474,3474,0,1924,2861,0,0,0
20241203,220,2,24,2401300,FALSE,72,45,Married,1,4,1,0,225000,2200000000,2048,729,220001,0,29770,0.8802,0.9162,3,1,2,1,159491,225000,0,0,0,0,0,32152,34152,0,16407,10614,3474,3474,0,1924,2861,0,0,0
20241203,220,3,24,2401300,FALSE,69,12,Never married,2,0,1,0,225000,2200000000,0,0,220001,0,29770,0.8802,0.9162,3,1,2,1,159491,225000,0,0,0,0,0,32152,34152,0,16407,10614,3474,3474,0,1924,2861,0,0,0
20241203,221,1,4,401905,FALSE,200,43,Married,2,3,4,1,34200,2210000000,0,281,221001,0,34784,1,0.9423,4,2,2,1,35967,34200,2187,0,0,0,0,-8524,650,5324,2617,0,5973,3474,2499.003476,0,354,0,0,0
20241203,221,2,4,401905,FALSE,164,50,Married,1,1,4,1,34200,2210000000,0,23,221001,0,34784,1,0.9423,4,2,2,1,35967,34200,2187,0,0,0,0,-8524,650,5324,2617,0,5973,3474,2499.003476,0,354,0,0,0
20241203,221,3,4,401905,FALSE,150,16,Never married,2,0,4,1,34200,2210000000,0,50,221001,0,34784,1,0.9423,4,2,2,1,35967,34200,2187,0,0,0,0,-8524,650,5324,2617,0,5973,3474,2499.003476,0,354,0,0,0
20241203,221,4,4,401905,FALSE,210,10,Never married,1,0,4,1,34200,2210000000,0,0,221001,0,34784,1,0.9423,4,2,2,1,35967,34200,2187,0,0,0,0,-8524,650,5324,2617,0,5973,3474,2499.003476,0,354,0,0,0
20241203,222,1,13,1304701,FALSE,357,45,Married,1,4,2,0,90400,2220000000,0,11,222001,0,49321,1.3282,0.9907,5,1,4,3,86591,104700,0,0,163,0,0,5084,7084,0,5072,3957,3474,3474,0,0,685,0,0,0
20241203,222,2,13,1304701,FALSE,346,41,Married,2,4,2,0,90400,2220000000,0,619,222001,0,49321,1.3282,0.9907,5,1,4,3,86591,104700,0,0,163,0,0,5084,7084,0,5072,3957,3474,3474,0,0,685,0,0,0
20241203,222,3,13,1304701,FALSE,338,10,Never married,1,0,2,0,90400,2220000000,0,0,222001,0,49321,1.3282,0.9907,5,1,4,3,86591,104700,0,0,163,0,0,5084,7084,0,5072,3957,3474,3474,0,0,685,0,0,0
20241203,222,4,13,1304701,FALSE,217,75,Married,1,2,2,0,14300,2220000001,0,55,222001,0,49321,1.3282,0.9907,5,1,4,3,86591,104700,0,0,163,0,0,5084,7084,0,5072,3957,3474,3474,0,0,685,0,0,0
20241203,222,5,13,1304701,FALSE,244,71,Married,2,2,2,0,14300,2220000001,0,1,222001,0,49321,1.3282,0.9907,5,1,4,3,86591,104700,0,0,163,0,0,5084,7084,0,5072,3957,3474,3474,0,0,685,0,0,0
20241203,223,1,32,3200401,FALSE,101,58,Married,1,4,1,0,186000,2230000000,563,338,223001,0,38245,1,1.036,3,0,3,1,152940,203000,0,0,0,0,0,24941,25441,0,15301,0,5211,5211,0,3405,4607,0,0,0
20241203,223,2,32,3200401,FALSE,116,51,Married,2,2,1,0,186000,2230000000,1,364,223001,0,38245,1,1.036,3,0,3,1,152940,203000,0,0,0,0,0,24941,25441,0,15301,0,5211,5211,0,3405,4607,0,0,0
20241203,223,3,32,3200401,FALSE,117,23,Never married,1,0,1,0,186000,2230000000,3124,500,223001,0,38245,1,1.036,3,0,3,1,152940,203000,0,0,0,0,0,24941,25441,0,15301,0,5211,5211,0,3405,4607,0,0,0
20241203,224,1,17,1703113,FALSE,57,29,Never married,2,2,1,0,18587,2240000000,1041,312,224001,1,17666,0.4635,1.0326,1,0,1,1,12810,20000,0,0,0,0,0,474,474,0,2826,800,1737,1737,0,1041,1354,0,0,0
20241203,225,1,12,1200500,FALSE,83,52,Separated,2,3,4,0,24100,2250000000,1,338,225001,1,24765,0.6535,1.0111,2,0,2,3,23886,24100,1424,0,0,0,0,-3589,330,3589,1652,0,1737,1737,0,450,1838,0,0,0
20241203,225,2,12,1200500,FALSE,267,18,Never married,2,0,4,0,24100,2250000000,450,1050,225001,1,24765,0.6535,1.0111,2,0,2,3,23886,24100,1424,0,0,0,0,-3589,330,3589,1652,0,1737,1737,0,450,1838,0,0,0
20241203,226,1,12,1201104,FALSE,324,66,Married,1,3,1,0,142519,2260000000,0,1,226001,0,57414,1.3282,1.1533,5,1,4,3,182552,241000,0,0,0,0,0,26176,26176,0,24165,0,3474,3474,0,0,4633,1979,0,0
20241203,226,2,12,1201104,FALSE,309,72,Married,2,3,1,0,142519,2260000000,0,1,226001,0,57414,1.3282,1.1533,5,1,4,3,182552,241000,0,0,0,0,0,26176,26176,0,24165,0,3474,3474,0,0,4633,1979,0,0
20241203,226,3,12,1201104,FALSE,331,47,Never married,2,2,1,0,0,2260000001,0,225,226001,0,57414,1.3282,1.1533,5,1,4,3,182552,241000,0,0,0,0,0,26176,26176,0,24165,0,3474,3474,0,0,4633,0,0,0
20241203,226,4,12,1201104,FALSE,292,25,Never married,2,2,1,0,85000,2260000014,0,450,226001,0,57414,1.3282,1.1533,5,1,4,3,182552,241000,0,0,0,0,0,26176,26176,0,24165,0,3474,3474,0,0,4633,0,0,0
20241203,226,5,12,1201104,FALSE,384,8,Never married,2,0,1,0,0,2260000001,0,0,226001,0,57414,1.3282,1.1533,5,1,4,3,182552,241000,0,0,0,0,0,26176,26176,0,24165,0,3474,3474,0,0,4633,0,0,0
20241203,228,1,6,608521,FALSE,145,60,Married,2,3,3,0,77320,2280000000,1,26,228001,0,36833,0.6535,1.5269,2,0,2,1,56760,80200,0,0,0,0,0,5514,5514,0,4667,483,1737,1737,0,1013,11039,0,0,0
20241203,228,2,6,608521,FALSE,128,64,Married,1,2,3,0,77320,2280000000,2026,10000,228001,0,36833,0.6535,1.5269,2,0,2,1,56760,80200,0,0,0,0,0,5514,5514,0,4667,483,1737,1737,0,1013,11039,0,0,0
20241203,229,1,34,3400602,FALSE,191,36,Never married,1,4,3,0,120000,2290000000,1800,366,229001,0,20065,0.4635,1.1551,1,0,1,3,82585,120000,0,0,0,0,0,18876,18876,0,9180,5456,1737,1737,0,1800,2166,0,0,0
20241203,230,1,13,1301200,FALSE,388,40,Never married,2,4,1,0,45800,2300000000,2026,52,230001,0,18171,0.4635,1.0621,1,0,1,1,32873,45800,0,0,0,0,0,3614,3614,0,3503,1995,1737,1737,0,2026,2078,0,0,0
20241203,231,1,12,1200903,FALSE,67,37,Married,1,2,1,0,123000,2310000000,12000,338,231001,0,46463,1.2231,1.0291,4,0,4,1,123854,166000,0,0,0,0,0,13111,13111,0,12700,0,6948,6948,0,7133,9387,0,0,0
20241203,231,2,12,1200903,FALSE,65,41,Married,2,4,1,0,123000,2310000000,646,200,231001,0,46463,1.2231,1.0291,4,0,4,1,123854,166000,0,0,0,0,0,13111,13111,0,12700,0,6948,6948,0,7133,9387,0,0,0
20241203,231,3,12,1200903,FALSE,76,23,Never married,2,0,1,0,22000,2310000013,1,1041,231001,0,46463,1.2231,1.0291,4,0,4,1,123854,166000,0,0,0,0,0,13111,13111,0,12700,0,6948,6948,0,7133,9387,0,0,0
20241203,231,4,12,1200903,FALSE,77,20,Never married,1,0,1,0,21000,2310000014,810,675,231001,0,46463,1.2231,1.0291,4,0,4,1,123854,166000,0,0,0,0,0,13111,13111,0,12700,0,6948,6948,0,7133,9387,0,0,0
20241203,232,1,6,608506,FALSE,60,59,Married,1,1,4,1,30263,2320000000,5402,200,232001,1,37667,0.6535,1.5378,2,0,2,3,21903,32100,0,0,0,0,0,256,256,0,4140,0,2739,2739,0,2701,3061,0,0,0
20241203,232,2,6,608506,FALSE,56,60,Married,2,2,4,1,30263,2320000000,1,160,232001,1,37667,0.6535,1.5378,2,0,2,3,21903,32100,0,0,0,0,0,256,256,0,4140,0,2739,2739,0,2701,3061,0,0,0
20241203,233,1,42,4203800,FALSE,30,48,Married,2,2,4,0,58800,2330000000,2603,700,233001,0,20208,0.6535,0.825,2,0,2,3,45179,58800,2000,0,0,0,0,3292,3292,0,4498,1805,3474,3474,0,1302,2552,0,0,0
20241203,233,2,42,4203800,FALSE,31,40,Married,1,3,1,1,58800,2330000000,1,550,233001,0,20208,0.6535,0.825,2,0,2,3,45179,58800,2000,0,0,0,0,3292,3292,0,4498,1805,3474,3474,0,1302,2552,0,0,0
20241203,234,1,53,5323308,FALSE,65,25,Never married,1,2,4,1,55761,2340000000,0,3151,234001,0,29919,0.6535,1.2215,2,0,2,3,104073,140000,0,0,0,0,0,14670,14670,0,14598,0,3474,3474,0,0,3185,0,1,0
20241203,234,2,53,5323308,FALSE,73,23,Never married,2,0,4,1,80000,2340000012,0,34,234001,0,29919,0.6535,1.2215,2,0,2,3,104073,140000,0,0,0,0,0,14670,14670,0,14598,0,3474,3474,0,0,3185,0,1,0
20241203,235,1,17,1720101,FALSE,91,58,Married,1,3,1,0,616171,2350000000,567,521,235001,0,18596,0.6535,0.9218,2,0,2,2,414745,632000,0,0,0,0,0,149754,149754,0,30218,30500,3474,3474,0,2683,3308,0,0,0
20241203,235,2,17,1720101,FALSE,125,51,Married,2,4,3,0,616171,2350000000,4800,104,235001,0,18596,0.6535,0.9218,2,0,2,2,414745,632000,0,0,0,0,0,149754,149754,0,30218,30500,3474,3474,0,2683,3308,0,0,0
20241203,237,1,35,3500300,FALSE,64,61,Married,2,4,4,1,115000,2370000000,3500,625,237001,0,17840,0.6535,0.8844,2,0,2,2,86811,115000,0,0,0,0,0,10036,10036,0,7574,3870,3474,3474,0,2250,3235,0,0,0
20241203,237,2,35,3500300,FALSE,115,63,Married,1,3,4,1,115000,2370000000,1000,360,237001,0,17840,0.6535,0.8844,2,0,2,2,86811,115000,0,0,0,0,0,10036,10036,0,7574,3870,3474,3474,0,2250,3235,0,0,0
20241203,238,1,6,605918,FALSE,248,57,Married,1,2,1,0,52000,2380000000,1041,135,238001,0,45171,1.2231,1.1964,4,0,4,2,76976,109300,0,0,0,0,0,3371,4050,179,8363,193,6948,6948,0,11858,13449,0,0,0
20241203,238,2,6,605918,FALSE,210,55,Married,2,3,1,0,52000,2380000000,12000,281,238001,0,45171,1.2231,1.1964,4,0,4,2,76976,109300,0,0,0,0,0,3371,4050,179,8363,193,6948,6948,0,11858,13449,0,0,0
20241203,238,3,6,605918,FALSE,260,24,Never married,1,0,1,0,28800,2380000013,5000,1148,238001,0,45171,1.2231,1.1964,4,0,4,2,76976,109300,0,0,0,0,0,3371,4050,179,8363,193,6948,6948,0,11858,13449,0,0,0
20241203,238,4,6,605918,FALSE,202,21,Never married,2,0,1,0,52000,2380000000,338,26,238001,0,45171,1.2231,1.1964,4,0,4,2,76976,109300,0,0,0,0,0,3371,4050,179,8363,193,6948,6948,0,11858,13449,0,0,0
20241203,239,1,42,4201801,FALSE,46,43,Married,1,2,1,0,160000,2390000000,500,417,239001,0,32077,1.1139,0.9328,4,1,3,2,127338,170000,0,0,1644,0,0,17221,19721,0,13005,4912,5211,5211,0,2319,3957,0,0,0
20241203,239,2,42,4201801,FALSE,49,40,Married,2,4,1,0,160000,2390000000,2701,1013,239001,0,32077,1.1139,0.9328,4,1,3,2,127338,170000,0,0,1500,0,0,17221,19721,0,13005,4912,5211,5211,0,2319,3957,0,0,0
20241203,239,3,42,4201801,FALSE,59,18,Never married,2,0,1,0,160000,2390000000,719,208,239001,0,32077,1.1139,0.9328,4,1,3,2,127338,170000,0,0,1500,0,0,17221,19721,0,13005,4912,5211,5211,0,2319,3957,0,0,0
20241203,239,4,42,4201801,FALSE,49,14,Never married,1,0,1,0,160000,2390000000,0,0,239001,0,32077,1.1139,0.9328,4,1,3,2,127338,170000,0,0,1644,0,0,17221,19721,0,13005,4912,5211,5211,0,2319,3957,0,0,0
20241203,240,1,12,1208500,FALSE,7,82,Divorced,1,4,4,0,0,2400000000,1560,1238,240001,1,14529,0.4635,1.0155,1,0,1,2,14423,19200,0,0,0,0,0,0,0,0,0,0,0,0,0,1560,4777,1979,0,0
20241203,241,1,13,1302302,FALSE,223,50,Never married,1,1,4,1,89000,2410000000,0,1,241001,0,18171,0.4635,1.0621,1,0,1,1,67653,89000,0,0,0,0,0,11841,11841,0,3290,4479,1737,1737,0,0,0,0,0,0
20241203,241,2,13,1302302,FALSE,210,50,Married,1,1,4,1,44000,2410000012,2341,1126,241003,0,18171,0.4635,1.0621,1,0,1,1,31311,44000,0,0,0,0,0,3398,3398,0,3366,1892,1737,1737,0,1171,2296,0,0,0
20241203,243,1,6,607327,FALSE,55,75,Widowed,2,2,1,1,12600,2430000000,0,1200,243001,0,21935,0.4635,1.2821,1,0,1,1,23421,26600,0,0,0,0,0,0,0,0,0,0,0,0,0,0,3179,1979,0,0
20241203,244,1,4,400500,TRUE,64,70,Divorced,1,2,4,0,0,2440000000,0,1458,244001,1,28672,0.8802,1.0552,3,1,2,2,19226,23200,0,0,822,0,0,0,0,0,765,-75,1737,1737,0,0,2369,0,0,0
20241203,244,2,4,400500,TRUE,46,19,Never married,1,0,4,0,10000,2440000012,0,911,244001,1,28672,0.8802,1.0552,3,1,2,2,19226,23200,0,0,822,0,0,0,0,0,765,-75,1737,1737,0,0,2369,0,0,0
20241203,244,3,4,400500,TRUE,91,13,Never married,1,0,4,0,0,2440000000,0,0,244001,1,28672,0.8802,1.0552,3,1,2,2,19226,23200,0,0,822,0,0,0,0,0,765,-75,1737,1737,0,0,2369,0,0,0
20241203,245,1,37,3702900,FALSE,49,50,Divorced,2,4,1,0,75000,2450000000,8851,1562,245001,0,25817,0.6994,1,2,1,1,1,50363,75000,0,0,0,0,0,4190,6190,0,5738,2559,1737,1737,0,8851,10413,0,0,0
20241203,245,2,37,3702900,FALSE,74,13,Never married,1,0,3,0,75000,2450000000,0,0,245001,0,25817,0.6994,1,2,1,1,1,50363,75000,0,0,0,0,0,4190,6190,0,5738,2559,1737,1737,0,8851,10413,0,0,0
20241203,246,1,39,3903405,FALSE,111,44,Married,1,4,1,0,180000,2460000000,1519,2200,246001,0,35874,1,0.9718,4,2,2,1,131836,180000,0,0,0,0,0,20121,24121,0,13770,4845,3474,3474,0,940,5954,0,0,0
20241203,246,2,39,3903405,FALSE,106,42,Married,2,4,1,0,180000,2460000000,360,2814,246001,0,35874,1,0.9718,4,2,2,1,131836,180000,0,0,0,0,0,20121,24121,0,13770,4845,3474,3474,0,940,5954,0,0,0
20241203,246,3,39,3903405,FALSE,122,8,Never married,2,0,1,0,180000,2460000000,0,0,246001,0,35874,1,0.9718,4,2,2,1,131836,180000,0,0,0,0,0,20121,24121,0,13770,4845,3474,3474,0,940,5954,0,0,0
20241203,246,4,39,3903405,FALSE,123,5,Never married,1,0,1,0,180000,2460000000,0,0,246001,0,35874,1,0.9718,4,2,2,1,131836,180000,0,0,0,0,0,20121,24121,0,13770,4845,3474,3474,0,940,5954,0,0,0
20241203,248,1,12,1201114,FALSE,35,73,Married,2,3,4,0,100,2480000000,0,299,248001,0,22428,0.6535,1.1118,2,0,2,2,26649,31300,0,0,0,0,0,0,0,0,0,0,0,0,0,0,4651,1979,0,0
20241203,248,2,12,1201114,FALSE,41,75,Married,1,3,2,0,100,2480000000,0,394,248001,0,22428,0.6535,1.1118,2,0,2,2,26649,31300,0,0,0,0,0,0,0,0,0,0,0,0,0,0,4651,1979,0,0
20241203,249,1,12,1212704,FALSE,79,64,Divorced,1,3,1,0,6500,2490000000,562,1250,249001,0,14307,0.4635,1,1,0,1,2,32788,34600,0,0,0,0,0,0,0,0,0,0,0,0,0,562,1812,0,0,0
20241203,250,1,21,2101706,TRUE,134,68,Divorced,2,1,4,0,0,2500000000,0,1,250001,1,16040,0.4635,0.9234,1,0,1,3,12608,11900,708,0,0,0,0,0,0,0,0,0,0,0,0,0,0,0,0,0
20241203,251,1,55,5502300,TRUE,170,44,Never married,1,2,1,0,0,2510000000,10440,600,251001,1,14932,0.4635,0.8596,1,0,1,3,-4426,1100,4992,0,0,0,0,0,0,0,0,-522,0,0,0,10440,11040,0,0,0
20241203,252,1,12,1203302,TRUE,38,45,Divorced,1,3,1,0,8900,2520000000,0,208,252001,1,13692,0.4635,0.957,1,0,1,2,7943,8900,0,0,0,0,0,-600,0,600,681,0,668,668,0,0,208,0,0,0
20241203,254,1,15,1500301,FALSE,62,35,Married,2,4,4,0,150000,2540000000,6753,573,254001,0,104874,2.2409,1.2678,12,5,7,1,232508,347450,0,0,0,0,0,24567,36860,2293,25798,18295,10289,10289,0,23089,35993,0,0,0
20241203,254,2,15,1500301,FALSE,71,43,Married,1,4,4,0,150000,2540000000,500,287,254001,0,104874,2.2409,1.2678,12,5,7,1,232508,347450,0,0,0,0,0,24567,36860,2293,25798,18295,10289,10289,0,23089,35993,0,0,0
20241203,254,3,15,1500301,FALSE,81,10,Never married,1,0,4,0,150000,2540000000,0,0,254001,0,104874,2.2409,1.2678,12,5,7,1,232508,347450,0,0,0,0,0,24567,36860,2293,25798,18295,10289,10289,0,23089,35993,0,0,0
20241203,254,4,15,1500301,FALSE,47,7,Never married,2,0,4,0,150000,2540000000,0,0,254001,0,104874,2.2409,1.2678,12,5,7,1,232508,347450,0,0,0,0,0,24567,36860,2293,25798,18295,10289,10289,0,23089,35993,0,0,0
20241203,254,5,15,1500301,FALSE,84,38,Never married,1,4,4,0,101365,2540000001,1931,1041,254001,0,104874,2.2409,1.2678,12,5,7,1,232508,347450,0,0,0,0,0,24567,36860,2293,25798,18295,10289,10289,0,23089,35993,0,0,0
20241203,254,6,15,1500301,FALSE,91,34,Never married,2,2,4,0,12000,2540000016,3827,36,254001,0,104874,2.2409,1.2678,12,5,7,1,232508,347450,0,0,0,0,0,24567,36860,2293,25798,18295,10289,10289,0,23089,35993,0,0,0
20241203,254,7,15,1500301,FALSE,77,33,Married,2,3,4,0,30000,2540000017,2149,3860,254001,0,104874,2.2409,1.2678,12,5,7,1,232508,347450,0,0,0,0,0,24567,36860,2293,25798,18295,10289,10289,0,23089,35993,0,0,0
20241203,254,8,15,1500301,FALSE,50,67,Widowed,2,2,4,0,0,2540000018,135,506,254001,0,104874,2.2409,1.2678,12,5,7,1,232508,347450,0,0,0,0,0,24567,36860,2293,25798,18295,10289,10289,0,23089,35993,0,0,0
20241203,254,9,15,1500301,FALSE,76,40,Divorced,2,2,4,0,48000,2540000019,12495,6600,254001,0,104874,2.2409,1.2678,12,5,7,1,232508,347450,0,0,0,0,0,24567,36860,2293,25798,18295,10289,10289,0,23089,35993,0,0,0
20241203,254,10,15,1500301,FALSE,47,6,Never married,2,0,4,0,48000,2540000019,0,0,254001,0,104874,2.2409,1.2678,12,5,7,1,232508,347450,0,0,0,0,0,24567,36860,2293,25798,18295,10289,10289,0,23089,35993,0,0,0
20241203,254,11,15,1500301,FALSE,48,5,Never married,2,0,4,0,48000,2540000019,0,0,254001,0,104874,2.2409,1.2678,12,5,7,1,232508,347450,0,0,0,0,0,24567,36860,2293,25798,18295,10289,10289,0,23089,35993,0,0,0
20241203,254,12,15,1500301,FALSE,98,2,Never married,2,0,4,0,48000,2540000019,0,0,254001,0,104874,2.2409,1.2678,12,5,7,1,232508,347450,0,0,0,0,0,24567,36860,2293,25798,18295,10289,10289,0,23089,35993,0,0,0
20241203,255,1,17,1704307,FALSE,87,55,Married,1,4,1,0,666577,2550000000,23636,19134,255001,0,27829,0.8802,1.0242,3,1,2,2,420288,683000,0,0,0,0,0,161818,158075,0,31861,32996,3474,3474,0,11818,32563,0,0,0
20241203,255,2,17,1704307,FALSE,86,57,Married,2,4,4,1,666577,2550000000,1,1562,255001,0,27829,0.8802,1.0242,3,1,2,2,420288,683000,0,0,0,0,0,161818,158075,0,31861,32996,3474,3474,0,11818,32563,0,0,0
20241203,255,3,17,1704307,FALSE,112,17,Never married,1,0,4,1,666577,2550000000,0,50,255001,0,27829,0.8802,1.0242,3,1,2,2,420288,683000,0,0,0,0,0,161818,158075,0,31861,32996,3474,3474,0,11818,32563,0,0,0
20241203,256,1,42,4201802,FALSE,33,29,Married,2,4,1,0,120600,2560000000,2341,1200,256001,0,29559,0.8802,0.9097,3,1,2,1,93128,120600,0,0,0,0,0,9053,11053,0,7497,3702,3474,3474,0,2045,3745,0,0,0
20241203,256,2,42,4201802,FALSE,17,31,Married,1,4,3,0,120600,2560000000,1749,500,256001,0,29559,0.8802,0.9097,3,1,2,1,93128,120600,0,0,0,0,0,9053,11053,0,7497,3702,3474,3474,0,2045,3745,0,0,0
20241203,256,3,42,4201802,FALSE,23,11,Never married,1,0,2,0,120600,2560000000,0,0,256001,0,29559,0.8802,0.9097,3,1,2,1,93128,120600,0,0,0,0,0,9053,11053,0,7497,3702,3474,3474,0,2045,3745,0,0,0
20241203,257,1,11,1100103,FALSE,124,24,Never married,1,0,2,0,36000,2570000000,1,0,257001,0,21088,0.4635,1.214,1,0,1,3,28410,36000,0,0,0,0,0,2438,2438,0,2754,1129,1269,1269,0,0,0,0,0,0
20241203,257,2,11,1100103,FALSE,47,43,Never married,1,4,3,0,110000,2570000012,1,150,257003,0,21088,0.4635,1.214,1,0,1,3,76649,110000,0,0,0,0,0,16476,16476,0,8415,6573,1737,1737,0,0,150,0,0,0
20241203,257,3,11,1100103,FALSE,45,32,Never married,1,4,1,0,25000,2570000013,4,675,257004,1,21088,0.4635,1.214,1,0,1,3,19265,25000,0,0,0,0,0,1118,1118,0,1913,288,1737,1737,0,4,679,0,0,0
20241203,258,1,41,4104704,FALSE,142,30,Married,2,4,1,0,90000,2580000000,3729,469,258001,0,32323,0.8802,0.9948,3,1,2,1,42791,90000,0,0,0,0,0,4958,7036,0,6885,5707,23733,3474,20259.01804,4988,5926,0,0,0
20241203,258,2,41,4104704,FALSE,135,30,Married,1,4,1,0,90000,2580000000,6248,469,258001,0,32323,0.8802,0.9948,3,1,2,1,42791,90000,0,0,0,0,0,4958,7036,0,6885,5707,23733,3474,20259.01804,4988,5926,0,0,0
20241203,258,3,41,4104704,FALSE,97,0,Never married,2,0,1,0,90000,2580000000,0,0,258001,0,32323,0.8802,0.9948,3,1,2,1,42791,90000,0,0,0,0,0,4958,7036,0,6885,5707,23733,3474,20259.01804,4988,5926,0,0,0
20241203,259,1,45,4500401,FALSE,91,77,Widowed,2,2,1,0,0,2590000000,0,170,259001,0,12990,0.4635,0.9079,1,0,1,2,26751,28900,0,0,0,0,0,0,0,0,0,0,0,0,0,0,2149,1979,0,0
20241203,260,1,19,1900700,FALSE,202,47,Married,1,3,1,0,105000,2600000000,1576,450,260001,0,27838,0.8802,0.8568,3,1,2,1,80374,105650,0,0,163,0,0,6836,8836,0,8033,3708,3474,3474,0,1808,3388,0,0,0
20241203,260,2,19,1900700,FALSE,173,43,Married,2,4,1,0,105000,2600000000,2040,130,260001,0,27838,0.8802,0.8568,3,1,2,1,80374,105650,0,0,163,0,0,6836,8836,0,8033,3708,3474,3474,0,1808,3388,0,0,0
20241203,260,3,19,1900700,FALSE,219,15,Never married,2,0,4,0,105000,2600000000,0,1000,260001,0,27838,0.8802,0.8568,3,1,2,1,80374,105650,0,0,163,0,0,6836,8836,0,8033,3708,3474,3474,0,1808,3388,0,0,0
20241203,261,1,36,3604413,FALSE,94,48,Married,1,2,3,0,56200,2610000000,4727,208,261001,1,48689,1.1139,1.1661,4,1,3,3,43194,56200,0,0,326,0,0,-210,2980,690,4300,1229,3474,3474,0,3656,4540,0,0,0
20241203,261,2,36,3604413,FALSE,138,47,Married,2,2,3,0,56200,2610000000,833,169,261001,1,48689,1.1139,1.1661,4,1,3,3,43194,56200,0,0,326,0,0,-210,2980,690,4300,1229,3474,3474,0,3656,4540,0,0,0
20241203,261,3,36,3604413,FALSE,77,18,Never married,2,0,3,0,56200,2610000000,876,506,261001,1,48689,1.1139,1.1661,4,1,3,3,43194,56200,0,0,326,0,0,-210,2980,690,4300,1229,3474,3474,0,3656,4540,0,0,0
20241203,261,4,36,3604413,FALSE,100,14,Never married,2,0,3,0,56200,2610000000,0,0,261001,1,48689,1.1139,1.1661,4,1,3,3,43194,56200,0,0,326,0,0,-210,2980,690,4300,1229,3474,3474,0,3656,4540,0,0,0
20241203,262,1,6,605906,FALSE,60,37,Married,2,3,1,1,164000,2620000000,1624,47,262001,0,52999,1.1139,1.2693,5,3,2,3,125656,164000,0,0,2466,0,0,16101,20601,0,12547,5931,2906,2906,0,1125,3324,0,0,0
20241203,262,2,6,605906,FALSE,77,40,Married,1,3,1,0,164000,2620000000,625,100,262001,0,52999,1.1139,1.2693,5,3,2,3,125656,164000,0,0,2466,0,0,16101,20601,0,12547,5931,2906,2906,0,1125,3324,0,0,0
20241203,262,3,6,605906,FALSE,52,17,Never married,1,0,1,1,164000,2620000000,0,1229,262001,0,52999,1.1139,1.2693,5,3,2,3,125656,164000,0,0,2466,0,0,16101,20601,0,12547,5931,2906,2906,0,1125,3324,0,0,0
20241203,262,4,6,605906,FALSE,69,16,Never married,2,0,1,1,164000,2620000000,0,824,262001,0,52999,1.1139,1.2693,5,3,2,3,125656,164000,0,0,2466,0,0,16101,20601,0,12547,5931,2906,2906,0,1125,3324,0,0,0
20241203,262,5,6,605906,FALSE,67,6,Never married,1,0,1,1,164000,2620000000,0,0,262001,0,52999,1.1139,1.2693,5,3,2,3,125656,164000,0,0,2466,0,0,16101,20601,0,12547,5931,2906,2906,0,1125,3324,0,0,0
20241203,263,1,40,4021200,FALSE,92,31,Never married,1,3,1,0,65000,2630000000,1562,225,263001,0,30635,1,0.8299,4,2,2,1,62651,75200,0,0,0,0,0,421,4990,569,5754,1904,2071,2071,0,1874,2399,0,1,0
20241203,263,2,40,4021200,TRUE,45,31,Divorced,2,3,1,0,10200,2630000012,312,300,263001,0,30635,1,0.8299,4,2,2,1,62651,75200,0,0,0,0,0,421,4990,569,5754,1904,2071,2071,0,1874,2399,0,1,0
20241203,263,3,40,4021200,FALSE,41,4,Never married,1,0,1,0,65000,2630000000,0,0,263001,0,30635,1,0.8299,4,2,2,1,62651,75200,0,0,0,0,0,421,4990,569,5754,1904,2071,2071,0,1874,2399,0,1,0
20241203,263,4,40,4021200,FALSE,41,0,Never married,1,0,1,0,65000,2630000000,0,0,263001,0,30635,1,0.8299,4,2,2,1,62651,75200,0,0,0,0,0,421,4990,569,5754,1904,2071,2071,0,1874,2399,0,1,0
20241203,264,1,19,1901100,FALSE,21,75,Married,1,3,1,0,45670,2640000000,4502,2138,264001,0,19085,0.6535,0.9461,2,0,2,2,88161,100200,0,0,0,0,0,1497,1497,0,0,0,0,0,0,3095,10542,1979,0,0
20241203,264,2,19,1901100,FALSE,23,71,Married,2,3,1,0,45670,2640000000,1688,1351,264001,0,19085,0.6535,0.9461,2,0,2,2,88161,100200,0,0,0,0,0,1497,1497,0,0,0,0,0,0,3095,10542,1979,0,0
20241203,265,1,36,3604221,FALSE,100,69,Married,1,2,4,1,13900,2650000000,300,50,265001,0,34609,1,1.1211,3,0,3,2,42236,47900,2701,0,0,0,0,1706,1706,0,2288,1040,1737,1737,0,1434,1594,0,0,0
20241203,265,2,36,3604221,FALSE,65,66,Married,2,2,4,1,13900,2650000000,2232,60,265001,0,34609,1,1.1211,3,0,3,2,42236,47900,2701,0,0,0,0,1706,1706,0,2288,1040,1737,1737,0,1434,1594,0,0,0
20241203,265,3,36,3604221,FALSE,95,39,Never married,1,2,4,1,29900,2650000013,168,50,265001,0,34609,1,1.1211,3,0,3,2,42236,47900,2701,0,0,0,0,1706,1706,0,2288,1040,1737,1737,0,1434,1594,0,0,0
20241203,266,1,23,2300100,TRUE,26,59,Married,2,2,1,0,0,2660000000,338,56,266001,1,18270,0.6535,0.9057,2,0,2,2,-1389,0,0,0,0,0,0,0,0,0,0,-200,0,0,0,1522,1589,0,0,0
20241203,266,2,23,2300100,TRUE,27,59,Married,1,2,1,0,0,2660000000,2707,10,266001,1,18270,0.6535,0.9057,2,0,2,2,-1389,0,0,0,0,0,0,0,0,0,0,-200,0,0,0,1522,1589,0,0,0
20241203,267,1,24,2401002,FALSE,75,86,Divorced,2,3,1,0,55280,2670000000,1750,700,267001,0,43452,1,1.1771,3,0,3,1,141542,195800,0,0,0,0,0,20468,20468,0,10557,5904,3474,3474,0,8228,13855,1979,0,0
20241203,267,2,24,2401002,FALSE,76,63,Divorced,1,3,1,0,48000,2670000012,3000,566,267001,0,43452,1,1.1771,3,0,3,1,141542,195800,0,0,0,0,0,20468,20468,0,10557,5904,3474,3474,0,8228,13855,0,0,0
20241203,267,3,24,2401002,FALSE,76,59,Separated,1,3,1,0,90000,2670000013,3478,2382,267001,0,43452,1,1.1771,3,0,3,1,141542,195800,0,0,0,0,0,20468,20468,0,10557,5904,3474,3474,0,8228,13855,0,0,0
20241203,268,1,22,2200400,FALSE,176,48,Married,2,3,1,0,176000,2680000000,600,2853,268001,0,20658,0.6535,0.8563,2,0,2,1,117888,176000,0,0,0,0,0,23241,23241,0,13464,6138,3474,3474,0,4986,11795,0,0,0
20241203,268,2,22,2200400,FALSE,391,49,Married,1,2,1,0,176000,2680000000,9371,3957,268001,0,20658,0.6535,0.8563,2,0,2,1,117888,176000,0,0,0,0,0,23241,23241,0,13464,6138,3474,3474,0,4986,11795,0,0,0
20241203,269,1,12,1203301,TRUE,79,40,Never married,2,2,1,0,16899,2690000000,1126,281,269001,1,24530,0.8303,0.957,3,2,1,2,22513,18100,0,0,1644,0,0,-8314,0,6320,2402,0,1737,1737,0,1126,1407,0,0,0
20241203,269,2,12,1203301,TRUE,70,14,Never married,2,0,1,0,16899,2690000000,0,0,269001,1,24530,0.8303,0.957,3,2,1,2,22513,18100,0,0,1644,0,0,-8314,0,6320,2402,0,1737,1737,0,1126,1407,0,0,0
20241203,269,3,12,1203301,TRUE,21,8,Never married,2,0,4,0,16899,2690000000,0,0,269001,1,24530,0.8303,0.957,3,2,1,2,22513,18100,0,0,1644,0,0,-8314,0,6320,2402,0,1737,1737,0,1126,1407,0,0,0
20241203,270,1,9,920901,FALSE,34,54,Married,2,3,1,0,155000,2700000000,4998,2138,270001,0,43996,1,1.1918,3,0,3,1,136168,220000,0,0,0,0,0,24783,24783,0,16831,11143,5211,5211,0,7876,25864,0,0,0
20241203,270,2,9,920901,FALSE,39,61,Married,1,2,1,0,155000,2700000000,4000,10350,270001,0,43996,1,1.1918,3,0,3,1,136168,220000,0,0,0,0,0,24783,24783,0,16831,11143,5211,5211,0,7876,25864,0,0,0
20241203,270,3,9,920901,FALSE,36,25,Never married,1,4,1,0,65000,2700000013,3377,5500,270001,0,43996,1,1.1918,3,0,3,1,136168,220000,0,0,0,0,0,24783,24783,0,16831,11143,5211,5211,0,7876,25864,0,0,0
20241203,271,1,16,1600100,FALSE,93,36,Married,2,4,1,0,51500,2710000000,600,1550,271001,0,31580,1,0.8555,4,2,2,1,45598,51500,0,0,0,0,0,-3264,2416,1680,4590,226,1737,1737,0,462,2612,0,0,0
20241203,271,2,16,1600100,FALSE,113,36,Married,1,4,1,0,51500,2710000000,325,600,271001,0,31580,1,0.8555,4,2,2,1,45598,51500,0,0,0,0,0,-3264,2416,1680,4590,226,1737,1737,0,462,2612,0,0,0
20241203,271,3,16,1600100,FALSE,109,3,Never married,1,0,1,0,51500,2710000000,0,0,271001,0,31580,1,0.8555,4,2,2,1,45598,51500,0,0,0,0,0,-3264,2416,1680,4590,226,1737,1737,0,462,2612,0,0,0
20241203,271,4,16,1600100,FALSE,109,1,Never married,1,0,1,0,51500,2710000000,0,0,271001,0,31580,1,0.8555,4,2,2,1,45598,51500,0,0,0,0,0,-3264,2416,1680,4590,226,1737,1737,0,462,2612,0,0,0
20241203,272,1,47,4702101,FALSE,48,64,Married,1,4,1,0,635700,2720000000,1,250,272001,0,24563,0.6535,1.0182,2,0,2,1,442744,635700,0,0,0,0,0,156906,156589,0,27120,0,3474,3474,0,0,5455,0,0,0
20241203,272,2,47,4702101,FALSE,44,60,Married,2,4,1,0,635700,2720000000,1,5205,272001,0,24563,0.6535,1.0182,2,0,2,1,442744,635700,0,0,0,0,0,156906,156589,0,27120,0,3474,3474,0,0,5455,0,0,0
20241203,273,1,55,5501600,FALSE,14,57,Married,1,2,1,0,120000,2730000000,1891,169,273001,0,31836,1,0.8624,3,0,3,1,123914,170000,0,0,0,0,0,15039,15039,0,13006,6803,5211,5211,0,3439,6027,0,0,0
20241203,273,2,55,5501600,FALSE,26,53,Married,2,3,1,0,120000,2730000000,3321,1800,273001,0,31836,1,0.8624,3,0,3,1,123914,170000,0,0,0,0,0,15039,15039,0,13006,6803,5211,5211,0,3439,6027,0,0,0
20241203,273,3,55,5501600,FALSE,27,32,Never married,1,2,1,0,50000,2730000013,833,619,273001,0,31836,1,0.8624,3,0,3,1,123914,170000,0,0,0,0,0,15039,15039,0,13006,6803,5211,5211,0,3439,6027,0,0,0
20241203,274,1,48,4805309,FALSE,112,47,Married,2,4,3,0,150020,2740000000,1,1688,274001,0,27097,0.6535,1.1233,2,0,2,1,115678,150020,0,0,0,0,0,17525,17525,0,11476,0,3474,3474,0,28,1866,0,0,0
20241203,274,2,48,4805309,FALSE,145,38,Married,1,3,1,0,150020,2740000000,56,150,274001,0,27097,0.6535,1.1233,2,0,2,1,115678,150020,0,0,0,0,0,17525,17525,0,11476,0,3474,3474,0,28,1866,0,0,0
20241203,275,1,39,3903500,FALSE,156,25,Never married,1,1,3,0,45000,2750000000,450,104,275001,0,23789,0.6535,0.9712,2,0,2,3,62463,85000,0,0,0,0,0,6436,6436,0,6503,1520,3073,3073,0,1801,5005,0,1,0
20241203,275,2,39,3903500,FALSE,118,27,Never married,2,2,3,0,40000,2750000012,1351,3100,275001,0,23789,0.6535,0.9712,2,0,2,3,62463,85000,0,0,0,0,0,6436,6436,0,6503,1520,3073,3073,0,1801,5005,0,1,0
20241203,276,1,48,4804901,TRUE,47,63,Married,1,4,3,0,0,2760000000,0,338,276001,1,24385,0.6535,1.0109,2,0,2,1,16355,15500,1688,0,0,0,0,0,0,0,0,0,0,0,0,0,833,0,0,0
20241203,276,2,48,4804901,TRUE,52,70,Married,2,2,3,0,0,2760000000,0,495,276001,1,24385,0.6535,1.0109,2,0,2,1,16355,15500,1688,0,0,0,0,0,0,0,0,0,0,0,0,0,833,0,0,0
20241203,277,1,11,1100106,FALSE,55,29,Married,2,4,1,1,160000,2770000000,521,3540,277001,0,29735,0.6535,1.214,2,0,2,3,110165,160000,0,0,0,0,0,19721,19721,0,12241,8223,3474,3474,0,2603,6177,0,0,0
20241203,277,2,11,1100106,FALSE,47,33,Married,1,4,1,0,160000,2770000000,4686,33,277001,0,29735,0.6535,1.214,2,0,2,3,110165,160000,0,0,0,0,0,19721,19721,0,12241,8223,3474,3474,0,2603,6177,0,0,0
20241203,278,1,21,2102800,FALSE,85,78,Married,1,4,1,0,0,2780000000,0,500,278001,1,17430,0.6535,0.864,2,0,2,2,16230,21000,0,0,0,0,0,0,0,0,0,0,0,0,0,0,4770,1979,0,0
20241203,278,2,21,2102800,FALSE,53,71,Married,2,2,1,0,0,2780000000,0,312,278001,1,17430,0.6535,0.864,2,0,2,2,16230,21000,0,0,0,0,0,0,0,0,0,0,0,0,0,0,4770,1979,0,0
20241203,279,1,26,2600600,FALSE,20,78,Married,1,4,1,0,168320,2790000000,1000,120,279001,0,17945,0.6535,0.8895,2,0,2,2,139810,173570,0,0,0,0,0,20891,20891,0,0,5175,0,0,0,690,7694,1979,0,0
20241203,279,2,26,2600600,FALSE,28,79,Married,2,2,1,0,168320,2790000000,380,2926,279001,0,17945,0.6535,0.8895,2,0,2,2,139810,173570,0,0,0,0,0,20891,20891,0,0,5175,0,0,0,690,7694,1979,0,0
20241203,280,1,47,4701400,FALSE,50,68,Widowed,2,2,1,0,5150,2800000000,0,2200,280001,1,14064,0.4635,0.8221,1,0,1,1,10765,14150,0,0,0,0,0,0,0,0,383,0,802,802,0,0,2200,0,0,0
20241203,281,1,53,5321500,FALSE,211,79,Never married,1,3,1,0,14900,2810000000,0,1025,281001,0,16217,0.4635,0.9336,1,0,1,3,25396,28400,0,0,0,0,0,0,0,0,0,0,0,0,0,0,3004,1979,0,0
20241203,282,1,17,1703108,FALSE,37,62,Married,1,3,3,0,99635,2820000000,1407,83,282001,0,20662,0.6535,1.0242,2,0,2,2,79564,101300,0,0,0,0,0,8192,8192,0,6732,4116,1737,1737,0,756,959,0,0,0
20241203,282,2,17,1703108,FALSE,36,54,Married,2,1,3,0,99635,2820000000,104,120,282001,0,20662,0.6535,1.0242,2,0,2,2,79564,101300,0,0,0,0,0,8192,8192,0,6732,4116,1737,1737,0,756,959,0,0,0
20241203,283,1,12,1201108,FALSE,51,26,Never married,1,3,1,0,72000,2830000000,1,0,283001,0,28248,0.6535,1.1533,2,0,2,3,104988,135000,0,0,0,0,0,14221,14221,0,10328,0,3240,3240,0,2083,2223,0,1,0
20241203,283,2,12,1201108,FALSE,39,29,Never married,2,3,1,0,63000,2830000012,2083,141,283001,0,28248,0.6535,1.1533,2,0,2,3,104988,135000,0,0,0,0,0,14221,14221,0,10328,0,3240,3240,0,2083,2223,0,1,0
20241203,284,1,51,5115301,FALSE,72,39,Married,1,4,1,0,130800,2840000000,6000,156,284001,0,30290,0.6535,1.2556,2,0,2,1,94221,130800,0,0,0,0,0,13297,13297,0,10006,5979,3474,3474,0,3563,3823,0,0,0
20241203,284,2,51,5115301,FALSE,76,35,Married,2,2,1,0,130800,2840000000,1126,104,284001,0,30290,0.6535,1.2556,2,0,2,1,94221,130800,0,0,0,0,0,13297,13297,0,10006,5979,3474,3474,0,3563,3823,0,0,0
20241203,285,1,39,3903409,FALSE,71,47,Married,2,4,1,0,42000,2850000000,937,2000,285001,0,43213,1.4299,0.979,5,0,5,2,55122,64000,3180,0,0,0,0,-847,1430,1777,3213,94,1737,1737,0,1031,7861,0,0,0
20241203,285,2,39,3903409,FALSE,72,47,Married,1,3,1,0,42000,2850000000,1126,1266,285001,0,43213,1.4299,0.979,5,0,5,2,55122,64000,3180,0,0,0,0,-847,1430,1777,3213,94,1737,1737,0,1031,7861,0,0,0
20241203,285,3,39,3903409,FALSE,55,22,Never married,2,0,1,0,0,2850000013,1,940,285001,0,43213,1.4299,0.979,5,0,5,2,55122,64000,3180,0,0,0,0,-847,1430,1777,3213,94,1737,1737,0,1031,7861,0,0,0
20241203,285,4,39,3903409,FALSE,44,68,Widowed,2,2,1,0,0,2850000014,0,521,285001,0,43213,1.4299,0.979,5,0,5,2,55122,64000,3180,0,0,0,0,-847,1430,1777,3213,94,1737,1737,0,1031,7861,1979,0,0
20241203,285,5,39,3903409,FALSE,40,19,Never married,2,0,1,0,42000,2850000000,0,124,285001,0,43213,1.4299,0.979,5,0,5,2,55122,64000,3180,0,0,0,0,-847,1430,1777,3213,94,1737,1737,0,1031,7861,0,0,0
20241203,286,1,9,920702,FALSE,49,69,Married,2,3,1,0,23325,2860000000,0,1,286001,0,20714,0.6535,1.0268,2,0,2,2,58342,62300,0,0,0,0,0,0,0,0,0,0,0,0,0,0,3958,1979,0,0
20241203,286,2,9,920702,FALSE,45,69,Married,1,3,1,0,23325,2860000000,0,1,286001,0,20714,0.6535,1.0268,2,0,2,2,58342,62300,0,0,0,0,0,0,0,0,0,0,0,0,0,0,3958,1979,0,0
20241203,287,1,41,4106722,FALSE,63,64,Divorced,1,4,1,0,188000,2870000000,4165,1250,287001,0,21802,0.6535,1.0808,2,0,2,2,141746,203500,0,0,0,0,0,34822,34986,164,1187,16932,668,668,0,5459,8146,0,0,0
20241203,287,2,41,4106722,FALSE,54,34,Never married,1,3,4,0,15500,2870000012,1294,1437,287001,0,21802,0.6535,1.0808,2,0,2,2,141746,203500,0,0,0,0,0,34822,34986,164,1187,16932,668,668,0,5459,8146,0,0,0
20241203,288,1,26,2603300,TRUE,112,77,Divorced,1,2,1,0,4210,2880000000,0,2603,288001,1,15979,0.4635,0.9198,1,0,1,3,3506,5910,0,0,0,0,0,0,0,0,0,-199,0,0,0,0,2603,0,0,0
20241203,289,1,40,4021000,FALSE,75,87,Widowed,2,2,1,0,0,2890000000,0,1,289001,0,12496,0.4635,0.8734,1,0,1,2,14440,14400,0,0,0,0,0,0,0,0,0,-40,0,0,0,0,0,0,0,0
20241203,290,1,27,2702400,FALSE,33,66,Married,2,2,1,0,10000,2900000000,1,1041,290001,0,18981,0.6535,0.9409,2,0,2,2,26344,35500,0,0,0,0,0,0,0,0,0,0,0,0,0,781,9156,1979,0,0
20241203,290,2,27,2702400,FALSE,38,67,Married,1,1,1,0,10000,2900000000,1562,3377,290001,0,18981,0.6535,0.9409,2,0,2,2,26344,35500,0,0,0,0,0,0,0,0,0,0,0,0,0,781,9156,1979,0,0
20241203,291,1,13,1304400,TRUE,52,44,Never married,1,4,3,0,0,2910000000,0,6456,291001,1,14198,0.4635,0.8299,1,0,1,1,-6456,0,0,0,0,0,0,0,0,0,0,0,0,0,0,0,6456,0,0,0
20241203,291,2,13,1304400,FALSE,9,38,Divorced,2,4,3,0,20000,2910000012,0,1,291003,0,14198,0.4635,0.8299,1,0,1,1,15606,20000,0,0,0,0,0,615,615,0,1530,512,1737,1737,0,0,0,0,0,0
20241203,292,1,12,1210103,FALSE,54,42,Married,2,2,1,0,107000,2920000000,619,208,292001,0,44065,1.1139,1.0554,5,3,2,3,93466,107000,0,0,2466,0,0,3076,9076,0,7230,0,3474,3474,0,1810,2220,0,0,0
20241203,292,2,12,1210103,FALSE,58,42,Married,1,2,1,0,107000,2920000000,3000,2,292001,0,44065,1.1139,1.0554,5,3,2,3,93466,107000,0,0,2466,0,0,3076,9076,0,7230,0,3474,3474,0,1810,2220,0,0,0
20241203,292,3,12,1210103,FALSE,57,16,Never married,2,0,1,0,107000,2920000000,0,200,292001,0,44065,1.1139,1.0554,5,3,2,3,93466,107000,0,0,2250,0,0,3076,9076,0,7230,0,3474,3474,0,1810,2220,0,0,0
20241203,292,4,12,1210103,FALSE,65,13,Never married,2,0,1,0,107000,2920000000,0,0,292001,0,44065,1.1139,1.0554,5,3,2,3,93466,107000,0,0,2250,0,0,3076,9076,0,7230,0,3474,3474,0,1810,2220,0,0,0
20241203,292,5,12,1210103,FALSE,61,9,Never married,1,0,1,0,107000,2920000000,0,0,292001,0,44065,1.1139,1.0554,5,3,2,3,93466,107000,0,0,2250,0,0,3076,9076,0,7230,0,3474,3474,0,1810,2220,0,0,0
20241203,293,1,8,800902,FALSE,101,48,Married,1,4,3,0,320000,2930000000,5206,1562,293001,0,30831,0.8802,1.1347,3,1,2,2,211488,320000,0,0,163,0,0,54912,56952,0,22868,11701,13874,3474,10400,2958,5319,0,0,0
20241203,293,2,8,800902,FALSE,100,45,Married,2,4,3,0,320000,2930000000,709,800,293001,0,30831,0.8802,1.1347,3,1,2,2,211488,320000,0,0,163,0,0,54912,56952,0,22868,11701,13874,3474,10400,2958,5319,0,0,0
20241203,293,3,8,800902,FALSE,65,11,Never married,1,0,3,0,320000,2930000000,0,0,293001,0,30831,0.8802,1.1347,3,1,2,2,211488,320000,0,0,163,0,0,54912,56952,0,22868,11701,13874,3474,10400,2958,5319,0,0,0
20241203,295,1,36,3601300,FALSE,21,62,Married,2,2,1,0,75615,2950000000,298,347,295001,0,19359,0.6535,0.9596,2,0,2,2,67113,77700,0,0,0,0,0,5130,5130,0,0,1194,0,0,0,1837,4263,0,0,0
20241203,295,2,36,3601300,FALSE,21,72,Married,1,3,1,0,75615,2950000000,3377,100,295001,0,19359,0.6535,0.9596,2,0,2,2,67113,77700,0,0,0,0,0,5130,5130,0,0,1194,0,0,0,1837,4263,1979,0,0
20241203,296,1,10,1000103,FALSE,37,56,Married,2,4,2,0,163000,2960000000,6388,1770,296001,0,37716,1,1.0217,3,0,3,1,148375,211000,0,0,0,0,0,24259,24259,0,16142,9710,5211,5211,0,3554,7303,0,0,0
20241203,296,2,10,1000103,FALSE,64,63,Married,1,4,2,0,163000,2960000000,1,1874,296001,0,37716,1,1.0217,3,0,3,1,148375,211000,0,0,0,0,0,24259,24259,0,16142,9710,5211,5211,0,3554,7303,0,0,0
20241203,296,3,10,1000103,FALSE,56,29,Never married,2,4,2,0,48000,2960000013,360,104,296001,0,37716,1,1.0217,3,0,3,1,148375,211000,0,0,0,0,0,24259,24259,0,16142,9710,5211,5211,0,3554,7303,0,0,0
20241203,297,1,36,3604103,FALSE,365,41,Never married,2,4,4,1,53000,2970000000,8400,563,297001,0,36290,0.8303,1.1661,3,2,1,3,38915,53000,0,0,1500,0,0,-450,3550,0,4055,1280,1737,1737,0,8400,8963,0,0,0
20241203,297,2,36,3604103,FALSE,492,13,Never married,1,0,4,1,53000,2970000000,0,0,297001,0,36290,0.8303,1.1661,3,2,1,3,38915,53000,0,0,1500,0,0,-450,3550,0,4055,1280,1737,1737,0,8400,8963,0,0,0
20241203,297,3,36,3604103,FALSE,680,5,Never married,2,0,4,0,53000,2970000000,0,0,297001,0,36290,0.8303,1.1661,3,2,1,3,38915,53000,0,0,1644,0,0,-450,3550,0,4055,1280,1737,1737,0,8400,8963,0,0,0
20241203,297,4,36,3604103,FALSE,596,69,Never married,1,2,4,1,2400,2970000014,0,225,297005,1,20257,0.4635,1.1661,1,0,1,3,14175,14400,0,0,0,0,0,0,0,0,0,0,0,0,0,0,225,0,0,0
20241203,298,1,17,1700100,FALSE,74,40,Married,1,4,1,0,110000,2980000000,225,417,298001,0,37684,1.2231,0.8346,6,4,2,1,88849,110000,0,0,2250,0,0,1436,9436,0,8415,4725,3474,3474,0,2613,5351,0,0,0
20241203,298,2,17,1700100,FALSE,80,34,Married,2,3,1,0,110000,2980000000,5000,2187,298001,0,37684,1.2231,0.8346,6,4,2,1,88849,110000,0,0,2250,0,0,1436,9436,0,8415,4725,3474,3474,0,2613,5351,0,0,0
20241203,298,3,17,1700100,FALSE,60,15,Never married,2,0,1,0,110000,2980000000,0,135,298001,0,37684,1.2231,0.8346,6,4,2,1,88849,110000,0,0,2466,0,0,1436,9436,0,8415,4725,3474,3474,0,2613,5351,0,0,0
20241203,298,4,17,1700100,FALSE,30,9,Never married,1,0,1,0,110000,2980000000,0,0,298001,0,37684,1.2231,0.8346,6,4,2,1,88849,110000,0,0,2466,0,0,1436,9436,0,8415,4725,3474,3474,0,2613,5351,0,0,0
20241203,298,5,17,1700100,FALSE,30,5,Never married,1,0,1,0,110000,2980000000,0,0,298001,0,37684,1.2231,0.8346,6,4,2,1,88849,110000,0,0,2466,0,0,1436,9436,0,8415,4725,3474,3474,0,2613,5351,0,0,0
20241203,298,6,17,1700100,FALSE,64,3,Never married,2,0,1,0,110000,2980000000,0,0,298001,0,37684,1.2231,0.8346,6,4,2,1,88849,110000,0,0,2466,0,0,1436,9436,0,8415,4725,3474,3474,0,2613,5351,0,0,0
20241203,299,1,41,4109200,TRUE,158,58,Divorced,2,1,1,0,0,2990000000,0,6415,299001,1,12958,0.4635,0.9057,1,0,1,2,3545,8000,1810,0,0,150,0,0,0,0,0,0,0,0,0,0,6415,0,0,0
20241203,300,1,6,606716,FALSE,46,67,Widowed,2,3,1,0,115930,3000000000,0,417,300001,0,15670,0.4635,1.0953,1,0,1,2,83494,115930,0,0,0,0,0,17455,17455,0,3412,6646,1737,1737,0,0,3186,2770,0,0
20241203,301,1,17,1701902,FALSE,66,81,Widowed,2,4,1,0,44855,3010000000,0,1,301001,0,12768,0.4635,0.8924,1,0,1,2,46043,51300,0,0,0,0,0,3279,3279,0,0,0,0,0,0,0,1979,1979,0,0
20241203,302,1,10,1000301,FALSE,10,55,Never married,2,4,1,0,92250,3020000000,5206,5853,302001,0,13808,0.4635,0.9651,1,0,1,2,69683,96000,0,0,0,0,0,12556,12556,0,0,2703,0,0,0,5206,11059,0,0,0
20241203,303,1,6,606709,FALSE,94,41,Never married,1,4,4,1,72000,3030000000,1,1126,303001,0,36652,0.8802,1.128,3,1,2,1,113966,152000,0,0,822,0,0,13691,15691,0,11628,4113,3474,3474,0,4700,5950,0,1,0
20241203,303,2,6,606709,FALSE,54,50,Never married,2,4,1,0,80000,3030000012,4700,125,303001,0,36652,0.8802,1.128,3,1,2,1,113966,152000,0,0,822,0,0,13691,15691,0,11628,4113,3474,3474,0,4700,5950,0,1,0
20241203,303,3,6,606709,FALSE,58,9,Never married,1,0,1,0,72000,3030000000,0,0,303001,0,36652,0.8802,1.128,3,1,2,1,113966,152000,0,0,822,0,0,13691,15691,0,11628,4113,3474,3474,0,4700,5950,0,1,0
20241203,304,1,49,4949001,FALSE,40,75,Widowed,2,3,1,0,42315,3040000000,4727,2291,304001,0,35585,1,0.964,3,0,3,1,71366,96700,0,0,0,0,0,4604,4604,0,5745,1356,3407,3407,0,5051,10223,1979,0,0
20241203,304,2,49,4949001,FALSE,28,53,Divorced,2,3,1,0,24000,3040000012,324,350,304001,0,35585,1,0.964,3,0,3,1,71366,96700,0,0,0,0,0,4604,4604,0,5745,1356,3407,3407,0,5051,10223,0,0,0
20241203,304,3,49,4949001,FALSE,27,28,Never married,2,4,1,0,20000,3040000013,0,552,304001,0,35585,1,0.964,3,0,3,1,71366,96700,0,0,0,0,0,4604,4604,0,5745,1356,3407,3407,0,5051,10223,0,0,0
20241203,305,1,6,606717,FALSE,49,58,Married,1,4,4,1,135900,3050000000,1,0,305001,0,22095,0.6535,1.0953,2,0,2,2,100565,135900,0,0,0,0,0,14419,14419,0,10328,4806,3474,3474,0,0,2307,0,0,0
20241203,305,2,6,606717,FALSE,48,55,Married,2,4,4,1,135900,3050000000,1,2307,305001,0,22095,0.6535,1.0953,2,0,2,2,100565,135900,0,0,0,0,0,14419,14419,0,10328,4806,3474,3474,0,0,2307,0,0,0
20241203,306,1,42,4201804,FALSE,18,55,Married,2,1,1,0,0,3060000000,1351,625,306001,0,21946,0.6535,0.9097,2,0,2,1,23452,27600,0,0,0,0,0,0,0,0,0,0,0,0,0,745,4148,0,0,0
20241203,306,2,42,4201804,FALSE,17,69,Married,1,1,1,0,0,3060000000,139,800,306001,0,21946,0.6535,0.9097,2,0,2,1,23452,27600,0,0,0,0,0,0,0,0,0,0,0,0,0,745,4148,1979,0,0
20241203,307,1,24,2400501,FALSE,108,23,Never married,2,0,1,0,18000,3070000000,84,0,307001,0,26816,0.6535,1.0948,2,0,2,3,88092,123000,0,0,0,0,0,15776,15776,0,9410,5206,3474,3474,0,1022,1042,0,1,0
20241203,307,2,24,2400501,FALSE,138,25,Never married,1,4,1,1,105000,3070000012,937,21,307001,0,26816,0.6535,1.0948,2,0,2,3,88092,123000,0,0,0,0,0,15776,15776,0,9410,5206,3474,3474,0,1022,1042,0,1,0
20241203,308,1,27,2701504,FALSE,177,25,Never married,2,4,1,0,65000,3080000000,1,60,308001,0,18464,0.4635,1.0629,1,0,1,3,48637,65000,0,0,0,0,0,6561,6561,0,4973,3032,1737,1737,0,0,60,0,0,0
20241203,309,1,33,3300501,FALSE,21,73,Separated,2,4,1,0,140600,3090000000,1512,1666,309001,0,14358,0.4635,1.0036,1,0,1,2,112835,146000,0,0,0,0,0,23376,23376,0,918,0,1737,1737,0,1512,7134,3956,0,0
20241203,310,1,47,4701400,FALSE,104,93,Divorced,2,1,1,0,0,3100000000,0,1463,310001,0,12412,0.4635,0.8676,1,0,1,2,13237,14700,0,0,0,0,0,0,0,0,0,0,0,0,0,0,1463,0,0,0
20241203,311,1,53,5326701,FALSE,121,56,Divorced,2,3,1,0,63600,3110000000,6604,625,311001,0,26563,0.6535,1.1011,2,0,2,1,52616,73700,2161,0,0,0,0,6253,6253,0,4743,0,1737,1737,0,7387,10512,0,0,0
20241203,311,2,53,5326701,FALSE,113,33,Never married,2,2,1,0,63600,3110000000,783,2500,311001,0,26563,0.6535,1.1011,2,0,2,1,52616,73700,2161,0,0,0,0,6253,6253,0,4743,0,1737,1737,0,7387,10512,0,0,0
20241203,312,1,12,1203500,FALSE,91,56,Divorced,2,3,4,1,20000,3120000000,0,417,312001,1,17109,0.4635,1,1,0,1,1,16083,20000,0,0,0,0,0,615,615,0,1148,0,1737,1737,0,0,417,0,0,0
20241203,313,1,28,2802002,FALSE,40,38,Divorced,2,3,1,0,56000,3130000000,0,28,313001,0,39812,1.2231,0.8684,6,4,2,3,88734,98300,0,0,1500,0,0,1718,6828,0,4040,2515,1069,1069,0,0,1724,0,1,0
20241203,313,2,28,2802002,FALSE,57,32,Never married,1,3,2,0,40000,3130000012,0,21,313001,0,39812,1.2231,0.8684,6,4,2,3,88734,98300,0,0,1644,0,0,1718,6828,0,4040,2515,1069,1069,0,0,1724,0,1,0
20241203,313,3,28,2802002,FALSE,44,17,Never married,2,0,4,0,56000,3130000000,0,50,313001,0,39812,1.2231,0.8684,6,4,2,3,88734,98300,0,0,1500,0,0,1718,6828,0,4040,2515,1069,1069,0,0,1724,0,1,0
20241203,313,4,28,2802002,FALSE,53,15,Never married,1,0,4,0,56000,3130000000,0,1625,313001,0,39812,1.2231,0.8684,6,4,2,3,88734,98300,0,0,1644,0,0,1718,6828,0,4040,2515,1069,1069,0,0,1724,0,1,0
20241203,313,5,28,2802002,FALSE,83,1,Never married,1,0,4,0,56000,3130000000,0,0,313001,0,39812,1.2231,0.8684,6,4,2,3,88734,98300,0,0,1500,0,0,1718,6828,0,4040,2515,1069,1069,0,0,1724,0,1,0
20241203,313,6,28,2802002,FALSE,82,0,Never married,2,0,4,0,56000,3130000000,0,0,313001,0,39812,1.2231,0.8684,6,4,2,3,88734,98300,0,0,1644,0,0,1718,6828,0,4040,2515,1069,1069,0,0,1724,0,1,0
20241203,314,1,17,1703156,FALSE,51,79,Married,1,1,1,0,470521,3140000000,197,3000,314001,0,20662,0.6535,1.0242,2,0,2,2,322194,491000,0,0,0,0,0,99448,98407,0,29798,21647,1737,1737,0,98,16175,6330,0,0
20241203,314,2,17,1703156,FALSE,57,75,Married,2,1,1,0,470521,3140000000,1,417,314001,0,20662,0.6535,1.0242,2,0,2,2,322194,491000,0,0,0,0,0,99448,98407,0,29798,21647,1737,1737,0,98,16175,6330,0,0
20241203,315,1,12,1211701,FALSE,59,40,Never married,1,3,1,0,65000,3150000000,6248,1238,315001,0,15347,0.4635,1.0727,1,0,1,2,44244,65000,0,0,0,0,0,6561,6561,0,4973,0,1737,1737,0,6248,7486,0,0,0
20241203,316,1,47,4701600,FALSE,70,80,Married,1,3,1,0,2200,3160000000,750,754,316001,1,19033,0.6535,0.9435,2,0,2,2,16821,26200,0,0,0,0,0,0,0,0,0,0,0,0,0,1388,9379,1979,0,0
20241203,316,2,47,4701600,FALSE,81,77,Married,2,3,1,0,2200,3160000000,2026,3280,316001,1,19033,0.6535,0.9435,2,0,2,2,16821,26200,0,0,0,0,0,0,0,0,0,0,0,0,0,1388,9379,1979,0,0
20241203,317,1,6,608104,FALSE,60,54,Married,2,4,1,0,296000,3170000000,2603,1500,317001,0,34247,0.6535,1.4197,2,0,2,1,197241,296000,0,0,0,0,0,51192,51192,0,20846,19545,3474,3474,0,2102,3702,0,0,0
20241203,317,2,6,608104,FALSE,62,61,Married,1,4,1,0,296000,3170000000,1600,100,317001,0,34247,0.6535,1.4197,2,0,2,1,197241,296000,0,0,0,0,0,51192,51192,0,20846,19545,3474,3474,0,2102,3702,0,0,0
20241203,318,1,26,2603204,FALSE,108,62,Married,1,2,1,0,67950,3180000000,1801,338,318001,0,23076,0.6535,0.9566,2,0,2,1,56725,70500,0,0,0,0,0,4210,4210,0,3825,109,1737,1737,0,900,3894,0,0,0
20241203,318,2,26,2603204,FALSE,84,75,Married,2,2,1,0,67950,3180000000,1,677,318001,0,23076,0.6535,0.9566,2,0,2,1,56725,70500,0,0,0,0,0,4210,4210,0,3825,109,1737,1737,0,900,3894,1979,0,0
20241203,319,1,13,1304500,FALSE,90,61,Married,1,2,1,0,91000,3190000000,3600,394,319001,0,26961,1,0.8734,3,0,3,2,65693,92300,0,0,0,0,0,6656,7156,0,7062,3991,2739,2739,0,5202,6159,0,0,0
20241203,319,2,13,1304500,FALSE,72,58,Married,2,3,1,0,91000,3190000000,3804,443,319001,0,26961,1,0.8734,3,0,3,2,65693,92300,0,0,0,0,0,6656,7156,0,7062,3991,2739,2739,0,5202,6159,0,0,0
20241203,319,3,13,1304500,FALSE,103,18,Never married,1,0,1,0,91000,3190000000,1500,120,319001,0,26961,1,0.8734,3,0,3,2,65693,92300,0,0,0,0,0,6656,7156,0,7062,3991,2739,2739,0,5202,6159,0,0,0
20241203,320,1,48,4800800,FALSE,80,46,Separated,2,3,1,0,30000,3200000000,6000,547,320001,1,24739,0.6994,0.9437,2,1,1,3,22996,30000,264,0,822,0,0,-3726,920,2646,2295,0,1737,1737,0,6000,7785,0,0,0
20241203,320,2,48,4800800,FALSE,70,15,Never married,1,0,1,0,30000,3200000000,0,1238,320001,1,24739,0.6994,0.9437,2,1,1,3,22996,30000,264,0,822,0,0,-3726,920,2646,2295,0,1737,1737,0,6000,7785,0,0,0
20241203,321,1,56,5600400,FALSE,74,63,Married,1,4,1,0,88600,3210000000,1,1302,321001,0,18257,0.6535,0.905,2,0,2,2,68182,88600,0,0,0,0,0,6868,6868,0,6503,0,1737,1737,0,3384,5310,0,0,0
20241203,321,2,56,5600400,FALSE,87,63,Married,2,4,1,0,88600,3210000000,6768,625,321001,0,18257,0.6535,0.905,2,0,2,2,68182,88600,0,0,0,0,0,6868,6868,0,6503,0,1737,1737,0,3384,5310,0,0,0
20241203,322,1,24,2400502,FALSE,35,65,Divorced,1,2,2,0,36000,3220000000,1,1,322001,0,19018,0.4635,1.0948,1,0,1,3,33948,36000,4123,0,0,0,0,2216,2216,0,2754,337,869,869,0,0,0,0,0,0
20241203,323,1,29,2902200,TRUE,50,26,Never married,2,2,1,0,600,3230000000,0,2395,323001,1,14162,0.4635,0.8153,1,0,1,3,84,1200,1680,0,0,0,0,-46,0,46,46,0,401,401,0,0,2395,0,0,0
20241203,324,1,34,3400601,FALSE,32,39,Married,2,4,1,0,786000,3240000000,2296,1300,324001,0,28292,0.6535,1.1551,2,0,2,3,489977,786000,0,0,0,0,0,212736,210485,0,24375,53286,1737,1737,0,1548,3889,0,0,0
20241203,324,2,34,3400601,FALSE,40,54,Married,1,4,1,0,786000,3240000000,800,1041,324001,0,28292,0.6535,1.1551,2,0,2,3,489977,786000,0,0,0,0,0,212736,210485,0,24375,53286,1737,1737,0,1548,3889,0,0,0
20241203,326,1,51,5117100,FALSE,79,65,Never married,2,4,1,0,82783,3260000000,1354,2450,326001,0,14232,0.4635,0.8193,1,0,1,3,57017,89000,0,0,0,0,0,10066,10066,0,12434,3943,1737,1737,0,1354,3804,0,0,0
20241203,327,1,8,801701,FALSE,106,32,Never married,1,4,1,0,50000,3270000000,1200,79,327001,0,20581,0.4635,1.1847,1,0,1,3,38251,50000,0,0,0,0,0,4118,4118,0,3825,791,1737,1737,0,1200,1279,0,0,0
20241203,328,1,1,102300,FALSE,126,40,Married,2,3,1,0,71500,3280000000,800,1463,328001,0,30587,1,0.8286,3,0,3,1,81895,111500,0,0,0,0,0,7734,7734,0,8531,4178,5211,5211,0,1488,3951,0,0,0
20241203,328,2,1,102300,FALSE,146,41,Married,1,2,1,0,71500,3280000000,850,150,328001,0,30587,1,0.8286,3,0,3,1,81895,111500,0,0,0,0,0,7734,7734,0,8531,4178,5211,5211,0,1488,3951,0,0,0
20241203,328,3,1,102300,FALSE,167,20,Never married,2,0,1,0,40000,3280000013,663,850,328001,0,30587,1,0.8286,3,0,3,1,81895,111500,0,0,0,0,0,7734,7734,0,8531,4178,5211,5211,0,1488,3951,0,0,0
20241203,329,1,8,801705,FALSE,84,81,Married,1,3,1,0,5000,3290000000,0,182,329001,0,22890,0.6535,1.1347,2,0,2,2,37760,43800,0,0,0,0,0,0,0,0,0,-1600,0,0,0,0,7640,1979,0,0
20241203,329,2,8,801705,FALSE,71,88,Married,2,3,1,0,5000,3290000000,0,3500,329001,0,22890,0.6535,1.1347,2,0,2,2,37760,43800,0,0,0,0,0,0,0,0,0,-1600,0,0,0,0,7640,1979,0,0
20241203,330,1,8,801702,FALSE,202,51,Married,1,1,4,1,51200,3300000000,0,135,330001,0,53321,1.2231,1.181,4,0,4,1,69174,77800,0,0,163,0,0,1573,2380,307,5218,-1519,2873,2873,0,0,644,0,0,0
20241203,330,2,8,801702,FALSE,184,54,Married,2,1,4,1,51200,3300000000,0,31,330001,0,53321,1.2231,1.181,4,0,4,1,69174,77800,0,0,163,0,0,1573,2380,307,5218,-1519,2873,2873,0,0,644,0,0,0
20241203,330,3,8,801702,FALSE,157,18,Never married,2,0,4,1,51200,3300000000,0,368,330001,0,53321,1.2231,1.181,4,0,4,1,69174,77800,0,0,163,0,0,1573,2380,307,5218,-1519,2873,2873,0,0,644,0,0,0
20241203,330,4,8,801702,FALSE,155,82,Widowed,2,1,4,1,0,3300000014,0,109,330001,0,53321,1.2231,1.181,4,0,4,1,69174,77800,0,0,163,0,0,1573,2380,307,5218,-1519,2873,2873,0,0,644,0,0,0
20241203,330,5,8,801702,FALSE,175,55,Married,1,1,4,1,86000,3300000015,0,45,330006,0,20205,0.4635,1.181,1,0,1,1,64471,86000,0,0,0,0,0,11181,11181,0,6426,2375,1503,1503,0,0,45,0,0,0
20241203,331,1,17,1703157,FALSE,249,53,Married,2,3,2,0,77851,3310000000,3436,135,331001,0,17949,0.4635,1.0332,1,0,1,3,55188,78600,0,0,0,0,0,9388,9388,0,6700,3734,1737,1737,0,1718,1853,0,0,0
20241203,332,1,36,3604410,FALSE,207,61,Separated,1,3,4,0,60000,3320000000,600,1640,332001,0,19893,0.4635,1.1628,1,0,1,1,43277,60000,0,0,0,0,0,5461,5461,0,4590,2695,1737,1737,0,600,2240,0,0,0
20241203,332,2,36,3604410,TRUE,132,53,Never married,2,2,4,0,7500,3320000012,0,1,332003,1,19893,0.4635,1.1628,1,0,1,1,5934,7500,0,0,0,0,0,-574,0,574,575,-172,1737,1737,0,0,0,0,0,0
20241203,332,3,36,3604410,FALSE,176,35,Married,2,4,1,0,100000,3320000013,1,23,332004,0,19893,0.4635,1.1628,1,0,1,1,71378,100000,0,0,0,0,0,14261,14261,0,7650,4952,1737,1737,0,0,23,0,0,0
20241203,332,4,36,3604410,FALSE,170,27,Never married,1,3,1,0,50000,3320000014,11705,1126,332005,0,19893,0.4635,1.1628,1,0,1,1,25713,50000,0,0,0,0,0,4015,4015,0,3825,1879,1737,1737,0,11705,12831,0,0,0
20241203,334,1,9,920703,FALSE,45,64,Married,1,4,1,0,263200,3340000000,1,1562,334001,0,24992,0.6535,1.036,2,0,2,1,186092,263200,0,0,0,0,0,43822,43320,0,13165,14292,2405,2405,0,1562,3424,0,0,0
20241203,334,2,9,920703,FALSE,46,60,Married,2,4,1,0,263200,3340000000,3124,300,334001,0,24992,0.6535,1.036,2,0,2,1,186092,263200,0,0,0,0,0,43822,43320,0,13165,14292,2405,2405,0,1562,3424,0,0,0
20241203,335,1,17,1716700,FALSE,256,31,Married,2,4,1,0,127000,3350000000,563,250,335001,0,24828,0.8802,0.9138,3,1,2,2,91042,127000,0,0,0,0,0,10461,12461,0,9716,5926,3474,3474,0,3530,6380,0,0,0
20241203,335,2,17,1716700,FALSE,309,40,Married,1,4,4,1,127000,3350000000,6497,2600,335001,0,24828,0.8802,0.9138,3,1,2,2,91042,127000,0,0,0,0,0,10461,12461,0,9716,5926,3474,3474,0,3530,6380,0,0,0
20241203,335,3,17,1716700,FALSE,240,3,Never married,1,0,4,1,127000,3350000000,0,0,335001,0,24828,0.8802,0.9138,3,1,2,2,91042,127000,0,0,0,0,0,10461,12461,0,9716,5926,3474,3474,0,3530,6380,0,0,0
20241203,336,1,8,800703,FALSE,115,93,Married,1,2,1,0,31700,3360000000,1,1406,336001,0,29019,0.6535,1.1847,2,0,2,3,45157,47200,0,0,0,0,0,100,100,0,0,-1600,0,0,0,338,3543,0,0,0
20241203,336,2,8,800703,FALSE,92,93,Married,2,2,1,0,31700,3360000000,675,1800,336001,0,29019,0.6535,1.1847,2,0,2,3,45157,47200,0,0,0,0,0,100,100,0,0,-1600,0,0,0,338,3543,0,0,0
20241203,337,1,48,4803305,FALSE,181,72,Widowed,2,3,4,1,20,3370000000,0,45,337001,0,13115,0.4635,0.9167,1,0,1,2,21996,24020,0,0,0,0,0,0,0,0,0,0,0,0,0,0,2024,1979,0,0
20241203,338,1,17,1703114,FALSE,75,54,Married,1,2,4,1,135000,3380000000,8000,2749,338001,0,46620,1.2231,1.0326,4,0,4,1,120069,165100,0,0,0,0,0,14221,14221,0,10328,6442,3474,3474,0,7000,10565,0,0,0
20241203,338,2,17,1703114,FALSE,66,57,Married,2,3,1,0,135000,3380000000,1,200,338001,0,46620,1.2231,1.0326,4,0,4,1,120069,165100,0,0,0,0,0,14221,14221,0,10328,6442,3474,3474,0,7000,10565,0,0,0
20241203,338,3,17,1703114,FALSE,58,75,Married,2,4,1,0,0,3380000001,0,417,338001,0,46620,1.2231,1.0326,4,0,4,1,120069,165100,0,0,0,0,0,14221,14221,0,10328,6442,3474,3474,0,7000,10565,0,0,0
20241203,338,4,17,1703114,FALSE,91,74,Married,1,1,4,1,0,3380000001,6000,200,338001,0,46620,1.2231,1.0326,4,0,4,1,120069,165100,0,0,0,0,0,14221,14221,0,10328,6442,3474,3474,0,7000,10565,0,0,0
20241203,339,1,48,4805914,FALSE,310,49,Divorced,2,3,1,1,56000,3390000000,1200,450,339001,0,25817,0.6994,1,2,1,1,1,46419,56000,0,0,0,0,0,1910,3910,0,4284,0,1737,1737,0,1200,1650,0,0,0
20241203,339,2,48,4805914,FALSE,480,13,Never married,1,0,1,0,56000,3390000000,0,0,339001,0,25817,0.6994,1,2,1,1,1,46419,56000,0,0,0,0,0,1910,3910,0,4284,0,1737,1737,0,1200,1650,0,0,0
20241203,340,1,26,2600900,FALSE,56,53,Married,1,4,1,0,372760,3400000000,130,552,340001,0,36472,1.3282,0.8895,5,1,4,2,332930,473800,0,0,163,0,0,74146,76146,0,35182,17559,5211,5211,0,7293,8934,0,0,0
20241203,340,2,26,2600900,FALSE,34,52,Married,2,3,1,0,372760,3400000000,450,600,340001,0,36472,1.3282,0.8895,5,1,4,2,332930,473800,0,0,163,0,0,74146,76146,0,35182,17559,5211,5211,0,7293,8934,0,0,0
20241203,340,3,26,2600900,FALSE,91,24,Never married,2,0,1,0,45800,3400000013,6753,281,340001,0,36472,1.3282,0.8895,5,1,4,2,332930,473800,0,0,163,0,0,74146,76146,0,35182,17559,5211,5211,0,7293,8934,0,0,0
20241203,340,4,26,2600900,FALSE,81,21,Never married,1,0,1,0,40000,3400000014,250,208,340001,0,36472,1.3282,0.8895,5,1,4,2,332930,473800,0,0,163,0,0,74146,76146,0,35182,17559,5211,5211,0,7293,8934,0,0,0
20241203,340,5,26,2600900,FALSE,21,11,Never married,2,0,3,0,372760,3400000000,0,0,340001,0,36472,1.3282,0.8895,5,1,4,2,332930,473800,0,0,163,0,0,74146,76146,0,35182,17559,5211,5211,0,7293,8934,0,0,0
20241203,341,1,36,3601900,FALSE,69,60,Married,2,4,1,0,157100,3410000000,3072,104,341001,0,37757,1.2231,1,4,0,4,2,143238,208300,0,0,0,0,0,21038,21531,493,15469,9157,4677,4677,0,11727,14721,0,0,0
20241203,341,2,36,3601900,FALSE,48,58,Married,1,3,4,0,157100,3410000000,18743,338,341001,0,37757,1.2231,1,4,0,4,2,143238,208300,0,0,0,0,0,21038,21531,493,15469,9157,4677,4677,0,11727,14721,0,0,0
20241203,341,3,36,3601900,FALSE,49,30,Never married,1,2,4,0,11200,3410000013,257,2500,341001,0,37757,1.2231,1,4,0,4,2,143238,208300,0,0,0,0,0,21038,21531,493,15469,9157,4677,4677,0,11727,14721,0,0,0
20241203,341,4,36,3601900,FALSE,35,26,Never married,1,2,4,0,40000,3410000014,563,52,341001,0,37757,1.2231,1,4,0,4,2,143238,208300,0,0,0,0,0,21038,21531,493,15469,9157,4677,4677,0,11727,14721,0,0,0
20241203,341,5,36,3601900,FALSE,47,30,Never married,1,4,4,0,16000,3410000015,2200,690,341006,1,14307,0.4635,1,1,0,1,2,10222,16000,0,0,0,0,0,89,215,126,1224,272,1303,1303,0,2200,2890,0,0,0
20241203,342,1,5,501100,FALSE,11,74,Widowed,1,3,1,0,14000,3420000000,0,150,342001,1,21705,0.6994,0.8407,2,1,1,1,18871,21000,0,0,0,0,0,0,0,0,0,0,0,0,0,0,2129,1979,0,0
20241203,342,2,5,501100,FALSE,14,11,Never married,1,0,1,0,14000,3420000000,0,0,342001,1,21705,0.6994,0.8407,2,1,1,1,18871,21000,0,0,0,0,0,0,0,0,0,0,0,0,0,0,2129,0,0,0
20241203,343,1,36,3600500,FALSE,200,24,Never married,2,0,1,0,25000,3430000000,8104,50,343001,0,34892,1,0.9309,4,2,2,3,47366,55000,0,0,0,0,1758,-6037,2138,5880,3443,-907,2739,2739,0,8104,10154,0,1,0
20241203,343,2,36,3600500,FALSE,252,26,Never married,1,2,1,0,30000,3430000012,0,2000,343001,0,34892,1,0.9309,4,2,2,3,47366,55000,0,0,0,0,1758,-6037,2138,5880,3443,-907,2739,2739,0,8104,10154,0,1,0
20241203,343,3,36,3600500,FALSE,193,3,Never married,1,0,1,0,25000,3430000000,0,0,343001,0,34892,1,0.9309,4,2,2,3,47366,55000,0,0,0,0,1758,-6037,2138,5880,3443,-907,2739,2739,0,8104,10154,0,1,0
20241203,343,4,36,3600500,FALSE,191,1,Never married,1,0,1,0,25000,3430000000,0,0,343001,0,34892,1,0.9309,4,2,2,3,47366,55000,0,0,0,0,1758,-6037,2138,5880,3443,-907,2739,2739,0,8104,10154,0,1,0
20241203,344,1,15,1500308,FALSE,17,54,Married,2,3,4,0,175000,3440000000,2062,9004,344001,0,57240,1.2231,1.2678,4,0,4,1,122509,191000,0,0,0,0,0,22796,23796,0,14612,10554,5211,5211,0,2816,15319,0,0,0
20241203,344,2,15,1500308,FALSE,22,54,Married,1,3,4,0,175000,3440000000,1562,1550,344001,0,57240,1.2231,1.2678,4,0,4,1,122509,191000,0,0,0,0,0,22796,23796,0,14612,10554,5211,5211,0,2816,15319,0,0,0
20241203,344,3,15,1500308,FALSE,19,21,Never married,1,0,4,0,175000,3440000000,338,260,344001,0,57240,1.2231,1.2678,4,0,4,1,122509,191000,0,0,0,0,0,22796,23796,0,14612,10554,5211,5211,0,2816,15319,0,0,0
20241203,344,4,15,1500308,FALSE,18,21,Never married,2,0,4,0,175000,3440000000,667,1688,344001,0,57240,1.2231,1.2678,4,0,4,1,122509,191000,0,0,0,0,0,22796,23796,0,14612,10554,5211,5211,0,2816,15319,0,0,0
20241203,345,1,22,2201900,FALSE,178,57,Divorced,1,2,1,0,0,3450000000,1171,0,345001,0,16440,0.4635,0.9609,1,0,1,1,25629,26800,0,0,0,0,0,0,0,0,0,0,0,0,0,1171,1171,0,0,0
20241203,346,1,6,607310,TRUE,97,79,Divorced,2,3,1,0,1700,3460000000,0,400,346001,1,22374,0.4635,1.288,1,0,1,3,11607,11500,506.5,0,0,0,0,0,0,0,0,0,0,0,0,0,400,0,0,0
20241203,346,2,6,607310,TRUE,84,74,Never married,1,2,2,0,0,3460000012,0,23,346003,1,22374,0.4635,1.288,1,0,1,3,12984,12500,506.5,0,0,0,0,0,0,0,0,0,0,0,0,0,23,0,0,0
20241203,347,1,55,5500600,TRUE,36,53,Separated,2,4,1,0,12000,3470000000,5831,521,347001,1,12842,0.4635,0.8976,1,0,1,2,3826,12000,0,0,0,0,0,-432,0,432,918,0,1336,1336,0,5831,6352,0,0,0
20241203,348,1,36,3604412,FALSE,98,42,Never married,2,2,2,0,58000,3480000000,3000,200,348001,0,35638,0.8303,1.1628,3,2,1,1,47671,58000,0,0,750,0,0,150,4150,0,4437,1555,1737,1737,0,3000,3200,0,0,0
20241203,348,2,36,3604412,FALSE,95,10,Never married,1,0,2,0,58000,3480000000,0,0,348001,0,35638,0.8303,1.1628,3,2,1,1,47671,58000,0,0,822,0,0,150,4150,0,4437,1555,1737,1737,0,3000,3200,0,0,0
20241203,348,3,36,3604412,FALSE,147,3,Never married,1,0,2,0,58000,3480000000,0,0,348001,0,35638,0.8303,1.1628,3,2,1,1,47671,58000,0,0,822,0,0,150,4150,0,4437,1555,1737,1737,0,3000,3200,0,0,0
20241203,349,1,36,3602201,TRUE,67,67,Married,2,4,1,0,900,3490000000,0,130,349001,1,18492,0.6535,0.9167,2,0,2,2,8991,9900,0,0,0,0,0,0,0,0,612,0,167,167,0,0,130,0,0,0
20241203,349,2,36,3602201,TRUE,39,31,Never married,2,4,1,0,900,3490000000,0,1,349001,1,18492,0.6535,0.9167,2,0,2,2,8991,9900,0,0,0,0,0,0,0,0,612,0,167,167,0,0,130,0,0,0
20241203,350,1,6,607507,FALSE,101,78,Widowed,2,3,2,0,19675,3500000000,425,700,350001,0,34247,0.6535,1.4197,2,0,2,1,277665,444700,0,0,0,0,0,107024,107024,0,16714,33806,1336,1336,0,5139,8155,1979,0,0
20241203,350,2,6,607507,FALSE,50,56,Divorced,1,3,2,0,400000,3500000012,4714,338,350001,0,34247,0.6535,1.4197,2,0,2,1,277665,444700,0,0,0,0,0,107024,107024,0,16714,33806,1336,1336,0,5139,8155,0,0,0
20241203,351,1,47,4702102,FALSE,71,74,Divorced,2,2,1,0,9000,3510000000,0,1145,351001,0,17695,0.4635,1.0186,1,0,1,3,29850,35400,0,0,0,0,0,0,0,0,689,0,1737,1737,0,0,3124,1979,0,0
20241203,352,1,27,2700700,FALSE,26,66,Divorced,1,3,1,0,1200,3520000000,0,830,352001,0,14693,0.4635,0.8458,1,0,1,3,30669,28200,2499,0,0,800,0,0,0,0,0,0,0,0,0,0,830,0,0,0
20241203,355,1,18,1802900,FALSE,88,60,Married,1,4,1,0,120000,3550000000,6753,113,355001,0,22731,0.6535,0.9423,2,0,2,1,89362,120000,0,0,0,0,0,10921,10921,0,9180,3717,1737,1737,0,3564,5083,0,0,0
20241203,355,2,18,1802900,FALSE,87,59,Married,2,3,1,0,120000,3550000000,375,1407,355001,0,22731,0.6535,0.9423,2,0,2,1,89362,120000,0,0,0,0,0,10921,10921,0,9180,3717,1737,1737,0,3564,5083,0,0,0
20241203,356,1,13,1301900,FALSE,8,49,Married,2,4,1,0,89120,3560000000,6000,100,356001,0,33759,1,0.9145,4,2,2,1,66906,89120,0,0,326,0,0,2921,6930,0,6785,3708,5974,3474,2500,3000,3152,0,0,0
20241203,356,2,13,1301900,FALSE,10,51,Married,1,4,1,0,89120,3560000000,1,52,356001,0,33759,1,0.9145,4,2,2,1,66906,89120,0,0,326,0,0,2921,6930,0,6785,3708,5974,3474,2500,3000,3152,0,0,0
20241203,356,3,13,1301900,FALSE,13,12,Never married,1,0,1,0,89120,3560000000,0,0,356001,0,33759,1,0.9145,4,2,2,1,66906,89120,0,0,326,0,0,2921,6930,0,6785,3708,5974,3474,2500,3000,3152,0,0,0
20241203,356,4,13,1301900,FALSE,12,9,Never married,1,0,1,0,89120,3560000000,0,0,356001,0,33759,1,0.9145,4,2,2,1,66906,89120,0,0,326,0,0,2921,6930,0,6785,3708,5974,3474,2500,3000,3152,0,0,0
20241203,357,1,37,3701205,FALSE,108,39,Married,2,2,2,0,565100,3570000000,2926,312,357001,0,42370,1.1139,1.0304,5,3,2,1,379846,565100,0,0,0,0,0,132420,131879,0,19887,25631,1737,1737,0,4277,5578,0,0,0
20241203,357,2,37,3701205,FALSE,112,40,Married,1,1,2,0,565100,3570000000,5628,989,357001,0,42370,1.1139,1.0304,5,3,2,1,379846,565100,0,0,0,0,0,132420,131879,0,19887,25631,1737,1737,0,4277,5578,0,0,0
20241203,357,3,37,3701205,FALSE,146,14,Never married,1,0,2,0,565100,3570000000,0,0,357001,0,42370,1.1139,1.0304,5,3,2,1,379846,565100,0,0,0,0,0,132420,131879,0,19887,25631,1737,1737,0,4277,5578,0,0,0
20241203,357,4,37,3701205,FALSE,146,11,Never married,1,0,2,0,565100,3570000000,0,0,357001,0,42370,1.1139,1.0304,5,3,2,1,379846,565100,0,0,0,0,0,132420,131879,0,19887,25631,1737,1737,0,4277,5578,0,0,0
20241203,357,5,37,3701205,FALSE,127,3,Never married,1,0,2,0,565100,3570000000,0,0,357001,0,42370,1.1139,1.0304,5,3,2,1,379846,565100,0,0,0,0,0,132420,131879,0,19887,25631,1737,1737,0,4277,5578,0,0,0
20241203,358,1,6,604701,FALSE,76,51,Married,2,3,1,1,174540,3580000000,1,417,358001,0,29205,1,0.9461,3,0,3,2,129748,182540,0,0,0,0,0,22420,22920,0,13924,7803,5211,5211,0,2863,3434,0,0,0
20241203,358,2,6,604701,FALSE,68,44,Married,1,3,4,1,174540,3580000000,5727,113,358001,0,29205,1,0.9461,3,0,3,2,129748,182540,0,0,0,0,0,22420,22920,0,13924,7803,5211,5211,0,2863,3434,0,0,0
20241203,358,3,6,604701,FALSE,59,18,Never married,1,0,4,1,174540,3580000000,1,42,358001,0,29205,1,0.9461,3,0,3,2,129748,182540,0,0,0,0,0,22420,22920,0,13924,7803,5211,5211,0,2863,3434,0,0,0
20241203,359,1,37,3700400,FALSE,174,59,Divorced,2,2,1,0,0,3590000000,0,31,359001,0,44425,1.2231,0.9839,4,0,4,1,63799,68810,2661,0,0,0,0,2214,2214,0,2494,1016,1737,1737,0,0,211,0,0,0
20241203,359,2,37,3700400,FALSE,166,37,Divorced,2,1,1,0,34130,3590000012,0,180,359001,0,44425,1.2231,0.9839,4,0,4,1,63799,68810,2661,0,0,0,0,2214,2214,0,2494,1016,1737,1737,0,0,211,0,0,0
20241203,359,3,37,3700400,FALSE,134,35,Never married,1,1,1,0,0,3590000000,0,0,359001,0,44425,1.2231,0.9839,4,0,4,1,63799,68810,2661,0,0,0,0,2214,2214,0,2494,1016,1737,1737,0,0,211,0,0,0
20241203,359,4,37,3700400,FALSE,228,20,Never married,2,0,4,0,34130,3590000012,0,1,359001,0,44425,1.2231,0.9839,4,0,4,1,63799,68810,2661,0,0,0,0,2214,2214,0,2494,1016,1737,1737,0,0,211,0,0,0
20241203,360,1,12,1205701,FALSE,39,24,Married,2,0,4,1,46817,3600000000,2742,267,360001,0,25850,0.6535,1.0554,2,0,2,3,30871,48400,0,0,0,0,0,1912,1912,0,5154,0,1537,1537,0,2516,8926,0,0,0
20241203,360,2,12,1205701,FALSE,57,30,Married,1,4,1,0,46817,3600000000,2291,6143,360001,0,25850,0.6535,1.0554,2,0,2,3,30871,48400,0,0,0,0,0,1912,1912,0,5154,0,1537,1537,0,2516,8926,0,0,0
20241203,361,1,48,4801902,FALSE,29,66,Married,1,4,1,0,169600,3610000000,1,250,361001,0,32535,1,1.0539,3,0,3,2,242497,336600,0,0,0,0,0,51329,51329,0,22825,0,3474,3474,0,6123,16475,1979,0,0
20241203,361,2,48,4801902,FALSE,33,65,Married,2,4,1,0,169600,3610000000,2700,2500,361001,0,32535,1,1.0539,3,0,3,2,242497,336600,0,0,0,0,0,51329,51329,0,22825,0,3474,3474,0,6123,16475,1979,0,0
20241203,361,3,48,4801902,FALSE,36,29,Never married,1,4,1,0,167000,3610000013,4773,3644,361001,0,32535,1,1.0539,3,0,3,2,242497,336600,0,0,0,0,0,51329,51329,0,22825,0,3474,3474,0,6123,16475,0,0,0
20241203,362,1,13,1301401,TRUE,81,20,Never married,2,0,1,1,11000,3620000000,0,312,362001,1,26046,0.6535,1.0633,2,0,2,3,15336,15700,0,4926,0,0,0,0,0,0,1506,48,3374,3374,0,0,362,0,1,0
20241203,362,2,13,1301401,TRUE,81,21,Never married,2,0,1,1,4368,3620000012,0,50,362001,1,26046,0.6535,1.0633,2,0,2,3,15336,15700,0,4926,0,0,0,0,0,0,1506,48,3374,3374,0,0,362,0,1,0
20241203,363,1,31,3100300,FALSE,30,40,Married,2,3,1,0,83800,3630000000,4165,338,363001,0,36352,1.1139,0.8706,5,3,2,3,56761,83800,0,0,326,0,0,249,6292,0,6410,1869,14594,3474,11119.9499,3883,4243,0,0,0
20241203,363,2,31,3100300,FALSE,51,42,Married,1,3,4,1,83800,3630000000,3602,23,363001,0,36352,1.1139,0.8706,5,3,2,3,56761,83800,0,0,326,0,0,249,6292,0,6410,1869,14594,3474,11119.9499,3883,4243,0,0,0
20241203,363,3,31,3100300,FALSE,41,11,Never married,1,0,4,1,83800,3630000000,0,0,363001,0,36352,1.1139,0.8706,5,3,2,3,56761,83800,0,0,326,0,0,249,6292,0,6410,1869,14594,3474,11119.9499,3883,4243,0,0,0
20241203,363,4,31,3100300,FALSE,41,7,Never married,2,0,4,1,83800,3630000000,0,0,363001,0,36352,1.1139,0.8706,5,3,2,3,56761,83800,0,0,326,0,0,249,6292,0,6410,1869,14594,3474,11119.9499,3883,4243,0,0,0
20241203,363,5,31,3100300,FALSE,28,4,Never married,1,0,4,1,83800,3630000000,0,0,363001,0,36352,1.1139,0.8706,5,3,2,3,56761,83800,0,0,326,0,0,249,6292,0,6410,1869,14594,3474,11119.9499,3883,4243,0,0,0
20241203,364,1,11,1100105,FALSE,103,34,Never married,2,3,4,0,100000,3640000000,1,0,364001,0,21088,0.4635,1.214,1,0,1,3,70630,100000,0,0,0,0,0,14261,14261,0,7650,5723,1737,1737,0,0,0,0,0,0
20241203,365,1,36,3604165,FALSE,9,24,Never married,1,0,3,0,150000,3650000000,1,338,365001,0,20257,0.4635,1.1661,1,0,1,3,101904,150000,0,0,0,0,0,26076,26076,0,11289,8723,1670,1670,0,0,338,0,0,0
20241203,365,2,36,3604165,FALSE,36,25,Never married,1,4,1,0,306000,3650000012,6978,50,365003,0,20257,0.4635,1.1661,1,0,1,3,189269,306000,0,0,0,0,0,73071,73035,0,14482,20412,1737,1737,0,6978,7028,0,0,0
20241203,365,3,36,3604165,FALSE,25,25,Never married,1,4,3,0,360000,3650000013,56,450,365004,0,20257,0.4635,1.1661,1,0,1,3,224824,360000,0,0,0,0,0,93047,93047,0,15774,24111,1737,1737,0,56,506,0,0,0
20241203,366,1,39,3901900,FALSE,49,40,Married,2,4,1,0,84400,3660000000,1,113,366001,0,34375,1.1139,0.8359,4,1,3,1,67370,100100,0,0,0,0,0,4364,6364,0,5968,1729,3474,3474,0,1126,17195,0,0,0
20241203,366,2,39,3901900,FALSE,68,39,Married,1,4,1,0,84400,3660000000,2251,9200,366001,0,34375,1.1139,0.8359,4,1,3,1,67370,100100,0,0,0,0,0,4364,6364,0,5968,1729,3474,3474,0,1126,17195,0,0,0
20241203,366,3,39,3901900,FALSE,63,13,Never married,1,0,1,0,84400,3660000000,0,0,366001,0,34375,1.1139,0.8359,4,1,3,1,67370,100100,0,0,0,0,0,4364,6364,0,5968,1729,3474,3474,0,1126,17195,0,0,0
20241203,366,4,39,3901900,FALSE,69,67,Divorced,2,2,1,0,1600,3660000014,0,4778,366001,0,34375,1.1139,0.8359,4,1,3,1,67370,100100,0,0,0,0,0,4364,6364,0,5968,1729,3474,3474,0,1126,17195,1979,0,0
20241203,367,1,31,3100600,FALSE,65,54,Married,2,3,1,0,74800,3670000000,2628,1182,367001,0,41413,1.3282,0.8446,6,3,3,1,130373,178800,0,0,0,0,0,14973,19473,0,12546,6433,4877,4877,0,2437,9598,0,0,0
20241203,367,2,31,3100600,FALSE,53,56,Married,1,4,1,0,74800,3670000000,625,4727,367001,0,41413,1.3282,0.8446,6,3,3,1,130373,178800,0,0,0,0,0,14973,19473,0,12546,6433,4877,4877,0,2437,9598,0,0,0
20241203,367,3,31,3100600,FALSE,40,27,Widowed,2,4,1,0,100000,3670000013,810,732,367001,0,41413,1.3282,0.8446,6,3,3,1,130373,178800,0,0,0,0,0,14973,19473,0,12546,6433,4877,4877,0,2437,9598,0,0,0
20241203,367,4,31,3100600,FALSE,53,17,Never married,2,0,1,0,74800,3670000000,0,521,367001,0,41413,1.3282,0.8446,6,3,3,1,130373,178800,0,0,0,0,0,14973,19473,0,12546,6433,4877,4877,0,2437,9598,0,0,0
20241203,367,5,31,3100600,FALSE,53,14,Never married,2,0,1,0,74800,3670000000,0,0,367001,0,41413,1.3282,0.8446,6,3,3,1,130373,178800,0,0,0,0,0,14973,19473,0,12546,6433,4877,4877,0,2437,9598,0,0,0
20241203,367,6,31,3100600,FALSE,53,13,Never married,2,0,1,0,74800,3670000000,0,0,367001,0,41413,1.3282,0.8446,6,3,3,1,130373,178800,0,0,0,0,0,14973,19473,0,12546,6433,4877,4877,0,2437,9598,0,0,0
20241203,367,7,31,3100600,TRUE,40,58,Married,1,3,1,0,0,3670000017,0,1041,367008,1,14451,0.4635,0.8446,1,0,1,1,4759,5800,0,0,0,0,0,0,0,0,0,0,0,0,0,0,1041,0,0,0
20241203,368,1,53,5326303,FALSE,65,38,Separated,2,3,1,0,51600,3680000000,1562,521,368001,0,23409,0.6535,0.9557,2,0,2,3,41099,52000,0,0,0,0,0,2882,3382,0,3749,0,1837,1837,0,1562,2433,0,0,0
20241203,368,2,53,5326303,FALSE,54,18,Never married,1,0,1,0,51600,3680000000,1,350,368001,0,23409,0.6535,0.9557,2,0,2,3,41099,52000,0,0,0,0,0,2882,3382,0,3749,0,1837,1837,0,1562,2433,0,0,0
20241203,369,1,12,1208103,FALSE,102,41,Married,2,4,1,0,141000,3690000000,1,563,369001,0,36075,0.8802,1.0935,3,1,2,3,109720,141000,0,0,163,0,0,13533,15541,0,10787,0,5635,3474,2160.961924,250,1488,0,0,0
20241203,369,2,12,1208103,FALSE,158,51,Married,1,3,1,0,141000,3690000000,500,675,369001,0,36075,0.8802,1.0935,3,1,2,3,109720,141000,0,0,163,0,0,13533,15541,0,10787,0,5635,3474,2160.961924,250,1488,0,0,0
20241203,369,3,12,1208103,FALSE,132,9,Never married,2,0,1,0,141000,3690000000,0,0,369001,0,36075,0.8802,1.0935,3,1,2,3,109720,141000,0,0,163,0,0,13533,15541,0,10787,0,5635,3474,2160.961924,250,1488,0,0,0
20241203,370,1,8,802003,FALSE,76,93,Widowed,2,3,1,0,0,3700000000,0,800,370001,0,18657,0.4635,1.074,1,0,1,3,18882,16800,0,4061,0,0,0,0,0,0,0,-800,0,0,0,0,2779,1979,0,0
20241203,371,1,51,5110901,FALSE,199,77,Married,1,3,2,0,71450,3710000000,1715,677,371001,0,21098,0.6535,1.0459,2,0,2,2,87605,98500,0,0,0,0,0,4450,4450,0,0,0,0,0,0,1248,6445,1979,0,0
20241203,371,2,51,5110901,FALSE,186,71,Married,2,4,2,0,71450,3710000000,780,563,371001,0,21098,0.6535,1.0459,2,0,2,2,87605,98500,0,0,0,0,0,4450,4450,0,0,0,0,0,0,1248,6445,1979,0,0
20241203,372,1,42,4203012,FALSE,87,50,Married,1,4,1,0,430000,3720000000,1700,2200,372001,0,39318,1,1.0651,4,2,2,1,292678,430000,0,0,0,0,0,80786,83286,0,24733,13201,3474,3474,0,12304,15129,0,0,0
20241203,372,2,42,4203012,FALSE,88,40,Married,2,4,1,0,430000,3720000000,22908,625,372001,0,39318,1,1.0651,4,2,2,1,292678,430000,0,0,0,0,0,80786,83286,0,24733,13201,3474,3474,0,12304,15129,0,0,0
20241203,372,3,42,4203012,FALSE,81,9,Never married,2,0,1,0,430000,3720000000,0,0,372001,0,39318,1,1.0651,4,2,2,1,292678,430000,0,0,0,0,0,80786,83286,0,24733,13201,3474,3474,0,12304,15129,0,0,0
20241203,372,4,42,4203012,FALSE,103,7,Never married,1,0,1,0,430000,3720000000,0,0,372001,0,39318,1,1.0651,4,2,2,1,292678,430000,0,0,0,0,0,80786,83286,0,24733,13201,3474,3474,0,12304,15129,0,0,0
20241203,373,1,6,603728,FALSE,376,59,Never married,1,4,1,0,65550,3730000000,2460,1720,373001,0,22050,0.4635,1.2693,1,0,1,3,45767,65550,0,0,0,0,0,6682,6682,0,4973,2211,1737,1737,0,2460,4180,0,0,0
20241203,374,1,48,4802200,FALSE,32,68,Widowed,2,3,1,0,13750,3740000000,1,225,374001,0,12842,0.4635,0.8976,1,0,1,2,42796,45000,0,0,0,0,0,0,0,0,0,0,0,0,0,0,2204,1979,0,0
20241203,375,1,28,2800500,FALSE,43,66,Never married,1,1,2,0,25000,3750000000,0,600,375001,0,14070,0.4635,0.81,1,0,1,3,17581,25000,0,0,0,0,0,930,930,0,1913,260,1737,1737,0,0,2579,1979,0,0
20241203,376,1,5,500101,FALSE,153,29,Never married,1,4,1,0,38000,3760000000,1,104,376001,0,15578,0.4635,0.8968,1,0,1,3,29674,38000,0,0,0,0,0,2678,2678,0,2907,900,1737,1737,0,0,104,0,0,0
20241203,377,1,34,3400601,FALSE,192,41,Never married,2,4,2,0,62000,3770000000,1,8104,377001,0,38106,0.8802,1.1551,3,1,2,3,73178,70850,3360,17507,0,430,0,2630,4630,0,4743,1038,1737,1737,0,0,8821,0,1,0
20241203,377,2,34,3400601,TRUE,151,48,Never married,1,1,2,0,250,3770000012,0,698,377001,0,38106,0.8802,1.1551,3,1,2,3,73178,70850,3360,17507,0,430,0,2630,4630,0,4743,1038,1737,1737,0,0,8821,0,1,0
20241203,377,3,34,3400601,FALSE,148,16,Never married,2,0,2,0,62000,3770000000,0,20,377001,0,38106,0.8802,1.1551,3,1,2,3,73178,70850,3360,17507,0,430,0,2630,4630,0,4743,1038,1737,1737,0,0,8821,0,1,0
20241203,378,1,26,2602000,FALSE,214,53,Married,2,2,1,0,140000,3780000000,5184,1050,378001,0,18492,0.6535,0.9167,2,0,2,2,93058,140000,0,0,0,0,0,15321,15321,0,10710,5233,3474,3474,0,7454,12204,0,0,0
20241203,378,2,26,2602000,FALSE,270,53,Married,1,2,1,0,140000,3780000000,9724,3700,378001,0,18492,0.6535,0.9167,2,0,2,2,93058,140000,0,0,0,0,0,15321,15321,0,10710,5233,3474,3474,0,7454,12204,0,0,0
20241203,379,1,41,4103905,FALSE,58,46,Divorced,1,4,1,0,112000,3790000000,8441,2863,379001,0,30410,0.8303,0.9922,3,2,1,1,76008,115500,0,0,1500,0,0,11847,14347,0,8837,6850,1737,1737,0,8441,11721,0,0,0
20241203,379,2,41,4103905,FALSE,57,17,Never married,1,0,1,0,112000,3790000000,0,416,379001,0,30410,0.8303,0.9922,3,2,1,1,76008,115500,0,0,1644,0,0,11847,14347,0,8837,6850,1737,1737,0,8441,11721,0,0,0
20241203,379,3,41,4103905,FALSE,54,14,Never married,1,0,1,0,112000,3790000000,0,0,379001,0,30410,0.8303,0.9922,3,2,1,1,76008,115500,0,0,1644,0,0,11847,14347,0,8837,6850,1737,1737,0,8441,11721,0,0,0
20241203,380,1,12,1202102,FALSE,77,42,Married,2,2,4,1,54234,3800000000,1,467,380001,1,55297,1.3282,1.1108,5,1,4,3,38959,56000,0,0,822,0,0,2744,2744,0,5904,0,3474,3474,0,4946,5741,0,0,0
20241203,380,2,12,1202102,FALSE,93,39,Married,1,1,4,1,54234,3800000000,9892,113,380001,1,55297,1.3282,1.1108,5,1,4,3,38959,56000,0,0,822,0,0,2744,2744,0,5904,0,3474,3474,0,4946,5741,0,0,0
20241203,380,3,12,1202102,FALSE,114,54,Married,1,1,4,1,0,3800000013,0,1,380001,1,55297,1.3282,1.1108,5,1,4,3,38959,56000,0,0,750,0,0,2744,2744,0,5904,0,3474,3474,0,4946,5741,0,0,0
20241203,380,4,12,1202102,FALSE,55,15,Separated,1,0,4,1,0,3800000014,0,1,380001,1,55297,1.3282,1.1108,5,1,4,3,38959,56000,0,0,750,0,0,2744,2744,0,5904,0,3474,3474,0,4946,5741,0,0,0
20241203,380,5,12,1202102,FALSE,83,49,Married,2,1,4,1,0,3800000015,0,215,380001,1,55297,1.3282,1.1108,5,1,4,3,38959,56000,0,0,822,0,0,2744,2744,0,5904,0,3474,3474,0,4946,5741,0,0,0
20241203,381,1,6,609704,FALSE,15,45,Married,1,4,1,0,386500,3810000000,2760,400,381001,0,48142,1,1.2844,4,2,2,3,265274,386500,0,0,0,0,0,68931,72912,0,17763,27069,3341,3341,0,1380,4123,0,0,0
20241203,381,2,6,609704,FALSE,15,38,Married,2,4,1,0,386500,3810000000,1,2343,381001,0,48142,1,1.2844,4,2,2,3,265274,386500,0,0,0,0,0,68931,72912,0,17763,27069,3341,3341,0,1380,4123,0,0,0
20241203,381,3,6,609704,FALSE,16,8,Never married,2,0,1,0,386500,3810000000,0,0,381001,0,48142,1,1.2844,4,2,2,3,265274,386500,0,0,0,0,0,68931,72912,0,17763,27069,3341,3341,0,1380,4123,0,0,0
20241203,381,4,6,609704,FALSE,15,6,Never married,1,0,1,0,386500,3810000000,0,0,381001,0,48142,1,1.2844,4,2,2,3,265274,386500,0,0,0,0,0,68931,72912,0,17763,27069,3341,3341,0,1380,4123,0,0,0
20241203,382,1,42,4200500,FALSE,152,48,Married,1,2,1,0,204000,3820000000,141,3039,382001,0,44115,1.3282,0.8997,5,1,4,1,176457,248700,0,0,0,0,0,29675,32175,0,19027,7454,6948,6948,0,4813,9138,0,0,0
20241203,382,2,42,4200500,FALSE,81,48,Married,2,4,1,0,204000,3820000000,4052,236,382001,0,44115,1.3282,0.8997,5,1,4,1,176457,248700,0,0,0,0,0,29675,32175,0,19027,7454,6948,6948,0,4813,9138,0,0,0
20241203,382,3,42,4200500,FALSE,97,23,Never married,1,0,1,0,38800,3820000013,2167,675,382001,0,44115,1.3282,0.8997,5,1,4,1,176457,248700,0,0,0,0,0,29675,32175,0,19027,7454,6948,6948,0,4813,9138,0,0,0
20241203,382,4,42,4200500,FALSE,44,19,Never married,1,0,1,0,204000,3820000000,550,375,382001,0,44115,1.3282,0.8997,5,1,4,1,176457,248700,0,0,0,0,0,29675,32175,0,19027,7454,6948,6948,0,4813,9138,0,0,0
20241203,382,5,42,4200500,FALSE,173,12,Never married,1,0,1,0,204000,3820000000,0,0,382001,0,44115,1.3282,0.8997,5,1,4,1,176457,248700,0,0,0,0,0,29675,32175,0,19027,7454,6948,6948,0,4813,9138,0,0,0
20241203,383,1,36,3600600,FALSE,79,57,Never married,1,3,1,0,85000,3830000000,3000,695,383001,0,13420,0.4635,0.938,1,0,1,2,58035,85000,0,0,0,0,0,10961,10961,0,6503,4070,1737,1737,0,3000,3695,0,0,0
20241203,384,1,12,1205702,TRUE,93,70,Separated,1,2,4,1,0,3840000000,0,1818,384001,1,18333,0.4635,1.0554,1,0,1,3,13310,7700,960,6468,0,0,0,0,0,0,0,0,0,0,0,0,1818,0,0,0
20241203,385,1,24,2400504,FALSE,34,58,Never married,2,4,1,0,100900,3850000000,1463,703,385001,0,18698,0.4635,1.0929,1,0,1,1,70418,100900,0,0,0,0,0,14459,14459,0,7650,4470,1737,1737,0,1463,2167,0,0,0
20241203,386,1,4,400101,FALSE,60,65,Never married,2,2,1,0,59000,3860000000,8104,1190,386001,0,18349,0.4635,1.0725,1,0,1,1,37403,59000,0,0,0,0,0,4976,4976,0,4514,1076,1737,1737,0,8104,9293,0,0,0
20241203,387,1,36,3601205,TRUE,188,48,Never married,2,1,2,0,0,3870000000,0,259,387001,1,23578,0.6994,0.8994,2,1,1,3,1063,0,400,0,822,0,0,0,0,0,0,-100,0,0,0,0,259,0,0,0
20241203,387,2,36,3601205,TRUE,262,13,Never married,1,0,2,0,0,3870000000,0,0,387001,1,23578,0.6994,0.8994,2,1,1,3,1063,0,400,0,822,0,0,0,0,0,0,-100,0,0,0,0,259,0,0,0
20241203,388,1,48,4802319,FALSE,74,37,Married,1,4,3,0,132000,3880000000,1,281,388001,0,34847,0.8802,1.0725,3,1,2,1,107458,132000,0,0,0,0,0,11561,13561,0,10098,0,1737,1737,0,760,1146,0,0,0
20241203,388,2,48,4802319,FALSE,46,31,Married,2,4,3,0,132000,3880000000,1520,104,388001,0,34847,0.8802,1.0725,3,1,2,1,107458,132000,0,0,0,0,0,11561,13561,0,10098,0,1737,1737,0,760,1146,0,0,0
20241203,388,3,48,4802319,FALSE,74,5,Never married,1,0,3,0,132000,3880000000,0,0,388001,0,34847,0.8802,1.0725,3,1,2,1,107458,132000,0,0,0,0,0,11561,13561,0,10098,0,1737,1737,0,760,1146,0,0,0
20241203,389,1,12,1205710,FALSE,135,39,Married,2,4,3,0,90000,3890000000,0,52,389001,0,32116,1,1.0404,4,2,2,2,77120,90000,0,0,0,0,0,3036,7036,0,6885,0,2739,2739,0,0,220,0,0,0
20241203,389,2,12,1205710,FALSE,176,39,Married,1,1,3,0,90000,3890000000,0,68,389001,0,32116,1,1.0404,4,2,2,2,77120,90000,0,0,0,0,0,3036,7036,0,6885,0,2739,2739,0,0,220,0,0,0
20241203,389,3,12,1205710,FALSE,211,16,Never married,1,0,3,0,90000,3890000000,0,100,389001,0,32116,1,1.0404,4,2,2,2,77120,90000,0,0,0,0,0,3036,7036,0,6885,0,2739,2739,0,0,220,0,0,0
20241203,389,4,12,1205710,FALSE,172,6,Never married,1,0,3,0,90000,3890000000,0,0,389001,0,32116,1,1.0404,4,2,2,2,77120,90000,0,0,0,0,0,3036,7036,0,6885,0,2739,2739,0,0,220,0,0,0
20241203,390,1,48,4806100,FALSE,109,46,Married,2,1,1,1,134022,3900000000,20,1166,390001,0,41002,1.3282,1,5,1,4,2,118481,156000,0,0,822,0,0,12121,14621,0,13136,0,3474,3474,0,5611,9610,0,0,0
20241203,390,2,48,4806100,FALSE,82,50,Married,1,1,4,1,134022,3900000000,6300,1700,390001,0,41002,1.3282,1,5,1,4,2,118481,156000,0,0,822,0,0,12121,14621,0,13136,0,3474,3474,0,5611,9610,0,0,0
20241203,390,3,48,4806100,FALSE,121,24,Never married,1,0,1,1,20000,3900000013,2251,100,390001,0,41002,1.3282,1,5,1,4,2,118481,156000,0,0,822,0,0,12121,14621,0,13136,0,3474,3474,0,5611,9610,0,0,0
20241203,390,4,48,4806100,FALSE,122,20,Never married,1,0,4,1,134022,3900000000,200,892,390001,0,41002,1.3282,1,5,1,4,2,118481,156000,0,0,750,0,0,12121,14621,0,13136,0,3474,3474,0,5611,9610,0,0,0
20241203,390,5,48,4806100,FALSE,100,16,Never married,2,0,4,1,134022,3900000000,0,141,390001,0,41002,1.3282,1,5,1,4,2,118481,156000,0,0,822,0,0,12121,14621,0,13136,0,3474,3474,0,5611,9610,0,0,0
20241203,391,1,6,606519,FALSE,46,66,Widowed,2,3,3,0,22900,3910000000,0,60,391001,0,19295,0.4635,1.1108,1,0,1,3,42841,45600,0,0,0,0,0,720,720,0,0,0,0,0,0,0,2039,1979,0,0
20241203,392,1,12,1211900,FALSE,102,79,Married,1,4,1,0,120000,3920000000,0,1197,392001,0,19144,0.6535,0.949,2,0,2,2,104454,120000,0,0,0,0,0,10276,10276,0,0,0,0,0,0,0,5270,1979,0,0
20241203,392,2,12,1211900,FALSE,85,79,Married,2,3,1,0,120000,3920000000,0,115,392001,0,19144,0.6535,0.949,2,0,2,2,104454,120000,0,0,0,0,0,10276,10276,0,0,0,0,0,0,0,5270,1979,0,0
20241203,393,1,48,4802003,FALSE,99,44,Married,2,4,1,0,210000,3930000000,1,700,393001,0,26306,0.6535,1.074,2,0,2,3,158125,210000,0,0,0,0,0,30721,30721,0,14950,0,3474,3474,0,1900,2730,0,0,0
20241203,393,2,48,4802003,FALSE,102,43,Married,1,4,1,0,210000,3930000000,3800,130,393001,0,26306,0.6535,1.074,2,0,2,3,158125,210000,0,0,0,0,0,30721,30721,0,14950,0,3474,3474,0,1900,2730,0,0,0
20241203,394,1,53,5325308,FALSE,54,67,Married,1,4,1,0,80400,3940000000,367,18297,394001,0,29358,0.6535,1.217,2,0,2,1,52461,84000,0,0,0,0,0,5704,5704,0,1836,0,802,802,0,2584,23197,1979,0,0
20241203,394,2,53,5325308,FALSE,55,63,Married,2,3,1,0,80400,3940000000,4800,338,394001,0,29358,0.6535,1.217,2,0,2,1,52461,84000,0,0,0,0,0,5704,5704,0,1836,0,802,802,0,2584,23197,0,0,0
20241203,395,1,53,5322700,FALSE,57,34,Married,1,4,4,0,92000,3950000000,2000,400,395001,0,22207,0.6535,0.9206,2,0,2,1,76350,92000,0,0,0,0,0,7276,7276,0,5202,0,1737,1737,0,1000,1435,0,0,0
20241203,395,2,53,5322700,FALSE,42,34,Married,2,2,1,0,92000,3950000000,1,35,395001,0,22207,0.6535,0.9206,2,0,2,1,76350,92000,0,0,0,0,0,7276,7276,0,5202,0,1737,1737,0,1000,1435,0,0,0
20241203,396,1,48,4804602,TRUE,65,45,Married,1,2,2,0,2000,3960000000,1,200,396001,1,42215,1.1139,1.0111,5,3,2,3,1058,2500,1250,0,0,0,0,-900,0,900,153,0,1737,1737,0,0,1702,0,0,0
20241203,396,2,48,4804602,TRUE,55,34,Married,2,1,4,1,2000,3960000000,1,1500,396001,1,42215,1.1139,1.0111,5,3,2,3,1058,2500,1250,0,0,0,0,-900,0,900,153,0,1737,1737,0,0,1702,0,0,0
20241203,396,3,48,4804602,TRUE,62,16,Never married,2,0,2,1,2000,3960000000,0,2,396001,1,42215,1.1139,1.0111,5,3,2,3,1058,2500,1250,0,0,0,0,-900,0,900,153,0,1737,1737,0,0,1702,0,0,0
20241203,396,4,48,4804602,TRUE,59,14,Never married,2,0,2,1,2000,3960000000,0,0,396001,1,42215,1.1139,1.0111,5,3,2,3,1058,2500,1250,0,0,0,0,-900,0,900,153,0,1737,1737,0,0,1702,0,0,0
20241203,396,5,48,4804602,TRUE,59,13,Never married,2,0,2,1,2000,3960000000,0,0,396001,1,42215,1.1139,1.0111,5,3,2,3,1058,2500,1250,0,0,0,0,-900,0,900,153,0,1737,1737,0,0,1702,0,0,0
20241203,397,1,13,1304800,FALSE,89,19,Never married,2,0,4,1,22000,3970000000,1,100,397001,0,34626,1,0.9238,3,0,3,3,64655,88200,0,0,0,0,0,4434,4434,0,11037,2888,4810,4810,0,0,376,0,1,0
20241203,397,2,13,1304800,FALSE,74,25,Never married,1,2,4,1,32992,3970000012,0,26,397001,0,34626,1,0.9238,3,0,3,3,64655,88200,0,0,0,0,0,4434,4434,0,11037,2888,4810,4810,0,0,376,0,1,0
20241203,397,3,13,1304800,FALSE,37,19,Never married,1,0,4,1,28531,3970000013,0,250,397001,0,34626,1,0.9238,3,0,3,3,64655,88200,0,0,0,0,0,4434,4434,0,11037,2888,4810,4810,0,0,376,0,1,0
20241203,398,1,33,3300603,FALSE,223,55,Never married,1,2,1,0,30000,3980000000,0,260,398001,0,19103,0.4635,1.0997,1,0,1,3,23990,30000,0,0,0,0,0,1718,1718,0,2295,0,1737,1737,0,0,260,0,0,0
20241203,399,1,48,4800100,FALSE,20,48,Married,2,4,1,0,102000,3990000000,2439,1100,399001,0,31836,1,0.8624,3,0,3,1,77293,103700,0,0,750,0,0,7976,8476,0,7934,0,3741,3741,0,3121,7506,0,0,0
20241203,399,2,48,4800100,FALSE,14,49,Married,1,4,1,0,102000,3990000000,3804,3228,399001,0,31836,1,0.8624,3,0,3,1,77293,103700,0,0,750,0,0,7976,8476,0,7934,0,3741,3741,0,3121,7506,0,0,0
20241203,399,3,48,4800100,FALSE,19,18,Never married,2,0,1,0,102000,3990000000,1,56,399001,0,31836,1,0.8624,3,0,3,1,77293,103700,0,0,822,0,0,7976,8476,0,7934,0,3741,3741,0,3121,7506,0,0,0
20241203,400,1,37,3705003,TRUE,117,32,Married,2,3,1,0,5000,4000000000,675,229,400001,1,36499,1.1139,0.8876,5,3,2,1,3313,5000,0,0,1644,0,0,-2625,0,2250,383,0,1737,1737,0,506,3836,0,0,0
20241203,400,2,37,3705003,TRUE,97,32,Married,1,3,1,0,5000,4000000000,338,3100,400001,1,36499,1.1139,0.8876,5,3,2,1,3313,5000,0,0,1644,0,0,-2625,0,2250,383,0,1737,1737,0,506,3836,0,0,0
20241203,400,3,37,3705003,TRUE,101,3,Never married,2,0,1,0,5000,4000000000,0,0,400001,1,36499,1.1139,0.8876,5,3,2,1,3313,5000,0,0,1644,0,0,-2625,0,2250,383,0,1737,1737,0,506,3836,0,0,0
20241203,400,4,37,3705003,TRUE,159,11,Never married,2,0,1,0,5000,4000000000,0,0,400001,1,36499,1.1139,0.8876,5,3,2,1,3313,5000,0,0,1644,0,0,-2625,0,2250,383,0,1737,1737,0,506,3836,0,0,0
20241203,400,5,37,3705003,TRUE,136,8,Never married,1,0,1,0,5000,4000000000,0,0,400001,1,36499,1.1139,0.8876,5,3,2,1,3313,5000,0,0,1644,0,0,-2625,0,2250,383,0,1737,1737,0,506,3836,0,0,0
20241203,401,1,6,601500,FALSE,94,40,Married,1,3,1,0,136000,4010000000,4502,156,401001,0,35842,1,0.9709,4,2,2,1,103335,136000,0,0,0,0,0,10441,14441,0,10404,3922,3341,3341,0,2251,4557,0,0,0
20241203,401,2,6,601500,FALSE,73,37,Married,2,4,1,0,136000,4010000000,1,2150,401001,0,35842,1,0.9709,4,2,2,1,103335,136000,0,0,0,0,0,10441,14441,0,10404,3922,3341,3341,0,2251,4557,0,0,0
20241203,401,3,6,601500,FALSE,72,10,Never married,2,0,1,0,136000,4010000000,0,0,401001,0,35842,1,0.9709,4,2,2,1,103335,136000,0,0,0,0,0,10441,14441,0,10404,3922,3341,3341,0,2251,4557,0,0,0
20241203,401,4,6,601500,FALSE,72,8,Never married,2,0,1,0,136000,4010000000,0,0,401001,0,35842,1,0.9709,4,2,2,1,103335,136000,0,0,0,0,0,10441,14441,0,10404,3922,3341,3341,0,2251,4557,0,0,0
20241203,402,1,36,3603111,FALSE,87,64,Married,1,4,4,1,96100,4020000000,4686,394,402001,0,22616,0.6535,1.1211,2,0,2,2,83648,100000,0,0,0,0,0,7768,7768,0,765,2855,1203,1203,0,3143,3762,0,0,0
20241203,402,2,36,3603111,FALSE,64,58,Married,2,1,1,0,96100,4020000000,1600,225,402001,0,22616,0.6535,1.1211,2,0,2,2,83648,100000,0,0,0,0,0,7768,7768,0,765,2855,1203,1203,0,3143,3762,0,0,0
20241203,403,1,12,1210301,FALSE,49,86,Married,1,2,1,0,132580,4030000000,3749,25101,403001,0,20988,0.6535,1.0404,2,0,2,2,92682,137200,0,0,0,0,0,12974,12974,0,0,0,0,0,0,2036,31544,1979,0,0
20241203,403,2,12,1210301,FALSE,56,83,Married,2,2,1,0,132580,4030000000,323,450,403001,0,20988,0.6535,1.0404,2,0,2,2,92682,137200,0,0,0,0,0,12974,12974,0,0,0,0,0,0,2036,31544,1979,0,0
20241203,404,1,45,4500901,FALSE,141,48,Married,1,4,1,0,100000,4040000000,13536,2750,404001,0,29432,0.8802,0.9058,3,1,2,1,68811,100000,0,0,0,0,0,6236,8236,0,7650,3665,1737,1737,0,8568,11901,0,0,0
20241203,404,2,45,4500901,FALSE,142,47,Married,2,3,1,0,100000,4040000000,3600,104,404001,0,29432,0.8802,0.9058,3,1,2,1,68811,100000,0,0,0,0,0,6236,8236,0,7650,3665,1737,1737,0,8568,11901,0,0,0
20241203,404,3,45,4500901,FALSE,139,15,Never married,2,0,1,0,100000,4040000000,0,479,404001,0,29432,0.8802,0.9058,3,1,2,1,68811,100000,0,0,0,0,0,6236,8236,0,7650,3665,1737,1737,0,8568,11901,0,0,0
20241203,405,1,40,4022100,FALSE,29,29,Married,1,2,1,0,176000,4050000000,500,191,405001,0,30635,1,0.8299,4,2,2,1,130368,176000,0,0,0,0,0,19241,23241,0,13465,7212,3474,3474,0,1598,2240,0,0,0
20241203,405,2,40,4022100,FALSE,26,26,Married,2,3,1,0,176000,4050000000,2697,450,405001,0,30635,1,0.8299,4,2,2,1,130368,176000,0,0,0,0,0,19241,23241,0,13465,7212,3474,3474,0,1598,2240,0,0,0
20241203,405,3,40,4022100,FALSE,26,6,Never married,2,0,1,0,176000,4050000000,0,0,405001,0,30635,1,0.8299,4,2,2,1,130368,176000,0,0,0,0,0,19241,23241,0,13465,7212,3474,3474,0,1598,2240,0,0,0
20241203,405,4,40,4022100,FALSE,27,2,Never married,2,0,1,0,176000,4050000000,0,0,405001,0,30635,1,0.8299,4,2,2,1,130368,176000,0,0,0,0,0,19241,23241,0,13465,7212,3474,3474,0,1598,2240,0,0,0
20241203,406,1,47,4702101,FALSE,49,76,Married,1,4,1,0,123145,4060000000,0,732,406001,0,20447,0.6535,1.0136,2,0,2,2,113908,132250,0,0,0,0,0,10953,10953,0,0,0,0,0,0,0,7389,1979,0,0
20241203,406,2,47,4702101,FALSE,40,73,Married,2,3,1,0,123145,4060000000,0,2700,406001,0,20447,0.6535,1.0136,2,0,2,2,113908,132250,0,0,0,0,0,10953,10953,0,0,0,0,0,0,0,7389,1979,0,0
20241203,407,1,41,4106501,FALSE,67,75,Widowed,2,2,1,0,1975,4070000000,1,156,407001,0,14941,0.4635,0.8733,1,0,1,1,45544,45700,0,0,0,0,0,0,0,0,0,0,0,0,0,0,156,0,0,0
20241203,408,1,34,3400503,FALSE,211,67,Married,2,2,4,1,7435,4080000000,1500,469,408001,0,49130,1.4299,1.1131,5,0,5,2,121067,196400,0,0,0,0,0,23533,23533,0,22324,7367,3474,3474,0,3511,18635,1979,0,0
20241203,408,2,34,3400503,FALSE,248,72,Married,1,2,4,1,7435,4080000000,4079,1800,408001,0,49130,1.4299,1.1131,5,0,5,2,121067,196400,0,0,0,0,0,23533,23533,0,22324,7367,3474,3474,0,3511,18635,1979,0,0
20241203,408,3,34,3400503,FALSE,211,48,Never married,1,3,4,1,0,4080000013,156,2291,408001,0,49130,1.4299,1.1131,5,0,5,2,121067,196400,0,0,0,0,0,23533,23533,0,22324,7367,3474,3474,0,3511,18635,0,0,0
20241203,408,4,34,3400503,FALSE,159,42,Never married,1,4,4,1,0,4080000014,566,417,408001,0,49130,1.4299,1.1131,5,0,5,2,121067,196400,0,0,0,0,0,23533,23533,0,22324,7367,3474,3474,0,3511,18635,0,0,0
20241203,408,5,34,3400503,FALSE,159,35,Married,1,3,4,1,139403,4080000015,1,6190,408001,0,49130,1.4299,1.1131,5,0,5,2,121067,196400,0,0,0,0,0,23533,23533,0,22324,7367,3474,3474,0,3511,18635,0,0,0
20241203,409,1,45,4501501,FALSE,43,41,Married,1,3,1,0,43717,4090000000,1,767,409001,0,30067,0.8802,0.9254,3,1,2,1,39414,44000,0,0,0,0,0,-1901,1602,1503,3625,0,1737,1737,0,108,1125,0,0,0
20241203,409,2,45,4501501,FALSE,46,44,Married,2,3,1,0,43717,4090000000,217,250,409001,0,30067,0.8802,0.9254,3,1,2,1,39414,44000,0,0,0,0,0,-1901,1602,1503,3625,0,1737,1737,0,108,1125,0,0,0
20241203,409,3,45,4501501,FALSE,36,3,Never married,1,0,1,0,43717,4090000000,0,0,409001,0,30067,0.8802,0.9254,3,1,2,1,39414,44000,0,0,0,0,0,-1901,1602,1503,3625,0,1737,1737,0,108,1125,0,0,0
20241203,410,1,48,4805903,FALSE,201,34,Never married,1,2,1,1,36500,4100000000,2701,250,410001,0,17372,0.4635,1,1,0,1,3,26521,36500,0,0,0,0,0,2498,2498,0,2793,0,1737,1737,0,2701,2951,0,0,0
20241203,411,1,39,3900301,FALSE,39,33,Married,2,4,1,0,175000,4110000000,900,1238,411001,0,28374,0.8802,0.8733,3,1,2,1,114183,175000,0,0,0,0,0,20963,23021,0,13388,4734,18474,3474,15000,1231,3257,0,0,0
20241203,411,2,39,3900301,FALSE,38,34,Married,1,4,1,0,175000,4110000000,1562,788,411001,0,28374,0.8802,0.8733,3,1,2,1,114183,175000,0,0,0,0,0,20963,23021,0,13388,4734,18474,3474,15000,1231,3257,0,0,0
20241203,411,3,39,3900301,FALSE,37,4,Never married,2,0,1,0,175000,4110000000,0,0,411001,0,28374,0.8802,0.8733,3,1,2,1,114183,175000,0,0,0,0,0,20963,23021,0,13388,4734,18474,3474,15000,1231,3257,0,0,0
20241203,412,1,39,3901203,FALSE,72,61,Married,2,4,2,0,48782,4120000000,0,156,412001,0,18694,0.6535,0.9267,2,0,2,2,39873,50400,0,0,0,0,0,2108,2108,0,4476,0,3474,3474,0,0,469,0,0,0
20241203,412,2,39,3901203,FALSE,70,61,Married,1,3,2,0,48782,4120000000,0,312,412001,0,18694,0.6535,0.9267,2,0,2,2,39873,50400,0,0,0,0,0,2108,2108,0,4476,0,3474,3474,0,0,469,0,0,0
20241203,413,1,18,1800103,FALSE,38,67,Divorced,2,3,2,0,5400,4130000000,0,250,413001,1,15809,0.4635,0.9241,1,0,1,1,14523,16800,0,0,0,0,0,0,0,0,0,48,0,0,0,0,2229,1979,0,0
20241203,414,1,48,4805700,FALSE,93,40,Married,1,3,1,0,104000,4140000000,975,20,414001,0,36915,1,1,4,2,2,1,90917,106500,0,0,1500,0,0,4716,8716,0,8148,0,3073,3073,0,800,1146,0,0,0
20241203,414,2,48,4805700,FALSE,87,38,Married,2,1,3,0,104000,4140000000,624,300,414001,0,36915,1,1,4,2,2,1,90917,106500,0,0,1644,0,0,4716,8716,0,8148,0,3073,3073,0,800,1146,0,0,0
20241203,414,3,48,4805700,FALSE,49,10,Never married,2,0,4,0,104000,4140000000,0,0,414001,0,36915,1,1,4,2,2,1,90917,106500,0,0,1500,0,0,4716,8716,0,8148,0,3073,3073,0,800,1146,0,0,0
20241203,414,4,48,4805700,FALSE,48,16,Never married,1,0,3,0,104000,4140000000,0,26,414001,0,36915,1,1,4,2,2,1,90917,106500,0,0,1500,0,0,4716,8716,0,8148,0,3073,3073,0,800,1146,0,0,0
20241203,415,1,15,1500306,FALSE,104,40,Divorced,2,3,2,0,72000,4150000000,4502,5500,415001,0,45477,0.9529,1.2733,4,3,1,3,53968,72000,0,0,1644,0,0,-170,5830,0,3902,4205,1737,1737,0,4502,10002,0,0,0
20241203,415,2,15,1500306,FALSE,113,10,Never married,1,0,4,0,72000,4150000000,0,0,415001,0,45477,0.9529,1.2733,4,3,1,3,53968,72000,0,0,1500,0,0,-170,5830,0,3902,4205,1737,1737,0,4502,10002,0,0,0
20241203,415,3,15,1500306,FALSE,182,8,Never married,2,0,4,0,72000,4150000000,0,0,415001,0,45477,0.9529,1.2733,4,3,1,3,53968,72000,0,0,1644,0,0,-170,5830,0,3902,4205,1737,1737,0,4502,10002,0,0,0
20241203,415,4,15,1500306,FALSE,175,4,Never married,2,0,4,0,72000,4150000000,0,0,415001,0,45477,0.9529,1.2733,4,3,1,3,53968,72000,0,0,1644,0,0,-170,5830,0,3902,4205,1737,1737,0,4502,10002,0,0,0
20241203,416,1,6,607317,FALSE,46,57,Widowed,2,2,1,1,70000,4160000000,0,788,416001,0,37351,1,1.21,3,0,3,2,72460,91000,0,0,0,0,0,5090,5590,0,6962,384,5211,5211,0,0,892,0,0,0
20241203,416,2,6,607317,FALSE,71,24,Never married,2,0,1,1,9000,4160000012,0,52,416001,0,37351,1,1.21,3,0,3,2,72460,91000,0,0,0,0,0,5090,5590,0,6962,384,5211,5211,0,0,892,0,0,0
20241203,416,3,6,607317,FALSE,71,21,Never married,2,0,1,1,70000,4160000000,0,52,416001,0,37351,1,1.21,3,0,3,2,72460,91000,0,0,0,0,0,5090,5590,0,6962,384,5211,5211,0,0,892,0,0,0
20241203,417,1,53,5323311,FALSE,362,90,Widowed,2,3,4,0,77935,4170000000,1,475,417001,0,21219,0.4635,1.2215,1,0,1,3,69647,81100,0,0,0,0,0,8999,8999,0,0,0,0,0,0,0,2454,1979,0,0
20241203,419,1,6,606709,FALSE,75,59,Never married,2,4,2,0,64000,4190000000,3749,156,419001,0,27212,0.6535,1.128,2,0,2,1,86378,117000,0,0,0,0,0,10819,10819,0,8951,3424,3474,3474,0,3749,3955,0,0,0
20241203,419,2,6,606709,FALSE,73,64,Divorced,1,4,2,0,53000,4190000012,1,50,419001,0,27212,0.6535,1.128,2,0,2,1,86378,117000,0,0,0,0,0,10819,10819,0,8951,3424,3474,3474,0,3749,3955,0,0,0
20241203,420,1,13,1301000,FALSE,74,84,Widowed,2,2,1,0,0,4200000000,0,28,420001,0,17977,0.6535,0.8911,2,0,2,2,25972,26400,0,0,0,0,0,0,0,0,0,0,0,0,0,0,428,0,0,0
20241203,420,2,13,1301000,FALSE,135,64,Divorced,2,3,1,0,0,4200000012,0,400,420001,0,17977,0.6535,0.8911,2,0,2,2,25972,26400,0,0,0,0,0,0,0,0,0,0,0,0,0,0,428,0,0,0
20241203,421,1,53,5326101,FALSE,63,56,Never married,2,4,1,0,39000,4210000000,3644,8486,421001,1,54948,1.2231,1.217,5,2,3,1,48508,70720,225,0,0,0,0,-1583,1870,1453,2502,-218,2138,2138,0,8583,19598,0,0,1
20241203,421,2,53,5326101,FALSE,59,76,Widowed,2,3,1,0,15000,4210000012,1562,200,421001,1,54948,1.2231,1.217,5,2,3,1,48508,70720,225,0,0,0,0,-1583,1870,1453,2502,-218,2138,2138,0,8583,19598,1979,0,1
20241203,421,3,53,5326101,FALSE,65,25,Never married,1,2,1,0,720,4210000001,3377,350,421001,1,54948,1.2231,1.217,5,2,3,1,48508,70720,225,0,0,0,0,-1583,1870,1453,2502,-218,2138,2138,0,8583,19598,0,0,1
20241203,421,4,53,5326101,FALSE,57,4,Never married,1,0,1,0,720,4210000001,0,0,421001,1,54948,1.2231,1.217,5,2,3,1,48508,70720,225,0,0,0,0,-1583,1870,1453,2502,-218,2138,2138,0,8583,19598,0,0,1
20241203,421,8,53,5326101,FALSE,90,2,Never married,2,0,4,0,39000,4210000000,0,0,421001,1,54948,1.2231,1.217,5,2,3,1,48508,70720,225,0,0,0,0,-1583,1870,1453,2502,-218,2138,2138,0,8583,19598,0,0,1
20241203,421,5,53,5326101,TRUE,51,31,Never married,1,2,2,0,10000,4210000015,0,1,421006,1,20821,0.4635,1.217,1,0,1,1,9451,10000,45,0,0,0,0,-585,0,585,765,-88,501,501,0,0,0,0,0,0
20241203,421,6,53,5326101,TRUE,58,27,Never married,2,2,1,0,6600,4210000016,0,47,421007,1,20821,0.4635,1.217,1,0,1,1,6072,6600,45,0,0,0,0,-505,0,505,505,-76,601,601,0,0,47,0,0,0
20241203,421,7,53,5326101,TRUE,87,21,Never married,2,0,1,0,0,4210000017,0,1,421008,1,20821,0.4635,1.217,1,0,1,1,845,800,45,0,0,0,0,0,0,0,0,0,0,0,0,0,0,0,0,0
20241203,423,1,36,3601202,FALSE,99,83,Widowed,2,3,1,0,8600,4230000000,0,109,423001,0,15625,0.4635,0.8994,1,0,1,3,35812,37900,0,0,0,0,0,0,0,0,0,0,0,0,0,0,2088,1979,0,0
20241203,424,1,37,3700100,FALSE,54,59,Married,2,4,1,0,87793,4240000000,1499,1100,424001,0,17593,0.6535,0.8721,2,0,2,2,65391,87800,0,0,0,0,0,6771,6771,0,4590,2959,1737,1737,0,4126,6352,0,0,0
20241203,424,2,37,3700100,FALSE,44,52,Married,1,4,1,0,87793,4240000000,6753,1126,424001,0,17593,0.6535,0.8721,2,0,2,2,65391,87800,0,0,0,0,0,6771,6771,0,4590,2959,1737,1737,0,4126,6352,0,0,0
20241203,425,1,37,3705002,FALSE,123,39,Married,2,4,2,0,139000,4250000000,1972,1562,425001,0,28840,0.8802,0.8876,3,1,2,1,92106,139000,0,0,0,0,0,13072,15101,0,10634,5345,10971,3474,7497.010429,4110,6872,0,0,0
20241203,425,2,37,3705002,FALSE,126,41,Married,1,4,2,0,139000,4250000000,6248,1200,425001,0,28840,0.8802,0.8876,3,1,2,1,92106,139000,0,0,0,0,0,13072,15101,0,10634,5345,10971,3474,7497.010429,4110,6872,0,0,0
20241203,425,3,37,3705002,FALSE,178,4,Never married,2,0,2,0,139000,4250000000,0,0,425001,0,28840,0.8802,0.8876,3,1,2,1,92106,139000,0,0,0,0,0,13072,15101,0,10634,5345,10971,3474,7497.010429,4110,6872,0,0,0
20241203,426,1,36,3603301,FALSE,228,52,Married,1,4,1,0,793240,4260000000,3200,6168,426001,0,22616,0.6535,1.1211,2,0,2,2,488801,793240,0,0,0,0,0,214036,213164,0,25409,53238,1737,1737,0,1769,10019,0,0,0
20241203,426,2,36,3603301,FALSE,212,56,Married,1,4,1,0,793240,4260000000,338,2083,426001,0,22616,0.6535,1.1211,2,0,2,2,488801,793240,0,0,0,0,0,214036,213164,0,25409,53238,1737,1737,0,1769,10019,0,0,0
20241203,427,1,48,4801903,TRUE,60,48,Married,2,4,1,0,0,4270000000,1,26,427001,1,39591,1,1.0725,4,2,2,1,-296,0,0,0,0,0,0,0,0,0,0,0,0,0,0,4,296,0,0,0
20241203,427,2,48,4801903,TRUE,63,48,Married,1,4,1,0,0,4270000000,9,208,427001,1,39591,1,1.0725,4,2,2,1,-296,0,0,0,0,0,0,0,0,0,0,0,0,0,0,4,296,0,0,0
20241203,427,3,48,4801903,TRUE,55,15,Never married,1,0,1,0,0,4270000000,0,57,427001,1,39591,1,1.0725,4,2,2,1,-296,0,0,0,0,0,0,0,0,0,0,0,0,0,0,4,296,0,0,0
20241203,427,4,48,4801903,TRUE,60,12,Never married,1,0,1,0,0,4270000000,0,0,427001,1,39591,1,1.0725,4,2,2,1,-296,0,0,0,0,0,0,0,0,0,0,0,0,0,0,4,296,0,0,0
20241203,428,1,6,607327,FALSE,141,43,Married,2,3,1,0,176000,4280000000,9454,2251,428001,0,47329,1,1.2821,4,2,2,1,124145,176000,0,0,0,0,0,19241,23241,0,13464,7347,3474,3474,0,5008,8329,0,0,0
20241203,428,2,6,607327,FALSE,143,44,Married,2,2,1,0,176000,4280000000,563,28,428001,0,47329,1,1.2821,4,2,2,1,124145,176000,0,0,0,0,0,19241,23241,0,13464,7347,3474,3474,0,5008,8329,0,0,0
20241203,428,3,6,607327,FALSE,175,15,Never married,2,0,1,0,176000,4280000000,0,1041,428001,0,47329,1,1.2821,4,2,2,1,124145,176000,0,0,0,0,0,19241,23241,0,13464,7347,3474,3474,0,5008,8329,0,0,0
20241203,428,4,6,607327,FALSE,181,11,Never married,2,0,1,0,176000,4280000000,0,0,428001,0,47329,1,1.2821,4,2,2,1,124145,176000,0,0,0,0,0,19241,23241,0,13464,7347,3474,3474,0,5008,8329,0,0,0
20241203,429,1,6,600111,FALSE,40,48,Never married,1,3,3,0,8000,4290000000,4727,709,429001,1,49550,1.2231,1.3123,4,0,4,2,47148,58000,312,0,0,208,0,0,0,0,0,0,0,0,0,6810,11372,0,0,0
20241203,429,2,6,600111,FALSE,36,75,Married,1,3,3,0,0,4290000012,0,104,429001,1,49550,1.2231,1.3123,4,0,4,2,47148,58000,312,0,0,208,0,0,0,0,0,0,0,0,0,6810,11372,0,0,0
20241203,429,3,6,600111,FALSE,31,74,Widowed,2,3,3,0,0,4290000013,0,521,429001,1,49550,1.2231,1.3123,4,0,4,2,47148,58000,312,0,0,208,0,0,0,0,0,0,0,0,0,6810,11372,0,0,0
20241203,429,4,6,600111,FALSE,37,94,Divorced,2,1,3,0,8000,4290000000,2083,1250,429001,1,49550,1.2231,1.3123,4,0,4,2,47148,58000,312,0,0,208,0,0,0,0,0,0,0,0,0,6810,11372,1979,0,0
20241203,430,1,53,5323302,FALSE,75,65,Married,1,4,1,0,282000,4300000000,3124,340,430001,0,23431,0.6535,1.1615,2,0,2,2,214681,282000,0,0,0,0,0,48415,47472,0,13725,0,2171,2171,0,2162,3008,0,0,0
20241203,430,2,53,5323302,FALSE,63,60,Married,2,3,1,0,282000,4300000000,1200,506,430001,0,23431,0.6535,1.1615,2,0,2,2,214681,282000,0,0,0,0,0,48415,47472,0,13725,0,2171,2171,0,2162,3008,0,0,0
20241203,431,1,13,1302100,FALSE,94,41,Divorced,1,3,1,0,20800,4310000000,0,62,431001,1,27419,0.6994,1.0621,2,1,1,1,22701,20800,0,0,0,0,0,-5595,0,3995,1591,275,1737,1737,0,0,91,0,0,0
