YEAR,SAMPLE,SERIAL,CBSERIAL,HHWT,COUNTYICP,GQ,PROPINSR,PROPTX99,RENTGRS,COSTELEC,COSTGAS,COSTWATR,HHINCOME,FOODSTMP,VALUEH,BUILTYR2,BEDROOMS,CINETHH,PERNUM,PERWT,SEX,AGE,MARST,RACE,RACED,HISPAN,HISPAND,CITIZEN,SPEAKENG,RACNUM,EDUC,EDUCD,EMPSTAT,EMPSTATD,INCTOT,INCSS,INCWELFR,POVERTY,SPMCAPHOUS
2023,202301,518188,2.02E+12,290,390,1,80,4,0,1440,9990,520,85000,1,1700,6,5,1,1,280,MALE,61,4,1,100,0,0,0,3,1,6,63,1,10,85000,0,0,501,0
2023,202301,164938,2.02E+12,340,390,1,4,2,0,6000,2400,1100,69000,2,3500,9,6,1,1,340,MALE,48,1,7,700,1,100,3,4,1,6,65,1,10,66000,0,0,114,0
2023,202301,164938,2.02E+12,340,390,1,4,2,0,6000,2400,1100,69000,2,3500,9,6,1,2,410,FEMALE,44,1,7,700,1,100,2,5,1,6,65,1,10,3000,0,0,114,0
2023,202301,164938,2.02E+12,340,390,1,4,2,0,6000,2400,1100,69000,2,3500,9,6,1,3,810,FEMALE,20,6,7,700,1,100,0,4,1,7,71,3,30,0,0,0,114,0
2023,202301,164938,2.02E+12,340,390,1,4,2,0,6000,2400,1100,69000,2,3500,9,6,1,4,310,MALE,17,6,7,700,1,100,0,4,1,6,61,3,30,0,0,0,114,0
2023,202301,164938,2.02E+12,340,390,1,4,2,0,6000,2400,1100,69000,2,3500,9,6,1,5,400,MALE,14,6,7,700,1,100,0,4,1,4,40,0,0,9999999,99999,99999,114,0
2023,202301,164938,2.02E+12,340,390,1,4,2,0,6000,2400,1100,69000,2,3500,9,6,1,6,470,FEMALE,10,6,7,700,1,100,0,4,1,1,16,0,0,9999999,99999,99999,114,0
2023,202301,164938,2.02E+12,340,390,1,4,2,0,6000,2400,1100,69000,2,3500,9,6,1,7,390,MALE,8,6,7,700,1,100,0,5,1,1,14,0,0,9999999,99999,99999,114,0
2023,202301,164938,2.02E+12,340,390,1,4,2,0,6000,2400,1100,69000,2,3500,9,6,1,8,460,FEMALE,6,6,7,700,1,100,0,4,1,1,11,0,0,9999999,99999,99999,114,0
2023,202301,164938,2.02E+12,340,390,1,4,2,0,6000,2400,1100,69000,2,3500,9,6,1,9,390,MALE,5,6,7,700,1,100,0,4,1,1,11,0,0,9999999,99999,99999,114,0
2023,202301,1126328,2.02E+12,670,390,1,1,1,0,1920,120,9993,34000,1,4000,7,2,1,1,670,MALE,64,5,1,100,0,0,0,3,1,6,64,1,10,34000,0,0,219,0
2023,202301,1301618,2.02E+12,660,390,1,1,4,0,4200,960,9993,55000,1,4000,9,4,1,1,660,MALE,39,6,8,826,1,100,0,4,2,6,64,1,10,55000,0,0,354,0
2023,202301,1126538,2.02E+12,670,390,1,420,2,0,1440,9993,600,49490,1,7000,7,4,1,1,670,FEMALE,82,1,1,100,0,0,0,3,1,8,81,3,30,12490,12400,0,274,0
2023,202301,1126538,2.02E+12,670,390,1,420,2,0,1440,9993,600,49490,1,7000,7,4,1,2,610,MALE,84,1,1,100,0,0,0,3,1,8,81,3,30,37000,22900,0,274,0
2023,202301,1329098,2.02E+12,1760,390,1,1,12,0,1800,9993,70,68000,2,8000,6,3,1,1,1760,MALE,45,1,8,826,1,100,2,6,2,2,23,1,10,68000,0,0,152,0
2023,202301,1329098,2.02E+12,1760,390,1,1,12,0,1800,9993,70,68000,2,8000,6,3,1,2,1480,FEMALE,58,1,8,826,1,100,0,4,2,6,61,3,30,0,0,0,152,0
2023,202301,1329098,2.02E+12,1760,390,1,1,12,0,1800,9993,70,68000,2,8000,6,3,1,3,1190,FEMALE,10,6,8,826,1,100,0,3,2,1,16,0,0,9999999,99999,99999,152,0
2023,202301,1329098,2.02E+12,1760,390,1,1,12,0,1800,9993,70,68000,2,8000,6,3,1,4,1940,MALE,8,6,8,826,1,100,0,3,2,1,15,0,0,9999999,99999,99999,152,0
2023,202301,1329098,2.02E+12,1760,390,1,1,12,0,1800,9993,70,68000,2,8000,6,3,1,5,1170,FEMALE,5,6,8,826,1,100,0,3,2,0,2,0,0,9999999,99999,99999,152,0
2023,202301,1329098,2.02E+12,1760,390,1,1,12,0,1800,9993,70,68000,2,8000,6,3,1,6,1750,FEMALE,4,6,8,826,1,100,0,0,2,0,2,0,0,9999999,99999,99999,152,0
2023,202301,1329098,2.02E+12,1760,390,1,1,12,0,1800,9993,70,68000,2,8000,6,3,1,7,2160,MALE,0,6,8,826,1,100,0,0,2,0,1,0,0,9999999,99999,99999,152,0
2023,202301,1327308,2.02E+12,120,390,1,1,1,0,6120,9993,9993,26600,1,10000,7,4,1,1,120,MALE,52,1,8,802,0,0,0,3,2,7,71,3,30,15500,15500,0,133,0
2023,202301,1327308,2.02E+12,120,390,1,1,1,0,6120,9993,9993,26600,1,10000,7,4,1,2,490,FEMALE,52,1,1,100,0,0,0,3,1,6,63,3,30,11100,11100,0,133,0
2023,202301,1483268,2.02E+12,820,390,1,590,3,0,3120,9993,9993,12000,1,10000,7,4,3,1,810,FEMALE,93,5,1,100,0,0,0,3,1,3,30,3,30,12000,12000,0,84,0
2023,202301,1483548,2.02E+12,880,390,1,420,18,0,2400,720,700,0,1,14000,6,4,3,1,890,MALE,69,4,2,200,0,0,0,3,1,6,63,3,30,0,0,0,1,0
2023,202301,1367878,2.02E+12,570,390,1,1,12,0,3360,9993,480,42700,1,18000,7,3,1,1,570,FEMALE,66,4,1,100,1,100,0,3,1,6,61,1,10,42700,8900,0,236,0
2023,202301,1367878,2.02E+12,570,390,1,1,12,0,3360,9993,480,42700,1,18000,7,3,1,2,610,MALE,46,3,1,100,1,100,0,3,1,6,64,3,30,0,0,0,236,0
2023,202301,1480288,2.02E+12,740,390,1,900,8,0,4800,9993,600,120300,1,20000,6,4,1,1,750,FEMALE,45,1,1,100,0,0,0,3,1,6,63,1,10,30700,0,0,501,0
2023,202301,1480288,2.02E+12,740,390,1,900,8,0,4800,9993,600,120300,1,20000,6,4,1,2,800,MALE,47,1,1,100,0,0,0,3,1,6,63,1,10,55000,0,0,501,0
2023,202301,1480288,2.02E+12,740,390,1,900,8,0,4800,9993,600,120300,1,20000,6,4,1,3,1450,FEMALE,25,6,1,100,0,0,0,3,1,6,63,1,10,34600,0,0,501,0
2023,202301,1126498,2.02E+12,540,390,1,810,1,0,1080,9993,9993,31800,1,22000,5,3,1,1,540,MALE,70,1,1,100,0,0,0,3,1,8,81,3,30,23200,19900,0,176,0
2023,202301,1126498,2.02E+12,540,390,1,810,1,0,1080,9993,9993,31800,1,22000,5,3,1,2,650,FEMALE,67,1,1,100,0,0,0,3,1,6,64,3,30,8600,8600,0,176,0
2023,202301,104868,2.02E+12,760,390,1,1,1,0,1800,3000,9993,21200,1,26800,5,3,3,1,750,MALE,83,4,1,100,0,0,0,3,1,2,25,3,30,21200,19200,0,148,0
2023,202301,227078,2.02E+12,230,390,1,1,1,0,1800,9993,1500,7500,2,26800,7,4,1,1,220,FEMALE,60,4,1,100,0,0,0,3,1,7,71,3,30,7500,0,0,48,0
2023,202301,1371908,2.02E+12,3160,390,1,1,6,0,3000,9993,9993,24000,2,27000,15,4,1,1,3160,FEMALE,45,6,8,826,1,100,3,6,2,3,30,1,10,12000,0,0,100,0
2023,202301,1371908,2.02E+12,3160,390,1,1,6,0,3000,9993,9993,24000,2,27000,15,4,1,2,2110,MALE,17,6,8,826,1,100,0,1,2,3,30,3,30,12000,12000,0,100,0
2023,202301,1371908,2.02E+12,3160,390,1,1,6,0,3000,9993,9993,24000,2,27000,15,4,1,3,2390,FEMALE,10,6,8,826,1,100,0,5,2,1,16,0,0,9999999,99999,99999,100,0
2023,202301,1485758,2.02E+12,550,390,1,350,1,0,600,9993,90,31000,1,30000,2,4,1,1,550,FEMALE,67,4,1,100,0,0,0,3,1,8,81,1,10,31000,21000,0,216,0
2023,202301,1335678,2.02E+12,930,390,1,150,15,0,3000,1800,2600,138000,1,30800,5,4,1,1,940,FEMALE,60,4,8,802,4,450,0,3,2,8,81,1,10,96000,0,0,387,0
2023,202301,1335678,2.02E+12,930,390,1,150,15,0,3000,1800,2600,138000,1,30800,5,4,1,2,790,FEMALE,34,6,8,802,4,450,0,3,2,6,65,1,10,34000,0,0,387,0
2023,202301,1335678,2.02E+12,930,390,1,150,15,0,3000,1800,2600,138000,1,30800,5,4,1,3,840,MALE,17,6,9,901,0,0,0,3,3,4,40,1,10,8000,0,0,387,0
2023,202301,1335678,2.02E+12,930,390,1,150,15,0,3000,1800,2600,138000,1,30800,5,4,1,4,930,MALE,11,6,8,856,3,300,0,3,2,2,22,0,0,9999999,99999,99999,387,0
2023,202301,1335678,2.02E+12,930,390,1,150,15,0,3000,1800,2600,138000,1,30800,5,4,1,5,930,MALE,8,6,8,856,3,300,0,3,2,2,22,0,0,9999999,99999,99999,387,0
2023,202301,858408,2.02E+12,330,390,1,1900,1,0,480,1560,60,152600,1,33000,9,4,1,1,330,FEMALE,36,1,1,100,0,0,0,3,1,7,71,1,10,47600,0,0,501,0
2023,202301,858408,2.02E+12,330,390,1,1900,1,0,480,1560,60,152600,1,33000,9,4,1,2,320,MALE,33,1,1,100,0,0,0,3,1,6,63,1,10,105000,0,0,501,0
2023,202301,858408,2.02E+12,330,390,1,1900,1,0,480,1560,60,152600,1,33000,9,4,1,3,440,MALE,15,6,1,100,0,0,0,3,1,2,26,0,0,0,0,0,501,0
2023,202301,858408,2.02E+12,330,390,1,1900,1,0,480,1560,60,152600,1,33000,9,4,1,4,440,MALE,15,6,1,100,0,0,0,3,1,2,26,0,0,0,0,0,1,0
2023,202301,843588,2.02E+12,1180,390,1,1,16,0,9997,9997,9997,54600,1,35000,4,3,2,1,1180,FEMALE,75,4,2,200,0,0,0,3,1,11,114,3,30,2600,2000,0,302,0
2023,202301,843588,2.02E+12,1180,390,1,1,16,0,9997,9997,9997,54600,1,35000,4,3,2,2,820,FEMALE,43,6,2,200,0,0,0,4,1,10,101,1,10,52000,0,0,302,0
2023,202301,1485768,2.02E+12,7200,390,1,440,1,0,1440,9993,720,55000,1,35000,6,4,1,1,7200,MALE,52,1,1,100,0,0,0,3,1,6,63,1,10,14000,0,0,275,0
2023,202301,1485768,2.02E+12,7200,390,1,440,1,0,1440,9993,720,55000,1,35000,6,4,1,2,5420,FEMALE,60,1,8,826,0,0,0,3,2,7,71,1,10,41000,0,0,275,0
2023,202301,1482888,2.02E+12,520,390,1,780,13,0,1680,480,1400,52000,1,40000,1,4,1,1,520,FEMALE,48,2,9,907,4,498,0,3,3,8,81,1,10,52000,0,0,334,0
2023,202301,854678,2.02E+12,880,390,1,2000,35,0,1200,1800,700,19900,1,41000,4,5,3,1,880,FEMALE,84,5,1,100,0,0,0,3,1,6,63,3,30,19900,16800,0,139,0
2023,202301,528418,2.02E+12,950,390,1,1200,42,0,2280,480,9993,94900,1,43000,9,3,1,1,950,MALE,72,1,1,100,0,0,0,3,1,10,101,3,30,82200,34200,0,501,0
2023,202301,528418,2.02E+12,950,390,1,1200,42,0,2280,480,9993,94900,1,43000,9,3,1,2,820,FEMALE,69,1,1,100,0,0,0,3,1,6,61,3,30,12700,12700,0,501,0
2023,202301,1381458,2.02E+12,960,390,1,400,25,0,1440,9993,100,49200,1,45000,15,3,1,1,950,FEMALE,33,1,7,700,4,423,3,4,1,11,114,1,10,31200,0,0,246,0
2023,202301,1381458,2.02E+12,960,390,1,400,25,0,1440,9993,100,49200,1,45000,15,3,1,2,1290,MALE,41,1,7,700,4,423,3,6,1,10,101,1,10,18000,0,0,246,0
2023,202301,1483178,2.02E+12,1050,390,1,670,19,0,4200,9993,9993,24000,1,45000,1,2,1,1,1040,MALE,27,6,1,100,0,0,0,3,1,6,63,1,10,24000,0,0,154,0
2023,202301,534498,2.02E+12,660,390,1,1,6,0,1200,1440,50,50000,1,50000,1,4,1,1,660,MALE,53,1,8,826,1,100,0,5,2,0,2,1,10,50000,0,0,250,0
2023,202301,534498,2.02E+12,660,390,1,1,6,0,1200,1440,50,50000,1,50000,1,4,1,2,1010,FEMALE,56,1,8,826,1,100,2,6,2,0,2,3,30,0,0,0,250,0
2023,202301,1117628,2.02E+12,600,390,1,750,14,0,480,9993,1500,43160,1,50000,5,3,1,1,600,FEMALE,72,4,1,100,0,0,0,3,1,10,101,1,10,43160,24000,0,301,0
2023,202301,1123608,2.02E+12,630,390,1,1300,25,0,2400,2400,9993,90400,1,50000,6,3,1,1,640,MALE,55,1,1,100,0,0,0,3,1,6,63,1,10,85000,0,0,452,0
2023,202301,1123608,2.02E+12,630,390,1,1300,25,0,2400,2400,9993,90400,1,50000,6,3,1,2,560,FEMALE,54,1,1,100,0,0,0,3,1,6,63,3,30,5400,0,0,452,0
2023,202301,1479648,2.02E+12,700,390,1,450,10,0,1560,960,60,23800,1,50000,3,3,3,1,700,FEMALE,93,4,1,100,0,0,0,3,1,6,63,3,30,23800,0,0,166,0
2023,202301,522428,2.02E+12,770,390,1,1,18,0,9993,720,9993,178200,1,60000,7,3,3,1,770,MALE,61,1,1,100,0,0,0,4,1,2,26,1,10,89000,0,0,501,0
2023,202301,522428,2.02E+12,770,390,1,1,18,0,9993,720,9993,178200,1,60000,7,3,3,2,610,FEMALE,49,1,1,100,0,0,0,3,1,2,26,1,10,1200,0,0,501,0
2023,202301,522428,2.02E+12,770,390,1,1,18,0,9993,720,9993,178200,1,60000,7,3,3,3,1260,MALE,22,6,1,100,0,0,0,4,1,2,26,1,10,48000,0,0,501,0
2023,202301,522428,2.02E+12,770,390,1,1,18,0,9993,720,9993,178200,1,60000,7,3,3,4,670,FEMALE,19,6,1,100,0,0,0,3,1,2,26,1,10,40000,0,0,501,0
2023,202301,538358,2.02E+12,360,390,1,1,64,0,9993,1200,9993,230000,1,60000,1,8,1,1,360,FEMALE,39,1,1,100,0,0,0,4,1,2,26,3,30,0,0,0,496,0
2023,202301,538358,2.02E+12,360,390,1,1,64,0,9993,1200,9993,230000,1,60000,1,8,1,2,370,MALE,42,1,1,100,0,0,0,4,1,2,26,1,10,125000,0,0,496,0
2023,202301,538358,2.02E+12,360,390,1,1,64,0,9993,1200,9993,230000,1,60000,1,8,1,3,360,FEMALE,19,6,1,100,0,0,0,4,1,2,26,1,10,40000,0,0,496,0
2023,202301,538358,2.02E+12,360,390,1,1,64,0,9993,1200,9993,230000,1,60000,1,8,1,4,360,FEMALE,17,6,1,100,0,0,0,4,1,2,26,1,10,30000,0,0,496,0
2023,202301,538358,2.02E+12,360,390,1,1,64,0,9993,1200,9993,230000,1,60000,1,8,1,5,350,FEMALE,15,6,1,100,0,0,0,4,1,2,26,0,0,35000,0,0,496,0
2023,202301,538358,2.02E+12,360,390,1,1,64,0,9993,1200,9993,230000,1,60000,1,8,1,6,530,MALE,11,6,1,100,0,0,0,4,1,1,17,0,0,9999999,99999,99999,496,0
2023,202301,538358,2.02E+12,360,390,1,1,64,0,9993,1200,9993,230000,1,60000,1,8,1,7,530,MALE,9,6,1,100,0,0,0,4,1,1,15,0,0,9999999,99999,99999,496,0
2023,202301,1337678,2.02E+12,220,390,1,1,22,0,720,600,9993,75400,1,60000,4,3,1,1,220,FEMALE,51,1,1,100,0,0,2,4,1,7,71,1,10,58000,0,0,322,0
2023,202301,1337678,2.02E+12,220,390,1,1,22,0,720,600,9993,75400,1,60000,4,3,1,2,150,MALE,63,1,1,100,0,0,0,3,1,6,63,3,30,8400,8400,0,322,0
2023,202301,1337678,2.02E+12,220,390,1,1,22,0,720,600,9993,75400,1,60000,4,3,1,3,200,FEMALE,85,5,1,100,0,0,3,5,1,6,63,3,30,9000,0,0,322,0
2023,202301,1483818,2.02E+12,190,390,1,40,6,0,1920,1200,50,20000,1,60000,4,3,1,1,200,FEMALE,65,5,1,100,0,0,0,3,1,8,81,3,30,20000,0,0,140,0
2023,202301,1120018,2.02E+12,570,390,1,250,1,0,3000,9993,400,0,2,60000,5,4,1,1,580,MALE,53,4,1,100,0,0,0,3,1,6,65,3,30,0,0,0,1,0
2023,202301,1120018,2.02E+12,570,390,1,250,1,0,3000,9993,400,0,2,60000,5,4,1,2,460,FEMALE,30,6,1,100,0,0,0,3,1,4,40,3,30,0,0,0,1,0
2023,202301,1484278,2.02E+12,2740,390,1,500,8,0,720,240,900,12000,2,65000,5,4,1,1,2740,MALE,62,4,1,100,0,0,0,3,1,6,63,3,30,12000,12000,0,77,0
2023,202301,1484348,2.02E+12,680,390,1,2200,11,0,4560,1800,2900,61200,1,65000,7,4,1,1,680,FEMALE,38,1,1,100,0,0,0,3,1,6,63,1,10,1200,0,0,202,0
2023,202301,1484348,2.02E+12,680,390,1,2200,11,0,4560,1800,2900,61200,1,65000,7,4,1,2,670,MALE,38,1,1,100,0,0,0,3,1,8,81,1,10,60000,0,0,202,0
2023,202301,1484348,2.02E+12,680,390,1,2200,11,0,4560,1800,2900,61200,1,65000,7,4,1,3,1430,FEMALE,17,6,1,100,0,0,0,3,1,5,50,3,30,0,0,0,202,0
2023,202301,1484348,2.02E+12,680,390,1,2200,11,0,4560,1800,2900,61200,1,65000,7,4,1,4,700,MALE,14,6,1,100,0,0,0,3,1,2,25,0,0,9999999,99999,99999,202,0
2023,202301,1118208,2.02E+12,480,390,1,600,1,0,600,9993,100,42300,1,70000,6,3,3,1,480,MALE,85,5,1,100,0,0,0,3,1,6,63,3,30,42300,18700,0,295,0
2023,202301,1344088,2.02E+12,470,390,1,1800,1,0,6000,600,250,265000,1,70000,15,5,1,1,470,MALE,55,1,1,100,0,0,0,3,1,6,65,1,10,265000,0,0,501,0
2023,202301,1344088,2.02E+12,470,390,1,1800,1,0,6000,600,250,265000,1,70000,15,5,1,2,620,FEMALE,52,1,1,100,0,0,0,3,1,10,101,3,30,0,0,0,501,0
2023,202301,1344088,2.02E+12,470,390,1,1800,1,0,6000,600,250,265000,1,70000,15,5,1,3,700,MALE,17,6,1,100,0,0,0,3,1,5,50,3,30,0,0,0,501,0
2023,202301,1344088,2.02E+12,470,390,1,1800,1,0,6000,600,250,265000,1,70000,15,5,1,4,710,MALE,17,6,1,100,0,0,0,3,1,5,50,3,30,0,0,0,501,0
2023,202301,1486978,2.02E+12,270,390,1,1000,24,0,2400,1560,740,87000,1,70000,2,3,1,1,270,MALE,26,1,1,100,0,0,0,3,1,10,101,1,10,45000,0,0,362,0
2023,202301,1486978,2.02E+12,270,390,1,1000,24,0,2400,1560,740,87000,1,70000,2,3,1,2,300,FEMALE,28,1,1,100,0,0,0,3,1,10,101,1,10,42000,0,0,362,0
2023,202301,1486978,2.02E+12,270,390,1,1000,24,0,2400,1560,740,87000,1,70000,2,3,1,3,260,FEMALE,1,6,1,100,0,0,0,0,1,0,1,0,0,9999999,99999,99999,362,0
2023,202301,1126558,2.02E+12,2750,390,1,200,58,0,4200,480,900,81400,1,75000,1,5,1,1,2750,FEMALE,68,4,7,700,4,498,0,3,1,7,71,1,10,76200,4200,0,451,0
2023,202301,1126558,2.02E+12,2750,390,1,200,58,0,4200,480,900,81400,1,75000,1,5,1,2,1570,FEMALE,22,6,7,700,4,498,0,3,1,10,101,2,20,5200,0,0,451,0
2023,202301,1486468,2.02E+12,230,390,1,680,7,0,1200,1080,1800,80520,1,75000,1,4,1,1,230,MALE,67,1,1,100,0,0,0,3,1,11,114,3,30,50520,21600,0,446,0
2023,202301,1486468,2.02E+12,230,390,1,680,7,0,1200,1080,1800,80520,1,75000,1,4,1,2,220,FEMALE,67,1,1,100,0,0,0,3,1,10,101,3,30,30000,18000,0,446,0
2023,202301,1112168,2.02E+12,2020,390,1,400,17,0,1320,9993,80,77000,1,80000,7,4,1,1,2020,MALE,50,1,7,700,1,100,3,6,1,2,25,1,10,52000,0,0,204,0
2023,202301,1112168,2.02E+12,2020,390,1,400,17,0,1320,9993,80,77000,1,80000,7,4,1,2,3110,FEMALE,46,1,7,700,1,100,3,1,1,2,25,3,30,0,0,0,204,0
2023,202301,1112168,2.02E+12,2020,390,1,400,17,0,1320,9993,80,77000,1,80000,7,4,1,3,3430,MALE,23,6,7,700,1,100,0,4,1,6,63,1,10,25000,0,0,204,0
2023,202301,1112168,2.02E+12,2020,390,1,400,17,0,1320,9993,80,77000,1,80000,7,4,1,4,1910,FEMALE,19,6,7,700,1,100,0,4,1,7,71,3,30,0,0,0,204,0
2023,202301,1112168,2.02E+12,2020,390,1,400,17,0,1320,9993,80,77000,1,80000,7,4,1,5,3960,MALE,14,6,7,700,1,100,0,4,1,2,26,0,0,9999999,99999,99999,204,0
2023,202301,1482498,2.02E+12,600,390,1,2800,12,0,4800,9993,120,18000,1,80000,6,4,1,1,600,FEMALE,77,5,1,100,0,0,0,3,1,6,65,3,30,18000,18000,0,126,0
2023,202301,1484688,2.02E+12,700,390,1,1200,5,0,5160,1200,1400,33200,2,80000,3,3,1,1,700,FEMALE,75,5,1,100,0,0,0,3,1,6,63,3,30,26400,15000,0,184,0
2023,202301,1484688,2.02E+12,700,390,1,1200,5,0,5160,1200,1400,33200,2,80000,3,3,1,2,1070,FEMALE,53,5,1,100,0,0,0,3,1,6,63,3,30,6800,6800,0,184,0
2023,202301,1309518,2.02E+12,120,390,1,400,32,0,2160,9993,9993,5500,1,85000,15,4,3,1,110,MALE,63,4,1,100,0,0,0,3,1,6,63,3,30,5500,5500,0,35,0
2023,202301,1487248,2.02E+12,2100,390,1,820,7,0,2040,1440,1300,30500,1,85000,2,3,1,1,2110,FEMALE,55,4,1,100,0,0,0,3,1,11,114,3,30,30500,22000,0,196,0
2023,202301,516888,2.02E+12,700,390,1,1,3,0,2520,3000,550,35200,1,90000,6,4,1,1,700,MALE,74,1,1,100,0,0,0,3,1,5,50,3,30,25400,25400,0,195,0
2023,202301,516888,2.02E+12,700,390,1,1,3,0,2520,3000,550,35200,1,90000,6,4,1,2,600,FEMALE,72,1,1,100,0,0,0,3,1,6,64,3,30,9800,9800,0,195,0
2023,202301,1299888,2.02E+12,220,390,1,3700,32,0,4200,360,9993,150000,1,90000,3,4,1,1,220,MALE,53,1,1,100,1,100,0,3,1,8,81,1,10,150000,0,0,501,0
2023,202301,1299888,2.02E+12,220,390,1,3700,32,0,4200,360,9993,150000,1,90000,3,4,1,2,160,FEMALE,52,1,1,100,1,100,0,3,1,7,71,3,30,0,0,0,501,0
2023,202301,1299888,2.02E+12,220,390,1,3700,32,0,4200,360,9993,150000,1,90000,3,4,1,3,160,MALE,22,6,1,100,1,100,0,3,1,8,81,3,30,0,0,0,501,0
2023,202301,1382308,2.02E+12,280,390,1,4300,25,0,4800,9993,760,28200,1,90000,6,4,1,1,280,FEMALE,79,5,1,100,0,0,0,3,1,10,101,3,30,28200,12500,0,197,0
2023,202301,1483528,2.02E+12,790,390,1,1,11,0,840,960,530,83900,1,90000,7,3,1,1,780,FEMALE,81,5,1,100,0,0,0,3,1,11,114,3,30,83900,19300,0,501,0
2023,202301,1483808,2.02E+12,900,390,1,1000,10,0,1200,960,600,57000,1,90000,2,3,1,1,890,MALE,52,2,1,100,0,0,0,3,1,10,101,1,10,57000,0,0,367,0
2023,202301,1485388,2.02E+12,210,390,1,550,24,0,1800,360,900,26100,1,90000,2,4,1,1,220,FEMALE,72,4,1,100,0,0,0,3,1,6,64,1,12,26100,10100,0,182,0
2023,202301,157568,2.02E+12,300,390,1,400,21,0,3000,9992,70,47900,1,95000,4,4,1,1,310,MALE,83,1,1,100,0,0,0,3,1,8,81,3,30,33500,13000,0,265,0
2023,202301,157568,2.02E+12,300,390,1,400,21,0,3000,9992,70,47900,1,95000,4,4,1,2,300,FEMALE,76,1,1,100,0,0,0,3,1,8,81,3,30,14400,14400,0,265,0
2023,202301,522138,2.02E+12,270,390,1,1100,9,0,2640,9992,660,96800,1,97000,1,4,1,1,270,MALE,52,1,1,100,0,0,0,3,1,6,63,1,10,45000,0,0,314,0
2023,202301,522138,2.02E+12,270,390,1,1100,9,0,2640,9992,660,96800,1,97000,1,4,1,2,270,FEMALE,51,1,1,100,0,0,0,3,1,6,63,1,10,45000,0,0,314,0
2023,202301,522138,2.02E+12,270,390,1,1100,9,0,2640,9992,660,96800,1,97000,1,4,1,3,440,FEMALE,22,6,1,100,0,0,0,3,1,8,81,1,10,1700,0,0,314,0
2023,202301,522138,2.02E+12,270,390,1,1100,9,0,2640,9992,660,96800,1,97000,1,4,1,4,270,FEMALE,18,6,1,100,0,0,0,3,1,6,63,1,10,5100,0,0,314,0
2023,202301,1272438,2.02E+12,1580,390,1,3500,45,0,1800,360,960,136000,1,98000,6,4,1,1,1570,MALE,68,1,2,200,0,0,2,4,1,6,65,1,10,48000,0,0,501,0
2023,202301,1272438,2.02E+12,1580,390,1,3500,45,0,1800,360,960,136000,1,98000,6,4,1,2,1090,FEMALE,64,1,2,200,0,0,2,4,1,6,63,1,10,40000,0,0,501,0
2023,202301,1272438,2.02E+12,1580,390,1,3500,45,0,1800,360,960,136000,1,98000,6,4,1,3,1550,FEMALE,25,6,2,200,0,0,0,3,1,10,101,1,10,48000,0,0,501,0
2023,202301,523188,2.02E+12,820,390,1,800,14,0,3240,9993,550,63900,1,100000,2,3,1,1,830,FEMALE,24,1,1,100,0,0,0,3,1,10,101,1,10,27900,0,0,266,0
2023,202301,523188,2.02E+12,820,390,1,800,14,0,3240,9993,550,63900,1,100000,2,3,1,2,760,MALE,29,1,1,100,0,0,0,3,1,11,114,1,10,36000,0,0,266,0
2023,202301,523188,2.02E+12,820,390,1,800,14,0,3240,9993,550,63900,1,100000,2,3,1,3,850,MALE,0,6,1,100,0,0,0,0,1,0,1,0,0,9999999,99999,99999,266,0
2023,202301,537538,2.02E+12,600,390,1,730,27,0,960,360,20,33200,1,100000,7,4,1,1,600,FEMALE,75,5,1,100,0,0,0,3,1,6,63,3,30,33200,23900,0,232,0
2023,202301,856458,2.02E+12,750,390,1,1500,52,0,2160,3600,2000,160000,1,100000,25,5,1,1,740,FEMALE,36,1,1,100,0,0,0,3,1,11,114,3,30,0,0,0,449,0
2023,202301,856458,2.02E+12,750,390,1,1500,52,0,2160,3600,2000,160000,1,100000,25,5,1,2,760,MALE,37,1,1,100,0,0,0,3,1,10,101,1,10,160000,0,0,449,0
2023,202301,856458,2.02E+12,750,390,1,1500,52,0,2160,3600,2000,160000,1,100000,25,5,1,3,800,FEMALE,7,6,1,100,0,0,0,3,1,1,12,0,0,9999999,99999,99999,449,0
2023,202301,856458,2.02E+12,750,390,1,1500,52,0,2160,3600,2000,160000,1,100000,25,5,1,4,560,FEMALE,4,6,1,100,0,0,0,0,1,1,11,0,0,9999999,99999,99999,449,0
2023,202301,856458,2.02E+12,750,390,1,1500,52,0,2160,3600,2000,160000,1,100000,25,5,1,5,560,FEMALE,1,6,1,100,0,0,0,0,1,0,1,0,0,9999999,99999,99999,449,0
2023,202301,857338,2.02E+12,460,390,1,100,4,0,1200,1200,100,42700,1,100000,5,4,2,1,460,MALE,81,1,1,100,0,0,2,6,1,0,2,3,30,32700,20400,0,236,0
2023,202301,857338,2.02E+12,460,390,1,100,4,0,1200,1200,100,42700,1,100000,5,4,2,2,440,FEMALE,74,1,1,100,0,0,2,6,1,0,2,3,30,10000,9000,0,236,0
2023,202301,860358,2.02E+12,1520,390,1,2000,48,0,720,840,740,12600,1,100000,2,4,3,1,1530,MALE,90,5,1,100,0,0,2,4,1,10,101,3,30,12600,12600,0,88,0
2023,202301,1126238,2.02E+12,160,390,1,1200,18,0,960,9993,9993,1200,2,100000,9,3,1,1,160,FEMALE,68,5,3,361,0,0,0,3,1,7,71,3,30,1200,0,0,8,0
2023,202301,1281188,2.02E+12,2380,390,1,1700,26,0,1440,9993,9993,34000,1,100000,6,4,1,1,2380,FEMALE,66,5,8,826,4,450,0,3,2,7,71,1,10,34000,12000,0,237,0
2023,202301,1479678,2.02E+12,630,390,1,1000,22,0,3240,9993,1300,31500,1,100000,5,3,1,1,640,MALE,66,1,1,100,0,0,0,3,1,6,63,3,30,13200,13200,0,174,0
2023,202301,1479678,2.02E+12,630,390,1,1000,22,0,3240,9993,1300,31500,1,100000,5,3,1,2,590,FEMALE,69,1,1,100,0,0,0,3,1,6,63,3,30,18300,9600,0,174,0
2023,202301,1484718,2.02E+12,770,390,1,900,12,0,2640,1440,60,63000,1,100000,3,5,1,1,770,FEMALE,61,4,1,100,0,0,0,3,1,10,101,1,10,63000,0,0,405,0
2023,202301,1486828,2.02E+12,590,390,1,1800,13,0,6480,9993,60,68600,2,100000,7,4,1,1,590,FEMALE,52,1,1,100,0,0,0,3,1,7,71,1,10,35000,0,0,223,0
2023,202301,1486828,2.02E+12,590,390,1,1800,13,0,6480,9993,60,68600,2,100000,7,4,1,2,570,MALE,58,1,1,100,0,0,0,3,1,4,40,3,30,1400,1400,0,223,0
2023,202301,1486828,2.02E+12,590,390,1,1800,13,0,6480,9993,60,68600,2,100000,7,4,1,3,820,MALE,29,6,1,100,0,0,0,3,1,6,63,3,30,200,0,200,223,0
2023,202301,1486828,2.02E+12,590,390,1,1800,13,0,6480,9993,60,68600,2,100000,7,4,1,4,870,FEMALE,26,6,1,100,0,0,0,3,1,10,101,1,10,32000,0,0,223,0
2023,202301,516108,2.02E+12,960,390,1,1300,21,0,2400,9992,460,27700,1,110000,2,4,1,1,970,FEMALE,61,4,1,100,0,0,0,3,1,10,101,1,10,27700,0,0,178,0
2023,202301,1115178,2.02E+12,680,390,1,1,1,0,1440,9993,240,100400,1,110000,5,3,1,1,680,FEMALE,63,4,1,100,0,0,0,3,1,11,114,1,10,81000,0,0,501,0
2023,202301,1115178,2.02E+12,680,390,1,1,1,0,1440,9993,240,100400,1,110000,5,3,1,2,630,FEMALE,75,4,1,100,0,0,0,3,1,10,101,3,30,19400,8400,0,501,0
2023,202301,1284918,2.02E+12,600,390,1,3000,26,0,3360,9993,150,180000,1,125000,9,5,1,1,600,MALE,51,1,8,826,4,423,0,4,2,10,101,1,10,84000,0,0,501,0
2023,202301,1284918,2.02E+12,600,390,1,3000,26,0,3360,9993,150,180000,1,125000,9,5,1,2,420,FEMALE,51,1,8,826,1,100,2,4,2,10,101,1,10,96000,0,0,501,0
2023,202301,1284918,2.02E+12,600,390,1,3000,26,0,3360,9993,150,180000,1,125000,9,5,1,3,700,FEMALE,16,6,8,826,4,423,0,3,2,5,50,3,30,0,0,0,501,0
2023,202301,1284918,2.02E+12,600,390,1,3000,26,0,3360,9993,150,180000,1,125000,9,5,1,4,470,FEMALE,8,6,8,826,4,423,0,3,2,1,16,0,0,9999999,99999,99999,501,0
2023,202301,1482918,2.02E+12,670,390,1,680,22,0,4080,9993,830,7700,1,125000,5,5,1,1,670,FEMALE,79,4,1,100,0,0,0,3,1,6,63,3,30,7700,0,0,54,0
2023,202301,1484158,2.02E+12,180,390,1,800,17,0,3600,3480,90,67300,1,125000,4,4,1,1,180,FEMALE,62,5,1,100,0,0,0,3,1,6,63,3,30,12300,12000,0,336,0
2023,202301,1484158,2.02E+12,180,390,1,800,17,0,3600,3480,90,67300,1,125000,4,4,1,2,210,MALE,40,6,1,100,0,0,0,3,1,10,101,1,10,55000,0,0,336,0
2023,202301,1480698,2.02E+12,190,390,1,1200,24,0,1800,1680,1700,75000,1,130000,1,4,1,1,190,MALE,39,1,1,100,0,0,0,3,1,6,63,1,10,75000,0,0,312,0
2023,202301,1480698,2.02E+12,190,390,1,1200,24,0,1800,1680,1700,75000,1,130000,1,4,1,2,210,FEMALE,37,1,1,100,0,0,0,3,1,6,65,3,30,0,0,0,312,0
2023,202301,1480698,2.02E+12,190,390,1,1200,24,0,1800,1680,1700,75000,1,130000,1,4,1,3,150,FEMALE,14,6,1,100,0,0,0,3,1,2,26,0,0,9999999,99999,99999,312,0
2023,202301,1486748,2.02E+12,680,390,1,600,20,0,3240,9993,1400,146200,1,130000,5,3,1,1,690,MALE,68,4,1,100,0,0,0,3,1,10,101,1,10,98200,0,0,501,0
2023,202301,1486748,2.02E+12,680,390,1,600,20,0,3240,9993,1400,146200,1,130000,5,3,1,2,810,FEMALE,45,4,1,100,0,0,0,3,1,10,101,1,10,48000,0,0,501,0
2023,202301,539538,2.02E+12,750,390,1,1000,20,0,1320,2400,50,111000,1,132000,1,4,1,1,750,FEMALE,50,1,1,100,0,0,0,3,1,6,63,1,10,51000,0,0,501,0
2023,202301,539538,2.02E+12,750,390,1,1000,20,0,1320,2400,50,111000,1,132000,1,4,1,2,1060,MALE,52,1,1,100,0,0,0,4,1,6,61,1,10,60000,0,0,501,0
2023,202301,514518,2.02E+12,1100,390,1,100,24,0,840,4800,20,59000,1,140000,1,3,1,1,1110,MALE,24,6,1,100,0,0,0,3,1,6,63,1,10,59000,0,0,379,0
2023,202301,865578,2.02E+12,800,390,1,1100,67,0,9993,1200,280,3700,1,140000,1,4,1,1,800,FEMALE,77,6,2,200,0,0,0,3,1,0,2,3,30,3700,1700,0,20,0
2023,202301,865578,2.02E+12,800,390,1,1100,67,0,9993,1200,280,3700,1,140000,1,4,1,2,1850,MALE,31,6,2,200,0,0,0,3,1,6,63,3,30,0,0,0,20,0
2023,202301,1481798,2.02E+12,830,390,1,300,15,0,4080,1920,470,39300,1,140000,4,3,1,1,840,FEMALE,58,4,3,361,0,0,0,3,1,6,65,3,30,39300,24800,0,253,0
2023,202301,1484588,2.02E+12,880,390,1,800,25,0,1440,1080,1100,60800,1,140000,6,4,1,1,890,MALE,63,1,1,100,0,0,0,3,1,6,63,1,10,50000,0,0,304,0
2023,202301,1484588,2.02E+12,880,390,1,800,25,0,1440,1080,1100,60800,1,140000,6,4,1,2,800,FEMALE,64,1,1,100,0,0,0,3,1,6,63,3,30,10800,10800,0,304,0
2023,202301,517508,2.02E+12,730,390,1,1,17,0,600,360,9993,25500,1,150000,4,4,1,1,730,FEMALE,83,5,1,100,0,0,0,3,1,6,63,3,30,25500,19500,0,178,0
2023,202301,533118,2.02E+12,420,390,1,740,21,0,1200,1680,50,41400,1,150000,1,3,1,1,420,MALE,69,1,1,100,0,0,0,3,1,4,40,3,30,16350,15900,0,229,0
2023,202301,533118,2.02E+12,420,390,1,740,21,0,1200,1680,50,41400,1,150000,1,3,1,2,290,FEMALE,77,1,1,100,0,0,0,3,1,6,64,3,30,25050,14700,0,229,0
2023,202301,534208,2.02E+12,750,390,1,1200,5,0,2160,840,9993,60800,1,150000,7,4,1,1,740,MALE,28,1,1,100,0,0,0,3,1,4,40,1,10,40800,0,0,253,0
2023,202301,534208,2.02E+12,750,390,1,1200,5,0,2160,840,9993,60800,1,150000,7,4,1,2,1140,FEMALE,34,1,1,100,0,0,3,4,1,6,65,1,10,20000,0,0,253,0
2023,202301,534208,2.02E+12,750,390,1,1200,5,0,2160,840,9993,60800,1,150000,7,4,1,3,840,MALE,1,6,1,100,0,0,0,0,1,0,1,0,0,9999999,99999,99999,253,0
2023,202301,538608,2.02E+12,450,390,1,1200,34,0,600,840,500,30000,1,150000,4,4,1,1,450,MALE,28,6,1,100,0,0,0,3,1,6,64,1,10,30000,0,0,193,0
2023,202301,1314368,2.02E+12,620,390,1,7000,32,0,6000,600,1200,35000,1,150000,3,4,1,1,620,MALE,76,1,1,100,0,0,0,3,1,7,71,3,30,35000,23000,0,194,0
2023,202301,1314368,2.02E+12,620,390,1,7000,32,0,6000,600,1200,35000,1,150000,3,4,1,2,630,FEMALE,57,1,1,100,0,0,0,3,1,6,63,3,30,0,0,0,194,0
2023,202301,1321258,2.02E+12,230,390,1,2000,22,0,2520,120,9993,36300,1,150000,9,4,3,1,230,MALE,78,1,1,100,0,0,0,3,1,10,101,3,30,29300,18000,0,201,0
2023,202301,1321258,2.02E+12,230,390,1,2000,22,0,2520,120,9993,36300,1,150000,9,4,3,2,260,FEMALE,75,1,1,100,0,0,0,3,1,6,63,3,30,7000,7000,0,201,0
2023,202301,1371058,2.02E+12,660,390,1,3000,42,0,4800,9993,1000,34100,1,150000,6,4,1,1,670,MALE,46,1,8,826,1,100,0,5,2,6,64,1,10,31100,0,0,142,0
2023,202301,1371058,2.02E+12,660,390,1,3000,42,0,4800,9993,1000,34100,1,150000,6,4,1,2,560,FEMALE,48,1,8,826,1,100,0,3,2,6,63,1,10,3000,0,0,142,0
2023,202301,1371058,2.02E+12,660,390,1,3000,42,0,4800,9993,1000,34100,1,150000,6,4,1,3,730,MALE,11,6,8,826,1,100,0,3,2,2,22,0,0,9999999,99999,99999,142,0
2023,202301,1381718,2.02E+12,470,390,1,1,22,0,5640,480,1000,35900,1,150000,3,5,2,1,460,MALE,65,4,1,100,0,0,0,3,1,6,63,3,30,21500,14400,0,154,0
2023,202301,1381718,2.02E+12,470,390,1,1,22,0,5640,480,1000,35900,1,150000,3,5,2,2,530,FEMALE,68,5,1,100,0,0,0,3,1,7,71,3,30,14400,14400,0,154,0
2023,202301,1381718,2.02E+12,470,390,1,1,22,0,5640,480,1000,35900,1,150000,3,5,2,3,640,MALE,38,2,1,100,0,0,0,4,1,8,81,2,20,0,0,0,154,0
2023,202301,1483388,2.02E+12,650,390,1,550,27,0,5280,9993,1300,34000,1,150000,5,3,1,1,640,MALE,74,1,8,826,0,0,0,3,2,6,61,3,30,34000,24000,0,188,0
2023,202301,1483388,2.02E+12,650,390,1,550,27,0,5280,9993,1300,34000,1,150000,5,3,1,2,600,FEMALE,71,1,1,100,0,0,0,3,1,6,63,3,30,0,0,0,188,0
2023,202301,1483568,2.02E+12,1080,390,1,1300,20,0,3240,1320,1100,203400,1,150000,2,5,1,1,1080,FEMALE,47,4,1,100,0,0,0,3,1,10,101,1,10,106000,0,0,501,0
2023,202301,1483568,2.02E+12,1080,390,1,1300,20,0,3240,1320,1100,203400,1,150000,2,5,1,2,1140,MALE,48,4,1,100,0,0,0,3,1,6,63,1,10,90000,0,0,501,0
2023,202301,1483568,2.02E+12,1080,390,1,1300,20,0,3240,1320,1100,203400,1,150000,2,5,1,3,1170,FEMALE,21,6,1,100,0,0,0,3,1,8,81,1,10,7400,0,0,501,0
2023,202301,1486048,2.02E+12,830,390,1,800,15,0,1560,240,2000,60000,1,150000,2,4,1,1,830,MALE,41,4,1,100,0,0,0,3,1,11,114,1,14,60000,0,0,291,0
2023,202301,1486048,2.02E+12,830,390,1,800,15,0,1560,240,2000,60000,1,150000,2,4,1,2,660,FEMALE,14,6,1,100,0,0,0,3,1,2,26,0,0,9999999,99999,99999,291,0
2023,202301,516158,2.02E+12,610,390,1,580,42,0,2160,600,120,93000,1,168000,4,4,1,1,610,FEMALE,51,4,1,100,0,0,0,3,1,7,71,1,10,88000,0,0,297,0
2023,202301,516158,2.02E+12,610,390,1,580,42,0,2160,600,120,93000,1,168000,4,4,1,2,1110,MALE,32,4,1,100,0,0,0,3,1,6,63,3,30,0,0,0,297,0
2023,202301,516158,2.02E+12,610,390,1,580,42,0,2160,600,120,93000,1,168000,4,4,1,3,910,MALE,28,6,1,100,0,0,0,3,1,6,64,1,10,5000,0,0,297,0
2023,202301,516158,2.02E+12,610,390,1,580,42,0,2160,600,120,93000,1,168000,4,4,1,4,1060,MALE,6,6,1,100,0,0,0,3,1,1,12,0,0,9999999,99999,99999,297,0
2023,202301,1119288,2.02E+12,1310,390,1,1500,67,0,1080,9993,9993,102400,1,168000,1,6,1,1,1310,MALE,59,4,1,100,0,0,0,3,1,7,71,3,30,16600,16600,0,327,0
2023,202301,1119288,2.02E+12,1310,390,1,1500,67,0,1080,9993,9993,102400,1,168000,1,6,1,2,1270,FEMALE,29,1,8,801,0,0,0,3,2,6,65,1,10,70000,0,0,327,0
2023,202301,1119288,2.02E+12,1310,390,1,1500,67,0,1080,9993,9993,102400,1,168000,1,6,1,3,1490,FEMALE,24,1,1,100,0,0,0,3,1,4,40,2,20,15800,0,0,327,0
2023,202301,1119288,2.02E+12,1310,390,1,1500,67,0,1080,9993,9993,102400,1,168000,1,6,1,4,1050,FEMALE,1,6,1,100,0,0,0,0,1,0,1,0,0,9999999,99999,99999,327,0
2023,202301,1119288,2.02E+12,1310,390,1,1500,67,0,1080,9993,9993,102400,1,168000,1,6,1,5,890,MALE,38,6,1,100,0,0,0,3,1,6,63,3,30,0,0,0,1,0
2023,202301,164158,2.02E+12,1550,390,1,10,20,0,4560,1920,9993,62400,1,169000,9,5,1,1,1540,FEMALE,41,1,1,100,0,0,0,3,1,7,71,1,10,49400,0,0,171,0
2023,202301,164158,2.02E+12,1550,390,1,10,20,0,4560,1920,9993,62400,1,169000,9,5,1,2,1130,MALE,44,1,1,100,0,0,0,3,1,6,63,3,30,0,0,0,171,0
2023,202301,164158,2.02E+12,1550,390,1,10,20,0,4560,1920,9993,62400,1,169000,9,5,1,3,1670,MALE,11,6,1,100,0,0,0,3,1,1,17,0,0,9999999,99999,99999,171,0
2023,202301,164158,2.02E+12,1550,390,1,10,20,0,4560,1920,9993,62400,1,169000,9,5,1,4,1670,MALE,8,6,1,100,0,0,0,3,1,1,15,0,0,9999999,99999,99999,171,0
2023,202301,164158,2.02E+12,1550,390,1,10,20,0,4560,1920,9993,62400,1,169000,9,5,1,5,1180,FEMALE,76,5,1,100,0,0,0,3,1,8,81,3,30,13000,13000,0,171,0
2023,202301,164158,2.02E+12,1550,390,1,10,20,0,4560,1920,9993,62400,1,169000,9,5,1,6,1980,FEMALE,8,6,1,100,0,0,0,3,1,1,15,0,0,9999999,99999,99999,0,0
2023,202301,1357418,2.02E+12,400,390,1,4000,42,0,3000,360,750,81000,1,170000,6,4,1,1,390,MALE,70,5,1,100,0,0,0,3,1,7,71,3,30,81000,1500,0,501,0
2023,202301,1299378,2.02E+12,460,390,1,2200,31,0,1680,360,60,37960,1,174000,7,3,1,1,460,MALE,84,1,2,200,0,0,0,3,1,6,64,3,30,1900,1900,0,210,0
2023,202301,1299378,2.02E+12,460,390,1,2200,31,0,1680,360,60,37960,1,174000,7,3,1,2,280,FEMALE,81,1,2,200,0,0,0,3,1,6,63,3,30,36060,20700,0,210,0
2023,202301,513098,2.02E+12,650,390,1,860,25,0,1200,960,540,71990,1,175000,6,4,1,1,650,FEMALE,70,1,1,100,0,0,0,3,1,6,63,3,30,22500,17000,0,398,0
2023,202301,513098,2.02E+12,650,390,1,860,25,0,1200,960,540,71990,1,175000,6,4,1,2,780,MALE,70,1,1,100,0,0,0,3,1,7,71,3,30,49490,31100,0,398,0
2023,202301,1346908,2.02E+12,430,390,1,2700,51,0,720,2040,1500,155800,1,175000,6,4,1,1,420,MALE,56,6,1,100,0,0,0,3,1,11,114,1,10,125000,0,0,501,0
2023,202301,1346908,2.02E+12,430,390,1,2700,51,0,720,2040,1500,155800,1,175000,6,4,1,2,570,FEMALE,84,5,1,100,0,0,0,3,1,7,71,3,30,30800,27600,0,501,0
2023,202301,1481418,2.02E+12,410,390,1,1,20,0,1800,1680,570,83900,1,175000,4,4,1,1,410,MALE,68,1,1,100,0,0,0,3,1,6,63,3,30,62300,41300,0,464,0
2023,202301,1481418,2.02E+12,410,390,1,1,20,0,1800,1680,570,83900,1,175000,4,4,1,2,380,FEMALE,73,1,1,100,0,0,0,3,1,6,64,3,30,21600,12000,0,464,0
2023,202301,1481668,2.02E+12,2750,390,1,1400,24,0,3600,1440,140,64400,1,175000,3,4,1,1,2750,FEMALE,66,1,1,100,0,0,0,3,1,6,63,3,30,11900,11900,0,356,0
2023,202301,1481668,2.02E+12,2750,390,1,1400,24,0,3600,1440,140,64400,1,175000,3,4,1,2,3160,MALE,66,1,1,100,0,0,0,3,1,6,63,3,30,52500,21500,0,356,0
2023,202301,189158,2.02E+12,290,390,1,1500,9,0,2400,1800,9993,47200,1,176000,7,4,1,1,290,FEMALE,81,1,7,700,4,414,2,5,1,3,30,3,30,0,0,0,202,0
2023,202301,189158,2.02E+12,290,390,1,1500,9,0,2400,1800,9993,47200,1,176000,7,4,1,2,540,MALE,74,1,1,100,0,0,0,3,1,6,65,1,10,42200,0,0,202,0
2023,202301,189158,2.02E+12,290,390,1,1500,9,0,2400,1800,9993,47200,1,176000,7,4,1,3,1160,FEMALE,53,6,7,700,4,498,0,3,1,6,63,1,10,5000,0,0,202,0
2023,202301,1483628,2.02E+12,1750,390,1,800,22,0,2040,960,50,76600,1,179000,7,4,1,1,1750,MALE,26,1,1,100,0,0,0,3,1,10,101,1,10,72000,0,0,318,0
2023,202301,1483628,2.02E+12,1750,390,1,800,22,0,2040,960,50,76600,1,179000,7,4,1,2,1900,FEMALE,27,1,1,100,0,0,0,3,1,10,101,1,10,4600,0,0,318,0
2023,202301,1483628,2.02E+12,1750,390,1,800,22,0,2040,960,50,76600,1,179000,7,4,1,3,1760,MALE,0,6,1,100,0,0,0,0,1,0,1,0,0,9999999,99999,99999,318,0
2023,202301,1119828,2.02E+12,1880,390,1,700,32,0,600,9993,10,85000,1,180000,6,3,1,1,1890,MALE,36,1,1,100,0,0,0,3,1,10,101,1,10,70000,0,0,425,0
2023,202301,1119828,2.02E+12,1880,390,1,700,32,0,600,9993,10,85000,1,180000,6,3,1,2,2020,FEMALE,35,1,1,100,0,0,0,3,1,10,101,1,10,15000,0,0,425,0
2023,202301,1321298,2.02E+12,2610,390,1,800,27,0,2880,480,1600,164000,1,180000,6,4,1,1,2620,MALE,72,1,2,200,0,0,0,3,1,11,114,1,10,98000,0,0,501,0
2023,202301,1321298,2.02E+12,2610,390,1,800,27,0,2880,480,1600,164000,1,180000,6,4,1,2,2070,FEMALE,61,1,2,200,0,0,0,3,1,10,101,1,10,66000,0,0,501,0
2023,202301,1482398,2.02E+12,1760,390,1,600,14,0,4200,9993,1200,88400,1,180000,3,4,1,1,1760,MALE,43,1,1,100,0,0,0,3,1,8,81,1,10,72200,0,0,248,0
2023,202301,1482398,2.02E+12,1760,390,1,600,14,0,4200,9993,1200,88400,1,180000,3,4,1,2,1920,FEMALE,33,1,1,100,0,0,0,3,1,6,63,1,12,16200,0,0,248,0
2023,202301,1482398,2.02E+12,1760,390,1,600,14,0,4200,9993,1200,88400,1,180000,3,4,1,3,1490,FEMALE,13,6,1,100,0,0,0,3,1,2,25,0,0,9999999,99999,99999,248,0
2023,202301,1482398,2.02E+12,1760,390,1,600,14,0,4200,9993,1200,88400,1,180000,3,4,1,4,1920,MALE,7,6,1,100,0,0,0,3,1,1,12,0,0,9999999,99999,99999,248,0
2023,202301,1482398,2.02E+12,1760,390,1,600,14,0,4200,9993,1200,88400,1,180000,3,4,1,5,1490,FEMALE,6,6,1,100,0,0,0,3,1,1,12,0,0,9999999,99999,99999,248,0
2023,202301,1272738,2.02E+12,590,390,1,1200,63,0,2040,9993,960,21600,1,185000,6,4,3,1,590,FEMALE,75,6,1,100,0,0,0,3,1,10,101,3,30,21600,0,0,151,0
2023,202301,1293998,2.02E+12,900,390,1,3500,45,0,3360,600,1500,128000,1,185000,5,4,1,1,900,FEMALE,56,1,1,100,0,0,0,3,1,8,81,1,10,28000,0,0,501,0
2023,202301,1293998,2.02E+12,900,390,1,3500,45,0,3360,600,1500,128000,1,185000,5,4,1,2,1170,MALE,51,1,1,100,0,0,0,3,1,6,65,1,10,100000,0,0,501,0
2023,202301,849568,2.02E+12,530,390,1,390,65,0,600,9997,9993,755700,1,189000,4,2,1,1,530,FEMALE,80,4,1,100,0,0,2,3,1,6,63,1,10,755700,29400,0,501,0
2023,202301,527928,2.02E+12,2600,390,1,1000,34,0,960,1560,600,81000,1,190000,7,5,1,1,2610,FEMALE,84,6,1,100,0,0,0,3,1,11,114,3,30,60000,24000,0,419,0
2023,202301,527928,2.02E+12,2600,390,1,1000,34,0,960,1560,600,81000,1,190000,7,5,1,2,3720,FEMALE,60,4,7,700,4,498,0,3,1,6,63,1,10,21000,0,0,135,0
2023,202301,1313898,2.02E+12,680,390,1,7400,50,0,3360,840,130,95500,1,190000,4,4,1,1,690,FEMALE,41,5,1,100,0,0,0,3,1,10,101,1,10,92000,0,0,464,0
2023,202301,1313898,2.02E+12,680,390,1,7400,50,0,3360,840,130,95500,1,190000,4,4,1,2,1520,FEMALE,16,6,1,100,0,0,0,3,1,6,65,1,10,3500,0,0,464,0
2023,202301,1382638,2.02E+12,490,390,1,1,21,0,2160,9993,840,20400,2,190000,3,4,1,1,490,MALE,64,4,1,100,0,0,0,3,1,6,64,3,30,20400,20400,0,85,0
2023,202301,1382638,2.02E+12,490,390,1,1,21,0,2160,9993,840,20400,2,190000,3,4,1,2,760,FEMALE,37,4,1,100,0,0,0,3,1,8,81,3,30,0,0,0,85,0
2023,202301,1382638,2.02E+12,490,390,1,1,21,0,2160,9993,840,20400,2,190000,3,4,1,3,560,FEMALE,14,6,1,100,0,0,0,3,1,3,30,0,0,9999999,99999,99999,85,0
2023,202301,524698,2.02E+12,650,390,1,1,25,0,2040,9992,9993,66000,1,200000,7,4,1,1,650,MALE,71,1,1,100,0,0,2,6,1,6,63,3,30,9600,9600,0,282,0
2023,202301,524698,2.02E+12,650,390,1,1,25,0,2040,9992,9993,66000,1,200000,7,4,1,2,790,FEMALE,63,1,1,100,0,0,2,5,1,6,63,1,10,42000,0,0,282,0
2023,202301,524698,2.02E+12,650,390,1,1,25,0,2040,9992,9993,66000,1,200000,7,4,1,3,940,MALE,29,6,1,100,0,0,3,4,1,6,65,3,30,14400,14400,0,282,0
2023,202301,531778,2.02E+12,4650,390,1,800,30,0,2400,480,9993,95000,1,200000,3,3,1,1,4640,FEMALE,49,1,1,100,0,0,0,3,1,10,101,1,10,30000,0,0,475,0
2023,202301,531778,2.02E+12,4650,390,1,800,30,0,2400,480,9993,95000,1,200000,3,3,1,2,3520,MALE,48,1,1,100,0,0,0,3,1,6,63,1,10,65000,0,0,475,0
2023,202301,839628,2.02E+12,2670,390,1,900,46,0,960,240,800,67000,1,200000,1,3,1,1,2670,MALE,63,4,1,100,0,0,1,4,1,6,63,1,10,67000,0,0,431,0
2023,202301,849708,2.02E+12,1860,390,1,400,65,0,1440,240,9997,18900,1,200000,2,3,1,1,1860,FEMALE,68,4,8,826,4,423,2,5,2,0,2,3,30,11700,11700,0,82,0
2023,202301,849708,2.02E+12,1860,390,1,400,65,0,1440,240,9997,18900,1,200000,2,3,1,2,1460,MALE,59,6,8,826,4,423,3,5,2,0,2,1,12,7200,0,0,46,0
2023,202301,857048,2.02E+12,870,390,1,1400,64,0,3000,360,980,54000,1,200000,3,4,1,1,880,MALE,82,5,1,100,0,0,0,3,1,8,81,3,30,54000,24000,0,377,0
2023,202301,859038,2.02E+12,840,390,1,1200,64,0,2400,1200,1200,334000,1,200000,4,5,1,1,840,FEMALE,56,1,1,100,0,0,0,3,1,11,114,1,10,140000,0,0,501,0
2023,202301,859038,2.02E+12,840,390,1,1200,64,0,2400,1200,1200,334000,1,200000,4,5,1,2,830,MALE,59,1,1,100,0,0,0,3,1,11,114,1,10,140000,0,0,501,0
2023,202301,859038,2.02E+12,840,390,1,1200,64,0,2400,1200,1200,334000,1,200000,4,5,1,3,1080,MALE,25,6,1,100,0,0,0,3,1,10,101,1,10,50000,0,0,501,0
2023,202301,859038,2.02E+12,840,390,1,1200,64,0,2400,1200,1200,334000,1,200000,4,5,1,4,1320,FEMALE,22,6,1,100,0,0,0,3,1,10,101,1,10,4000,0,0,501,0
2023,202301,863378,2.02E+12,920,390,1,1500,67,0,1800,600,800,44000,1,200000,5,4,1,1,910,FEMALE,47,6,2,200,0,0,2,3,1,6,63,2,20,18000,0,0,145,0
2023,202301,863378,2.02E+12,920,390,1,1500,67,0,1800,600,800,44000,1,200000,5,4,1,2,920,FEMALE,23,6,2,200,0,0,0,3,1,6,63,1,10,26000,0,0,145,0
2023,202301,863378,2.02E+12,920,390,1,1500,67,0,1800,600,800,44000,1,200000,5,4,1,3,920,MALE,16,6,2,200,0,0,0,3,1,5,50,3,30,0,0,0,145,0
2023,202301,863378,2.02E+12,920,390,1,1500,67,0,1800,600,800,44000,1,200000,5,4,1,4,730,MALE,10,6,2,200,0,0,0,3,1,2,22,0,0,9999999,99999,99999,145,0
2023,202301,1111008,2.02E+12,1790,390,1,1800,45,0,2520,9993,780,73000,1,200000,2,2,1,1,1780,FEMALE,37,1,1,100,0,0,0,3,1,7,71,1,10,44000,0,0,365,0
2023,202301,1111008,2.02E+12,1790,390,1,1800,45,0,2520,9993,780,73000,1,200000,2,2,1,2,1670,MALE,38,1,1,100,0,0,0,3,1,6,63,1,10,29000,0,0,365,0
2023,202301,1112008,2.02E+12,220,390,1,500,22,0,1440,9993,480,36000,1,200000,2,3,1,1,220,MALE,72,1,8,826,0,0,0,3,2,6,65,3,30,24000,24000,0,199,0
2023,202301,1112008,2.02E+12,220,390,1,500,22,0,1440,9993,480,36000,1,200000,2,3,1,2,240,FEMALE,71,1,8,826,0,0,0,3,2,7,71,3,30,12000,12000,0,199,0
2023,202301,1113088,2.02E+12,470,390,1,800,7,0,1800,9993,600,96100,2,200000,5,3,1,1,470,FEMALE,65,4,8,802,0,0,0,3,2,11,114,3,30,82100,9100,0,501,0
2023,202301,1113088,2.02E+12,470,390,1,800,7,0,1800,9993,600,96100,2,200000,5,3,1,2,410,FEMALE,66,4,8,802,0,0,0,3,2,8,81,3,30,14000,14000,0,98,0
2023,202301,1315198,2.02E+12,1350,390,1,5000,1,0,4800,720,9993,75030,1,200000,5,4,1,1,1350,FEMALE,43,1,2,200,0,0,0,4,1,10,101,3,30,22800,22800,0,248,0
2023,202301,1315198,2.02E+12,1350,390,1,5000,1,0,4800,720,9993,75030,1,200000,5,4,1,2,1780,MALE,43,1,2,200,0,0,2,4,1,6,65,1,10,52230,0,0,248,0
2023,202301,1315198,2.02E+12,1350,390,1,5000,1,0,4800,720,9993,75030,1,200000,5,4,1,3,1040,MALE,11,6,2,200,0,0,0,3,1,1,17,0,0,9999999,99999,99999,248,0
2023,202301,1315198,2.02E+12,1350,390,1,5000,1,0,4800,720,9993,75030,1,200000,5,4,1,4,1120,FEMALE,9,6,2,200,0,0,0,3,1,1,17,0,0,9999999,99999,99999,248,0
2023,202301,1324078,2.02E+12,2600,390,1,1,18,0,2400,9990,360,18700,2,200000,7,4,2,1,2590,FEMALE,74,1,7,700,1,100,2,1,1,0,2,3,30,5500,5500,0,104,0
2023,202301,1324078,2.02E+12,2600,390,1,1,18,0,2400,9990,360,18700,2,200000,7,4,2,2,2550,MALE,73,1,8,826,1,100,2,3,2,0,2,3,30,13200,13200,0,104,0
2023,202301,1375658,2.02E+12,1380,390,1,1200,34,0,4200,240,70,125000,1,200000,2,5,1,1,1390,FEMALE,44,4,1,100,0,0,0,3,1,7,71,1,10,50000,0,0,399,0
2023,202301,1375658,2.02E+12,1380,390,1,1200,34,0,4200,240,70,125000,1,200000,2,5,1,2,1050,MALE,35,4,8,826,2,200,0,4,2,8,81,2,20,50000,0,0,399,0
2023,202301,1375658,2.02E+12,1380,390,1,1200,34,0,4200,240,70,125000,1,200000,2,5,1,3,1160,MALE,20,6,1,100,0,0,0,3,1,6,63,1,10,25000,0,0,399,0
2023,202301,1375658,2.02E+12,1380,390,1,1200,34,0,4200,240,70,125000,1,200000,2,5,1,4,1240,FEMALE,17,3,2,200,0,0,0,3,1,6,63,3,30,0,0,0,399,0
2023,202301,1484868,2.02E+12,370,390,1,1500,27,0,3000,1800,2100,161000,1,200000,4,4,1,1,370,FEMALE,59,1,2,200,0,0,0,3,1,11,114,1,10,96000,0,0,501,0
2023,202301,1484868,2.02E+12,370,390,1,1500,27,0,3000,1800,2100,161000,1,200000,4,4,1,2,400,MALE,62,1,2,200,0,0,0,3,1,10,101,1,10,65000,0,0,501,0
2023,202301,1484868,2.02E+12,370,390,1,1500,27,0,3000,1800,2100,161000,1,200000,4,4,1,3,1030,MALE,14,6,2,200,0,0,0,3,1,2,26,0,0,9999999,99999,99999,501,0
2023,202301,1281638,2.02E+12,820,390,1,600,42,0,3000,240,80,50000,1,210000,3,4,1,1,820,MALE,34,1,8,826,1,100,0,5,2,8,81,1,12,50000,0,0,165,0
2023,202301,1281638,2.02E+12,820,390,1,600,42,0,3000,240,80,50000,1,210000,3,4,1,2,490,FEMALE,29,1,7,700,1,100,3,4,1,6,61,3,30,0,0,0,165,0
2023,202301,1281638,2.02E+12,820,390,1,600,42,0,3000,240,80,50000,1,210000,3,4,1,3,620,MALE,5,6,8,826,1,100,0,3,2,0,2,0,0,9999999,99999,99999,165,0
2023,202301,1281638,2.02E+12,820,390,1,600,42,0,3000,240,80,50000,1,210000,3,4,1,4,920,FEMALE,3,6,8,826,1,100,0,0,2,0,2,0,0,9999999,99999,99999,165,0
2023,202301,1367728,2.02E+12,2770,390,1,1,4,0,5400,9993,9993,27000,1,212000,7,4,1,1,2770,FEMALE,63,5,1,100,0,0,0,3,1,11,114,3,30,27000,27000,0,135,0
2023,202301,1367728,2.02E+12,2770,390,1,1,4,0,5400,9993,9993,27000,1,212000,7,4,1,2,3180,MALE,39,6,1,100,0,0,0,3,1,7,71,3,30,0,0,0,135,0
2023,202301,1290838,2.02E+12,950,390,1,3000,46,0,1200,9993,300,132000,1,215000,6,4,1,1,960,FEMALE,32,1,1,100,0,0,0,3,1,10,101,1,10,62000,0,0,501,0
2023,202301,1290838,2.02E+12,950,390,1,3000,46,0,1200,9993,300,132000,1,215000,6,4,1,2,730,MALE,32,1,1,100,0,0,0,3,1,10,101,1,10,70000,0,0,501,0
2023,202301,517778,2.02E+12,1150,390,1,150,32,0,2400,9992,9993,106000,1,220000,3,4,1,1,1150,MALE,38,1,8,826,4,498,2,3,2,3,30,1,10,56000,0,0,350,0
2023,202301,517778,2.02E+12,1150,390,1,150,32,0,2400,9992,9993,106000,1,220000,3,4,1,2,720,FEMALE,38,1,1,100,0,0,0,3,1,4,40,1,10,50000,0,0,350,0
2023,202301,517778,2.02E+12,1150,390,1,150,32,0,2400,9992,9993,106000,1,220000,3,4,1,3,520,FEMALE,10,6,8,826,4,498,0,4,2,2,22,0,0,9999999,99999,99999,350,0
2023,202301,517778,2.02E+12,1150,390,1,150,32,0,2400,9992,9993,106000,1,220000,3,4,1,4,800,MALE,6,6,8,826,4,498,0,4,2,1,12,0,0,9999999,99999,99999,350,0
2023,202301,528228,2.02E+12,490,390,1,750,23,0,480,240,500,24000,1,220000,9,3,1,1,490,FEMALE,72,5,1,100,0,0,0,3,1,10,101,3,30,24000,24000,0,167,0
2023,202301,1308168,2.02E+12,1630,390,1,1,54,0,1920,720,160,90900,2,220000,4,5,1,1,1630,MALE,55,1,8,826,1,100,2,5,2,6,63,3,30,17500,0,0,244,0
2023,202301,1308168,2.02E+12,1630,390,1,1,54,0,1920,720,160,90900,2,220000,4,5,1,2,830,FEMALE,51,1,8,826,1,100,3,6,2,6,61,1,10,40000,0,0,244,0
2023,202301,1308168,2.02E+12,1630,390,1,1,54,0,1920,720,160,90900,2,220000,4,5,1,3,980,FEMALE,29,3,8,826,1,100,3,5,2,6,61,1,10,14400,0,0,244,0
2023,202301,1308168,2.02E+12,1630,390,1,1,54,0,1920,720,160,90900,2,220000,4,5,1,4,1190,FEMALE,21,6,8,826,1,100,2,5,2,6,64,1,10,19000,0,0,244,0
2023,202301,1308168,2.02E+12,1630,390,1,1,54,0,1920,720,160,90900,2,220000,4,5,1,5,1530,MALE,18,6,8,826,1,100,2,4,2,6,65,3,30,0,0,0,244,0
2023,202301,1363728,2.02E+12,470,390,1,2900,43,0,1080,720,750,25500,1,220000,6,3,1,1,470,FEMALE,75,6,1,100,0,0,0,3,1,6,63,3,30,25500,15300,0,178,0
2023,202301,526058,2.02E+12,540,390,1,660,24,0,720,720,9993,153000,1,225000,9,3,1,1,540,MALE,46,1,1,100,0,0,0,3,1,6,63,1,10,120000,0,0,501,0
2023,202301,526058,2.02E+12,540,390,1,660,24,0,720,720,9993,153000,1,225000,9,3,1,2,840,FEMALE,42,1,1,100,0,0,0,3,1,6,63,1,10,33000,0,0,501,0
2023,202301,526578,2.02E+12,650,390,1,1400,30,0,1560,960,420,51000,1,225000,4,4,1,1,640,MALE,80,1,1,100,0,0,0,3,1,6,63,1,10,33000,21000,0,282,0
2023,202301,526578,2.02E+12,650,390,1,1400,30,0,1560,960,420,51000,1,225000,4,4,1,2,510,FEMALE,80,1,1,100,0,0,0,3,1,6,64,3,30,18000,18000,0,282,0
2023,202301,536368,2.02E+12,970,390,1,1000,33,0,3000,1200,9993,150000,1,225000,5,4,1,1,960,MALE,63,1,1,100,0,0,0,3,1,7,71,1,10,150000,0,0,501,0
2023,202301,536368,2.02E+12,970,390,1,1000,33,0,3000,1200,9993,150000,1,225000,5,4,1,2,920,FEMALE,62,1,1,100,0,0,0,3,1,6,63,3,30,0,0,0,501,0
2023,202301,1481958,2.02E+12,2250,390,1,1200,26,0,1440,960,1400,172000,1,225000,5,5,1,1,2250,MALE,46,1,1,100,0,0,0,3,1,7,71,1,10,107000,0,0,501,0
2023,202301,1481958,2.02E+12,2250,390,1,1200,26,0,1440,960,1400,172000,1,225000,5,5,1,2,1790,FEMALE,49,1,9,904,1,100,0,3,3,6,64,1,10,37000,0,0,501,0
2023,202301,1481958,2.02E+12,2250,390,1,1200,26,0,1440,960,1400,172000,1,225000,5,5,1,3,2890,FEMALE,15,6,1,100,1,100,0,3,1,3,30,0,0,0,0,0,501,0
2023,202301,1481958,2.02E+12,2250,390,1,1200,26,0,1440,960,1400,172000,1,225000,5,5,1,4,2890,MALE,18,6,1,100,1,100,0,3,1,3,30,1,10,28000,0,0,501,0
2023,202301,849408,2.02E+12,1890,390,1,2000,67,0,2400,960,1800,189000,1,230000,1,5,1,1,1890,FEMALE,58,1,2,200,0,0,0,3,1,7,71,1,10,73000,0,0,291,0
2023,202301,849408,2.02E+12,1890,390,1,2000,67,0,2400,960,1800,189000,1,230000,1,5,1,2,1920,MALE,58,1,2,200,0,0,0,3,1,6,63,3,30,2000,0,0,291,0
2023,202301,849408,2.02E+12,1890,390,1,2000,67,0,2400,960,1800,189000,1,230000,1,5,1,3,970,FEMALE,39,6,2,200,0,0,0,3,1,6,63,1,10,40000,0,0,291,0
2023,202301,849408,2.02E+12,1890,390,1,2000,67,0,2400,960,1800,189000,1,230000,1,5,1,4,2000,FEMALE,33,6,2,200,0,0,0,3,1,7,71,1,10,43000,0,0,291,0
2023,202301,849408,2.02E+12,1890,390,1,2000,67,0,2400,960,1800,189000,1,230000,1,5,1,5,1990,FEMALE,32,6,2,200,0,0,0,3,1,7,71,1,10,31000,0,0,291,0
2023,202301,849408,2.02E+12,1890,390,1,2000,67,0,2400,960,1800,189000,1,230000,1,5,1,6,1750,FEMALE,22,6,2,200,0,0,0,3,1,7,71,2,20,0,0,0,291,0
2023,202301,849408,2.02E+12,1890,390,1,2000,67,0,2400,960,1800,189000,1,230000,1,5,1,7,1000,FEMALE,15,6,2,200,0,0,0,3,1,3,30,0,0,0,0,0,291,0
2023,202301,849408,2.02E+12,1890,390,1,2000,67,0,2400,960,1800,189000,1,230000,1,5,1,8,1350,MALE,8,6,2,200,0,0,0,3,1,1,15,0,0,9999999,99999,99999,291,0
2023,202301,849408,2.02E+12,1890,390,1,2000,67,0,2400,960,1800,189000,1,230000,1,5,1,9,1530,FEMALE,0,6,2,200,0,0,0,0,1,0,1,0,0,9999999,99999,99999,291,0
2023,202301,1112178,2.02E+12,490,390,1,930,24,0,1200,9993,420,70000,1,230000,6,3,1,1,490,MALE,62,4,2,200,0,0,0,3,1,6,65,1,10,70000,0,0,450,0
2023,202301,1283508,2.02E+12,2160,390,1,1,40,0,2760,9993,9993,101000,1,230000,9,5,1,1,2160,MALE,50,1,8,826,1,100,0,4,2,5,50,1,10,43000,0,0,328,0
2023,202301,1283508,2.02E+12,2160,390,1,1,40,0,2760,9993,9993,101000,1,230000,9,5,1,2,2130,FEMALE,39,1,8,826,1,100,0,4,2,8,81,1,10,39000,0,0,328,0
2023,202301,1283508,2.02E+12,2160,390,1,1,40,0,2760,9993,9993,101000,1,230000,9,5,1,3,2020,FEMALE,22,6,8,826,1,100,0,3,2,6,63,1,10,7000,0,0,328,0
2023,202301,1283508,2.02E+12,2160,390,1,1,40,0,2760,9993,9993,101000,1,230000,9,5,1,4,1390,MALE,21,6,8,826,1,100,0,3,2,6,63,1,10,12000,0,0,328,0
2023,202301,1312728,2.02E+12,400,390,1,2000,32,0,2400,9993,840,173000,1,230000,6,4,1,1,390,FEMALE,58,1,1,100,0,0,0,3,1,6,65,1,10,83000,0,0,501,0
2023,202301,1312728,2.02E+12,400,390,1,2000,32,0,2400,9993,840,173000,1,230000,6,4,1,2,400,MALE,63,1,1,100,0,0,0,3,1,7,71,1,10,90000,0,0,501,0
2023,202301,1332918,2.02E+12,1930,390,1,3000,65,0,4200,480,110,91000,1,230000,9,5,1,1,1920,MALE,46,1,1,100,0,0,0,3,1,10,101,1,10,91000,0,0,255,0
2023,202301,1332918,2.02E+12,1930,390,1,3000,65,0,4200,480,110,91000,1,230000,9,5,1,2,2600,FEMALE,45,1,1,100,0,0,0,3,1,7,71,3,30,0,0,0,255,0
2023,202301,1332918,2.02E+12,1930,390,1,3000,65,0,4200,480,110,91000,1,230000,9,5,1,3,1490,MALE,14,6,1,100,0,0,0,3,1,2,25,0,0,9999999,99999,99999,255,0
2023,202301,1332918,2.02E+12,1930,390,1,3000,65,0,4200,480,110,91000,1,230000,9,5,1,4,1730,FEMALE,10,6,1,100,0,0,0,3,1,1,17,0,0,9999999,99999,99999,255,0
2023,202301,1332918,2.02E+12,1930,390,1,3000,65,0,4200,480,110,91000,1,230000,9,5,1,5,1720,FEMALE,8,6,1,100,0,0,0,3,1,1,15,0,0,9999999,99999,99999,255,0
2023,202301,1479568,2.02E+12,960,390,1,1400,24,0,1680,120,1300,93150,1,230000,7,4,1,1,950,FEMALE,48,1,1,100,0,0,0,3,1,10,101,1,10,93150,0,0,465,0
2023,202301,1479568,2.02E+12,960,390,1,1400,24,0,1680,120,1300,93150,1,230000,7,4,1,2,1010,MALE,47,1,1,100,0,0,0,3,1,7,71,3,30,0,0,0,465,0
2023,202301,1276908,2.02E+12,340,390,1,2000,52,0,1440,600,1100,136000,1,235000,9,4,1,1,340,FEMALE,52,4,1,100,0,0,0,3,1,11,114,1,10,68000,0,0,501,0
2023,202301,1276908,2.02E+12,340,390,1,2000,52,0,1440,600,1100,136000,1,235000,9,4,1,2,310,MALE,48,4,8,813,0,0,0,3,2,10,101,1,10,65000,0,0,501,0
2023,202301,1276908,2.02E+12,340,390,1,2000,52,0,1440,600,1100,136000,1,235000,9,4,1,3,320,MALE,23,6,1,100,0,0,0,3,1,7,71,2,20,3000,0,0,501,0
2023,202301,1366928,2.02E+12,2670,390,1,2500,65,0,4200,9993,500,137000,1,235000,15,4,1,1,2670,MALE,64,1,1,100,0,0,0,3,1,10,101,3,30,17000,9000,0,501,0
2023,202301,1366928,2.02E+12,2670,390,1,2500,65,0,4200,9993,500,137000,1,235000,15,4,1,2,3720,FEMALE,52,1,2,200,0,0,0,3,1,7,71,1,10,120000,0,0,501,0
2023,202301,537068,2.02E+12,770,390,1,800,35,0,1920,9992,540,100000,1,240000,9,4,1,1,780,MALE,26,1,8,826,1,100,2,4,2,7,71,1,10,75000,0,0,500,0
2023,202301,537068,2.02E+12,770,390,1,800,35,0,1920,9992,540,100000,1,240000,9,4,1,2,1680,FEMALE,24,1,8,826,1,100,0,4,2,10,101,1,10,25000,0,0,500,0
2023,202301,540568,2.02E+12,780,390,1,1600,51,0,840,960,230,111300,1,240000,5,4,1,1,780,MALE,64,1,1,100,0,0,0,3,1,6,65,1,10,103000,0,0,501,0
2023,202301,540568,2.02E+12,780,390,1,1600,51,0,840,960,230,111300,1,240000,5,4,1,2,680,FEMALE,54,1,1,100,0,0,0,3,1,6,64,1,10,8300,0,0,501,0
2023,202301,1121908,2.02E+12,620,390,1,590,35,0,1560,4200,600,60110,1,240000,6,4,1,1,620,FEMALE,64,6,1,100,0,0,0,3,1,6,63,3,30,46910,0,0,300,0
2023,202301,1121908,2.02E+12,620,390,1,590,35,0,1560,4200,600,60110,1,240000,6,4,1,2,680,MALE,47,6,1,100,0,0,0,3,1,6,64,1,10,13200,0,0,300,0
2023,202301,1480448,2.02E+12,680,390,1,1200,22,0,3120,720,80,62800,1,240000,6,5,1,1,680,FEMALE,64,1,1,100,0,0,0,3,1,11,114,3,30,62800,22800,0,314,0
2023,202301,1480448,2.02E+12,680,390,1,1200,22,0,3120,720,80,62800,1,240000,6,5,1,2,780,MALE,64,1,1,100,0,0,0,3,1,8,81,3,30,0,0,0,314,0
2023,202301,1482608,2.02E+12,260,390,1,1200,22,0,1440,480,1400,27200,1,240000,7,3,3,1,270,FEMALE,83,4,1,100,0,0,0,3,1,5,50,3,30,27200,20900,0,190,0
2023,202301,1120778,2.02E+12,610,390,1,1200,29,0,480,9993,9993,21500,1,242000,5,3,3,1,620,MALE,70,4,1,100,0,0,0,3,1,8,81,3,30,21500,21500,0,150,0
2023,202301,148728,2.02E+12,370,390,1,1,20,0,1800,1200,9993,60000,1,249000,6,4,1,1,360,FEMALE,32,6,7,700,1,100,0,4,1,7,71,3,30,0,0,0,168,0
2023,202301,148728,2.02E+12,370,390,1,1,20,0,1800,1200,9993,60000,1,249000,6,4,1,2,470,MALE,33,6,7,700,1,100,2,4,1,6,65,1,10,60000,0,0,168,0
2023,202301,148728,2.02E+12,370,390,1,1,20,0,1800,1200,9993,60000,1,249000,6,4,1,3,500,FEMALE,6,6,7,700,1,100,0,4,1,1,14,0,0,9999999,99999,99999,168,0
2023,202301,148728,2.02E+12,370,390,1,1,20,0,1800,1200,9993,60000,1,249000,6,4,1,4,440,MALE,4,6,7,700,1,100,0,0,1,1,11,0,0,9999999,99999,99999,168,0
2023,202301,148728,2.02E+12,370,390,1,1,20,0,1800,1200,9993,60000,1,249000,6,4,1,5,440,MALE,2,6,7,700,1,100,0,0,1,0,1,0,0,9999999,99999,99999,168,0
2023,202301,514458,2.02E+12,2280,390,1,3500,5,0,1080,2400,9993,32400,1,250000,7,4,3,1,2280,FEMALE,86,5,1,100,0,0,0,3,1,11,114,3,30,32400,18000,0,226,0
2023,202301,521548,2.02E+12,940,390,1,900,20,0,1200,960,9993,105000,1,250000,2,4,1,1,940,FEMALE,30,1,1,100,0,0,0,3,1,8,81,1,10,25000,0,0,346,0
2023,202301,521548,2.02E+12,940,390,1,900,20,0,1200,960,9993,105000,1,250000,2,4,1,2,1050,MALE,30,1,1,100,0,0,0,3,1,10,101,1,10,80000,0,0,346,0
2023,202301,521548,2.02E+12,940,390,1,900,20,0,1200,960,9993,105000,1,250000,2,4,1,3,1080,FEMALE,3,6,1,100,0,0,0,0,1,1,11,0,0,9999999,99999,99999,346,0
2023,202301,521548,2.02E+12,940,390,1,900,20,0,1200,960,9993,105000,1,250000,2,4,1,4,1080,FEMALE,1,6,1,100,0,0,0,0,1,0,1,0,0,9999999,99999,99999,346,0
2023,202301,523688,2.02E+12,820,390,1,1000,47,0,2400,9992,9993,93300,1,250000,9,5,1,1,820,MALE,69,1,1,100,0,0,0,3,1,8,81,1,10,72900,34500,0,501,0
2023,202301,523688,2.02E+12,820,390,1,1000,47,0,2400,9992,9993,93300,1,250000,9,5,1,2,720,FEMALE,69,1,1,100,0,0,0,3,1,10,101,3,30,20400,20400,0,501,0
2023,202301,526018,2.02E+12,2390,390,1,350,28,0,3600,9992,840,76000,1,250000,1,3,1,1,2400,FEMALE,28,1,8,826,1,100,0,3,2,6,63,1,10,38000,0,0,251,0
2023,202301,526018,2.02E+12,2390,390,1,350,28,0,3600,9992,840,76000,1,250000,1,3,1,2,2450,MALE,51,1,8,826,1,100,2,4,2,6,63,1,10,38000,0,0,251,0
2023,202301,526018,2.02E+12,2390,390,1,350,28,0,3600,9992,840,76000,1,250000,1,3,1,3,2530,FEMALE,5,6,8,826,1,100,0,3,2,0,2,0,0,9999999,99999,99999,251,0
2023,202301,526018,2.02E+12,2390,390,1,350,28,0,3600,9992,840,76000,1,250000,1,3,1,4,2940,FEMALE,3,6,8,826,1,100,0,0,2,0,2,0,0,9999999,99999,99999,251,0
2023,202301,526958,2.02E+12,740,390,1,1300,32,0,840,1200,9993,4900,1,250000,1,4,1,1,740,FEMALE,64,4,1,100,0,0,0,3,1,6,63,1,10,4900,0,0,32,0
2023,202301,529828,2.02E+12,340,390,1,2000,32,0,3000,9992,720,37000,1,250000,3,6,1,1,330,FEMALE,33,4,1,100,2,200,0,3,1,8,81,1,10,37000,0,0,154,0
2023,202301,529828,2.02E+12,340,390,1,2000,32,0,3000,9992,720,37000,1,250000,3,6,1,2,700,MALE,11,6,1,100,2,200,0,3,1,2,22,0,0,9999999,99999,99999,154,0
2023,202301,529828,2.02E+12,340,390,1,2000,32,0,3000,9992,720,37000,1,250000,3,6,1,3,450,FEMALE,9,6,1,100,2,200,0,3,1,1,16,0,0,9999999,99999,99999,154,0
2023,202301,530718,2.02E+12,650,390,1,740,20,0,2160,9992,9993,36930,1,250000,15,4,1,1,650,MALE,72,1,1,100,0,0,0,3,1,6,65,3,30,24930,22300,0,204,0
2023,202301,530718,2.02E+12,650,390,1,740,20,0,2160,9992,9993,36930,1,250000,15,4,1,2,580,FEMALE,74,1,1,100,0,0,0,3,1,6,63,3,30,12000,12000,0,204,0
2023,202301,535488,2.02E+12,510,390,1,800,36,0,1680,240,9993,101600,1,250000,6,4,1,1,520,FEMALE,70,4,1,100,0,0,0,3,1,5,50,3,30,14800,14800,0,103,0
2023,202301,535488,2.02E+12,510,390,1,800,36,0,1680,240,9993,101600,1,250000,6,4,1,2,640,MALE,94,5,1,100,0,0,0,3,1,5,50,1,10,86800,25800,0,501,0
2023,202301,838708,2.02E+12,570,390,1,5000,69,0,1200,480,600,90000,1,250000,7,3,1,1,570,MALE,60,1,8,826,4,460,2,6,2,0,2,1,10,50000,0,0,450,0
2023,202301,838708,2.02E+12,570,390,1,5000,69,0,1200,480,600,90000,1,250000,7,3,1,2,460,FEMALE,44,1,8,826,4,460,3,1,2,6,61,1,10,40000,0,0,450,0
2023,202301,847388,2.02E+12,440,390,1,300,65,0,1800,9992,50,130000,1,250000,5,4,1,1,440,MALE,57,1,4,400,0,0,2,3,1,11,114,1,10,100000,0,0,364,0
2023,202301,847388,2.02E+12,440,390,1,300,65,0,1800,9992,50,130000,1,250000,5,4,1,2,360,FEMALE,51,1,4,400,0,0,2,3,1,11,114,1,10,30000,0,0,364,0
2023,202301,847388,2.02E+12,440,390,1,300,65,0,1800,9992,50,130000,1,250000,5,4,1,3,720,FEMALE,14,6,4,400,0,0,0,3,1,2,26,0,0,9999999,99999,99999,364,0
2023,202301,847388,2.02E+12,440,390,1,300,65,0,1800,9992,50,130000,1,250000,5,4,1,4,540,MALE,12,6,4,400,0,0,0,3,1,2,25,0,0,9999999,99999,99999,364,0
2023,202301,847388,2.02E+12,440,390,1,300,65,0,1800,9992,50,130000,1,250000,5,4,1,5,710,FEMALE,12,6,4,400,0,0,0,3,1,2,25,0,0,9999999,99999,99999,364,0
2023,202301,860278,2.02E+12,3770,390,1,300,69,0,1800,1200,600,158200,2,250000,1,4,1,1,3770,FEMALE,78,5,8,826,3,300,2,1,2,2,23,3,30,13000,11800,0,433,0
2023,202301,860278,2.02E+12,3770,390,1,300,69,0,1800,1200,600,158200,2,250000,1,4,1,2,2450,MALE,50,1,8,826,3,300,2,5,2,10,101,1,10,75200,0,0,433,0
2023,202301,860278,2.02E+12,3770,390,1,300,69,0,1800,1200,600,158200,2,250000,1,4,1,3,2520,FEMALE,15,6,8,826,3,300,0,4,2,3,30,0,0,0,0,0,433,0
2023,202301,860278,2.02E+12,3770,390,1,300,69,0,1800,1200,600,158200,2,250000,1,4,1,4,2390,MALE,13,6,8,826,3,300,0,3,2,2,22,0,0,9999999,99999,99999,433,0
2023,202301,860278,2.02E+12,3770,390,1,300,69,0,1800,1200,600,158200,2,250000,1,4,1,5,2040,FEMALE,48,1,8,826,4,416,2,4,2,10,101,1,10,70000,0,0,433,0
2023,202301,865608,2.02E+12,1190,390,1,1,68,0,960,1800,70,73000,1,250000,3,3,1,1,1190,MALE,45,1,1,100,0,0,0,3,1,6,65,3,30,0,0,0,303,0
2023,202301,865608,2.02E+12,1190,390,1,1,68,0,960,1800,70,73000,1,250000,3,3,1,2,850,FEMALE,40,1,1,100,0,0,0,3,1,11,114,1,10,73000,0,0,303,0
2023,202301,865608,2.02E+12,1190,390,1,1,68,0,960,1800,70,73000,1,250000,3,3,1,3,500,FEMALE,3,6,1,100,0,0,0,0,1,1,11,0,0,9999999,99999,99999,303,0
2023,202301,865798,2.02E+12,490,390,1,5000,69,0,480,3000,720,99100,1,250000,1,4,1,1,490,FEMALE,24,6,7,700,4,423,0,3,1,10,101,1,10,35000,0,0,424,0
2023,202301,865798,2.02E+12,490,390,1,5000,69,0,480,3000,720,99100,1,250000,1,4,1,2,510,MALE,62,6,7,700,4,423,2,3,1,10,101,3,30,26700,17700,0,424,0
2023,202301,865798,2.02E+12,490,390,1,5000,69,0,480,3000,720,99100,1,250000,1,4,1,3,380,FEMALE,54,6,7,700,4,423,3,4,1,2,25,1,10,37400,0,0,424,0
2023,202301,867338,2.02E+12,1720,390,1,700,69,0,2160,960,2400,139600,1,250000,5,4,1,1,1720,FEMALE,42,4,1,100,0,0,2,4,1,11,114,1,10,139600,0,0,501,0
2023,202301,867338,2.02E+12,1720,390,1,700,69,0,2160,960,2400,139600,1,250000,5,4,1,2,2120,MALE,12,6,1,100,0,0,0,4,1,2,23,0,0,9999999,99999,99999,501,0
2023,202301,1113438,2.02E+12,190,390,1,1,22,0,2040,9993,9993,5200,1,250000,5,4,1,1,190,FEMALE,41,1,1,100,0,0,0,3,1,6,65,3,30,0,0,0,13,0
2023,202301,1113438,2.02E+12,190,390,1,1,22,0,2040,9993,9993,5200,1,250000,5,4,1,2,170,MALE,43,1,1,100,0,0,0,3,1,8,81,1,10,5200,0,0,13,0
2023,202301,1113438,2.02E+12,190,390,1,1,22,0,2040,9993,9993,5200,1,250000,5,4,1,3,230,FEMALE,14,6,1,100,0,0,0,3,1,2,26,0,0,9999999,99999,99999,13,0
2023,202301,1113438,2.02E+12,190,390,1,1,22,0,2040,9993,9993,5200,1,250000,5,4,1,4,160,MALE,12,6,1,100,0,0,0,3,1,2,22,0,0,9999999,99999,99999,13,0
2023,202301,1113438,2.02E+12,190,390,1,1,22,0,2040,9993,9993,5200,1,250000,5,4,1,5,170,MALE,10,6,1,100,0,0,0,3,1,1,17,0,0,9999999,99999,99999,13,0
2023,202301,1113438,2.02E+12,190,390,1,1,22,0,2040,9993,9993,5200,1,250000,5,4,1,6,170,MALE,6,6,1,100,0,0,0,3,1,1,11,0,0,9999999,99999,99999,13,0
2023,202301,1274518,2.02E+12,1080,390,1,1600,63,0,2040,720,700,145000,1,250000,7,4,1,1,1080,FEMALE,72,5,8,826,4,420,2,4,2,11,116,1,10,145000,24000,0,501,0
2023,202301,1292048,2.02E+12,1500,390,1,700,2,0,2400,480,960,65000,1,250000,15,4,1,1,1510,FEMALE,28,1,1,100,0,0,0,3,1,6,63,3,30,0,0,0,270,0
2023,202301,1292048,2.02E+12,1500,390,1,700,2,0,2400,480,960,65000,1,250000,15,4,1,2,1610,MALE,35,1,1,100,0,0,0,3,1,6,64,1,10,65000,0,0,270,0
2023,202301,1292048,2.02E+12,1500,390,1,700,2,0,2400,480,960,65000,1,250000,15,4,1,3,1510,MALE,3,6,1,100,0,0,0,0,1,0,2,0,0,9999999,99999,99999,270,0
2023,202301,1307458,2.02E+12,530,390,1,3900,66,0,3000,480,100,146000,1,250000,9,3,1,1,530,MALE,61,1,4,400,0,0,2,4,1,11,116,1,10,72500,0,0,501,0
2023,202301,1307458,2.02E+12,530,390,1,3900,66,0,3000,480,100,146000,1,250000,9,3,1,2,400,FEMALE,64,1,4,400,0,0,2,5,1,10,101,1,10,52500,0,0,501,0
2023,202301,1307458,2.02E+12,530,390,1,3900,66,0,3000,480,100,146000,1,250000,9,3,1,3,670,MALE,23,6,4,400,0,0,0,3,1,7,71,1,10,21000,0,0,501,0
2023,202301,1335738,2.02E+12,320,390,1,5000,22,0,2400,1200,900,50000,1,250000,3,5,1,1,320,MALE,65,5,1,100,0,0,0,3,1,7,71,3,30,50000,20000,0,244,0
2023,202301,1335738,2.02E+12,320,390,1,5000,22,0,2400,1200,900,50000,1,250000,3,5,1,2,340,MALE,16,6,8,826,1,100,0,3,2,3,30,3,30,0,0,0,244,0
2023,202301,1341138,2.02E+12,490,390,1,1,21,0,2400,9993,9993,1100,2,250000,15,3,1,1,490,MALE,30,6,1,100,0,0,0,3,1,10,101,1,10,1100,0,0,5,0
2023,202301,1341138,2.02E+12,490,390,1,1,21,0,2400,9993,9993,1100,2,250000,15,3,1,2,590,FEMALE,30,6,1,100,0,0,0,3,1,10,101,3,30,0,0,0,5,0
2023,202301,1364408,2.02E+12,370,390,1,3200,61,0,5400,360,720,112300,1,250000,5,4,1,1,370,MALE,82,1,1,100,0,0,0,3,1,10,101,3,30,100800,23200,0,501,0
2023,202301,1364408,2.02E+12,370,390,1,3200,61,0,5400,360,720,112300,1,250000,5,4,1,2,400,FEMALE,82,1,1,100,0,0,0,3,1,6,63,3,30,11500,11500,0,501,0
2023,202301,1480368,2.02E+12,1790,390,1,850,32,0,3240,9993,60,47300,1,250000,5,4,1,1,1790,FEMALE,77,5,1,100,0,0,0,3,1,6,63,3,30,47300,8000,0,330,0
2023,202301,177158,2.02E+12,520,390,1,900,25,0,1680,9992,1900,45000,1,252000,6,4,1,1,520,MALE,46,1,8,826,1,100,3,5,2,4,40,1,10,16000,0,0,126,0
2023,202301,177158,2.02E+12,520,390,1,900,25,0,1680,9992,1900,45000,1,252000,6,4,1,2,630,FEMALE,42,1,8,826,1,100,3,6,2,6,64,1,10,29000,0,0,126,0
2023,202301,177158,2.02E+12,520,390,1,900,25,0,1680,9992,1900,45000,1,252000,6,4,1,3,880,FEMALE,17,6,8,826,1,100,0,4,2,5,50,3,30,0,0,0,126,0
2023,202301,177158,2.02E+12,520,390,1,900,25,0,1680,9992,1900,45000,1,252000,6,4,1,4,730,FEMALE,14,6,8,826,1,100,0,4,2,2,26,0,0,9999999,99999,99999,126,0
2023,202301,177158,2.02E+12,520,390,1,900,25,0,1680,9992,1900,45000,1,252000,6,4,1,5,610,MALE,12,6,8,826,1,100,0,4,2,2,23,0,0,9999999,99999,99999,126,0
2023,202301,516528,2.02E+12,1660,390,1,700,29,0,1200,720,360,74000,1,260000,7,4,1,1,1670,FEMALE,48,4,1,100,0,0,0,3,1,11,114,1,10,74000,0,0,476,0
2023,202301,852348,2.02E+12,800,390,1,380,64,0,1440,3840,700,108700,1,260000,1,4,1,1,800,FEMALE,63,6,2,200,0,0,0,3,1,7,71,1,10,108700,2100,0,501,0
2023,202301,1292528,2.02E+12,420,390,1,2100,42,0,960,840,1200,85000,1,260000,7,4,1,1,420,FEMALE,68,6,1,100,0,0,0,3,1,11,114,3,30,85000,0,0,501,0
2023,202301,1310458,2.02E+12,160,390,1,1200,52,0,1680,9993,600,75000,1,260000,9,4,1,1,160,MALE,37,1,1,100,0,0,0,3,1,7,71,1,10,61000,0,0,375,0
2023,202301,1310458,2.02E+12,160,390,1,1200,52,0,1680,9993,600,75000,1,260000,9,4,1,2,160,FEMALE,33,1,1,100,0,0,0,3,1,8,81,1,10,14000,0,0,375,0
2023,202301,1346758,2.02E+12,3130,390,1,2400,48,0,2400,240,150,91500,1,260000,7,5,1,1,3120,MALE,22,6,8,826,1,100,0,3,2,6,63,1,10,50000,0,0,272,0
2023,202301,1346758,2.02E+12,3130,390,1,2400,48,0,2400,240,150,91500,1,260000,7,5,1,2,3380,FEMALE,25,2,8,826,1,100,0,4,2,6,63,3,30,15500,0,0,272,0
2023,202301,1346758,2.02E+12,3130,390,1,2400,48,0,2400,240,150,91500,1,260000,7,5,1,3,4860,MALE,6,6,8,826,1,100,0,3,2,1,12,0,0,9999999,99999,99999,272,0
2023,202301,1346758,2.02E+12,3130,390,1,2400,48,0,2400,240,150,91500,1,260000,7,5,1,4,3220,MALE,26,2,8,826,1,100,0,3,2,6,63,1,10,26000,0,0,167,0
2023,202301,1341598,2.02E+12,230,390,1,500,32,0,2640,840,1300,80000,1,267000,3,3,1,1,230,FEMALE,55,1,1,100,0,0,0,3,1,8,81,1,12,80000,0,0,342,0
2023,202301,1341598,2.02E+12,230,390,1,500,32,0,2640,840,1300,80000,1,267000,3,3,1,2,300,MALE,54,1,1,100,0,0,0,3,1,7,71,3,30,0,0,0,342,0
2023,202301,1341598,2.02E+12,230,390,1,500,32,0,2640,840,1300,80000,1,267000,3,3,1,3,890,FEMALE,18,6,1,100,0,0,0,3,1,5,50,3,30,0,0,0,342,0
2023,202301,538918,2.02E+12,2690,390,1,2800,42,0,4800,9992,9993,78400,1,270000,4,6,1,1,2690,FEMALE,56,1,1,100,0,0,0,3,1,6,64,1,10,41000,0,0,186,0
2023,202301,538918,2.02E+12,2690,390,1,2800,42,0,4800,9992,9993,78400,1,270000,4,6,1,2,2880,MALE,56,1,1,100,0,0,0,3,1,2,26,1,10,20000,0,0,186,0
2023,202301,538918,2.02E+12,2690,390,1,2800,42,0,4800,9992,9993,78400,1,270000,4,6,1,3,3620,MALE,36,4,1,100,0,0,0,3,1,2,26,3,30,5400,0,0,186,0
2023,202301,538918,2.02E+12,2690,390,1,2800,42,0,4800,9992,9993,78400,1,270000,4,6,1,4,3860,MALE,28,6,1,100,0,0,0,3,1,6,63,1,10,12000,0,0,186,0
2023,202301,538918,2.02E+12,2690,390,1,2800,42,0,4800,9992,9993,78400,1,270000,4,6,1,5,3490,FEMALE,17,6,1,100,0,0,0,3,1,6,61,3,30,0,0,0,186,0
2023,202301,538918,2.02E+12,2690,390,1,2800,42,0,4800,9992,9993,78400,1,270000,4,6,1,6,3160,MALE,4,6,1,100,0,0,0,0,1,0,2,0,0,9999999,99999,99999,186,0
2023,202301,1294978,2.02E+12,1120,390,1,2000,65,0,2640,480,120,105200,2,270000,25,5,1,1,1120,MALE,30,1,1,100,1,100,0,3,1,6,63,1,10,27000,0,0,227,0
2023,202301,1294978,2.02E+12,1120,390,1,2000,65,0,2640,480,120,105200,2,270000,25,5,1,2,1140,FEMALE,35,1,1,100,1,100,0,4,1,11,114,3,30,66200,41200,0,227,0
2023,202301,1294978,2.02E+12,1120,390,1,2000,65,0,2640,480,120,105200,2,270000,25,5,1,3,1420,MALE,3,6,1,100,1,100,0,0,1,0,2,0,0,9999999,99999,99999,227,0
2023,202301,1294978,2.02E+12,1120,390,1,2000,65,0,2640,480,120,105200,2,270000,25,5,1,4,1160,FEMALE,3,6,1,100,1,100,0,0,1,0,2,0,0,9999999,99999,99999,227,0
2023,202301,1294978,2.02E+12,1120,390,1,2000,65,0,2640,480,120,105200,2,270000,25,5,1,5,1150,FEMALE,1,6,1,100,1,100,0,0,1,0,1,0,0,9999999,99999,99999,227,0
2023,202301,1294978,2.02E+12,1120,390,1,2000,65,0,2640,480,120,105200,2,270000,25,5,1,6,1390,MALE,18,6,1,100,1,100,0,3,1,7,71,1,10,12000,0,0,227,0
2023,202301,1294978,2.02E+12,1120,390,1,2000,65,0,2640,480,120,105200,2,270000,25,5,1,7,780,FEMALE,13,6,1,100,1,100,0,3,1,2,23,0,0,9999999,99999,99999,227,0
2023,202301,1343898,2.02E+12,1620,390,1,450,25,0,960,360,80,81500,1,270000,3,4,1,1,1630,FEMALE,58,4,8,826,1,100,0,3,2,7,71,1,10,51500,0,0,407,0
2023,202301,1343898,2.02E+12,1620,390,1,450,25,0,960,360,80,81500,1,270000,3,4,1,2,1420,FEMALE,27,2,8,826,1,100,0,3,2,6,63,1,10,30000,0,0,407,0
2023,202301,199888,2.02E+12,1390,390,1,1200,23,0,4800,9993,1400,62000,1,275000,7,4,1,1,1380,MALE,40,1,8,826,1,100,2,4,2,7,71,1,10,62000,0,0,174,0
2023,202301,199888,2.02E+12,1390,390,1,1200,23,0,4800,9993,1400,62000,1,275000,7,4,1,2,1430,FEMALE,40,1,8,826,1,100,3,4,2,7,71,3,30,0,0,0,174,0
2023,202301,199888,2.02E+12,1390,390,1,1200,23,0,4800,9993,1400,62000,1,275000,7,4,1,3,1640,FEMALE,11,6,8,826,1,100,0,4,2,2,23,0,0,9999999,99999,99999,174,0
2023,202301,199888,2.02E+12,1390,390,1,1200,23,0,4800,9993,1400,62000,1,275000,7,4,1,4,1660,FEMALE,6,6,8,826,1,100,0,4,2,1,15,0,0,9999999,99999,99999,174,0
2023,202301,199888,2.02E+12,1390,390,1,1200,23,0,4800,9993,1400,62000,1,275000,7,4,1,5,1430,FEMALE,4,6,8,826,1,100,0,0,2,0,2,0,0,9999999,99999,99999,174,0
2023,202301,839768,2.02E+12,400,390,1,1,68,0,3480,1800,130,141800,1,275000,3,5,1,1,410,MALE,57,1,7,700,2,200,0,4,1,7,71,1,10,85000,0,0,501,0
2023,202301,839768,2.02E+12,400,390,1,1,68,0,3480,1800,130,141800,1,275000,3,5,1,2,630,FEMALE,62,1,7,700,2,200,0,4,1,8,81,3,30,56800,1500,0,501,0
2023,202301,839768,2.02E+12,400,390,1,1,68,0,3480,1800,130,141800,1,275000,3,5,1,3,360,MALE,22,6,7,700,2,200,0,4,1,10,101,2,20,0,0,0,501,0
2023,202301,1120398,2.02E+12,1730,390,1,850,26,0,1080,9993,1000,15800,2,275000,3,3,1,1,1730,FEMALE,74,4,1,100,0,0,0,3,1,6,65,3,30,15800,15800,0,110,0
2023,202301,1126518,2.02E+12,930,390,1,3600,33,0,3120,600,620,190700,1,275000,9,3,1,1,930,MALE,78,1,1,100,0,0,1,3,1,10,101,3,30,190700,36300,0,501,0
2023,202301,1126518,2.02E+12,930,390,1,3600,33,0,3120,600,620,190700,1,275000,9,3,1,2,1290,FEMALE,73,1,1,100,0,0,0,3,1,11,114,3,30,0,0,0,501,0
2023,202301,1290288,2.02E+12,2460,390,1,3000,42,0,3840,9993,720,25000,1,275000,7,4,1,1,2460,MALE,50,1,1,100,0,0,0,3,1,6,63,1,10,25000,0,0,125,0
2023,202301,1290288,2.02E+12,2460,390,1,3000,42,0,3840,9993,720,25000,1,275000,7,4,1,2,1840,FEMALE,60,1,1,100,0,0,0,3,1,6,63,3,30,0,0,0,125,0
2023,202301,538138,2.02E+12,510,390,1,1000,20,0,2400,360,20,170700,1,279000,5,6,1,1,510,MALE,45,1,1,100,0,0,0,3,1,6,63,1,10,120000,0,0,501,0
2023,202301,538138,2.02E+12,510,390,1,1000,20,0,2400,360,20,170700,1,279000,5,6,1,2,790,FEMALE,41,1,1,100,0,0,0,3,1,10,101,1,10,50000,0,0,501,0
2023,202301,538138,2.02E+12,510,390,1,1000,20,0,2400,360,20,170700,1,279000,5,6,1,3,590,FEMALE,18,6,1,100,0,0,0,3,1,6,63,1,10,700,0,0,501,0
2023,202301,538138,2.02E+12,510,390,1,1000,20,0,2400,360,20,170700,1,279000,5,6,1,4,800,FEMALE,16,6,1,100,0,0,0,3,1,5,50,3,30,0,0,0,501,0
2023,202301,853958,2.02E+12,3350,390,1,4000,66,0,1800,960,800,154800,1,280000,3,3,1,1,3350,MALE,69,4,2,200,0,0,0,3,1,10,101,1,10,154800,0,0,501,0
2023,202301,1111248,2.02E+12,370,390,1,1200,24,0,1440,9993,40,74000,1,280000,6,2,1,1,380,FEMALE,67,4,1,100,0,0,0,3,1,11,114,3,30,74000,24000,0,501,0
2023,202301,1319848,2.02E+12,660,390,1,3500,64,0,3600,240,1000,180000,1,280000,9,5,1,1,650,MALE,52,1,1,100,0,0,0,3,1,6,63,2,20,110000,0,10000,501,0
2023,202301,1319848,2.02E+12,660,390,1,3500,64,0,3600,240,1000,180000,1,280000,9,5,1,2,570,FEMALE,49,1,7,700,4,414,2,4,1,7,71,1,10,70000,0,0,501,0
2023,202301,1366438,2.02E+12,290,390,1,5800,42,0,5400,9992,780,106300,1,280000,3,4,1,1,280,FEMALE,27,1,1,100,0,0,0,3,1,8,81,3,30,36300,0,0,442,0
2023,202301,1366438,2.02E+12,290,390,1,5800,42,0,5400,9992,780,106300,1,280000,3,4,1,2,280,MALE,27,1,1,100,0,0,0,3,1,8,81,1,10,70000,0,0,442,0
2023,202301,1366438,2.02E+12,290,390,1,5800,42,0,5400,9992,780,106300,1,280000,3,4,1,3,270,MALE,2,6,1,100,0,0,0,0,1,0,1,0,0,9999999,99999,99999,442,0
2023,202301,1281628,2.02E+12,190,390,1,2700,49,0,2160,480,1000,47000,1,285000,4,4,1,1,190,FEMALE,54,4,1,100,0,0,0,3,1,6,63,3,30,17800,0,0,235,0
2023,202301,1281628,2.02E+12,190,390,1,2700,49,0,2160,480,1000,47000,1,285000,4,4,1,2,130,MALE,28,6,1,100,0,0,0,3,1,10,101,1,10,29200,0,0,235,0
2023,202301,1377548,2.02E+12,650,390,1,600,32,0,2400,480,200,115000,1,286000,26,5,2,1,650,MALE,77,1,1,100,0,0,0,6,1,11,114,1,10,113000,30000,0,379,0
2023,202301,1377548,2.02E+12,650,390,1,600,32,0,2400,480,200,115000,1,286000,26,5,2,2,860,FEMALE,41,1,8,826,4,416,0,4,2,6,63,3,30,0,0,0,379,0
2023,202301,1377548,2.02E+12,650,390,1,600,32,0,2400,480,200,115000,1,286000,26,5,2,3,1170,FEMALE,17,6,8,826,1,100,0,4,2,5,50,1,10,2000,0,0,379,0
2023,202301,1377548,2.02E+12,650,390,1,600,32,0,2400,480,200,115000,1,286000,26,5,2,4,820,FEMALE,11,6,8,826,1,100,0,4,2,1,17,0,0,9999999,99999,99999,379,0
2023,202301,512758,2.02E+12,550,390,1,1500,36,0,2880,2160,9993,104010,1,288000,6,6,1,1,540,MALE,49,1,1,100,0,0,0,3,1,6,65,1,10,70000,0,0,252,0
2023,202301,512758,2.02E+12,550,390,1,1500,36,0,2880,2160,9993,104010,1,288000,6,6,1,2,700,FEMALE,46,1,1,100,0,0,0,3,1,5,50,1,10,18600,0,0,252,0
2023,202301,512758,2.02E+12,550,390,1,1500,36,0,2880,2160,9993,104010,1,288000,6,6,1,3,980,MALE,17,6,1,100,0,0,0,3,1,4,40,3,30,0,0,0,252,0
2023,202301,512758,2.02E+12,550,390,1,1500,36,0,2880,2160,9993,104010,1,288000,6,6,1,4,620,FEMALE,19,6,1,100,0,0,0,3,1,6,63,1,10,15410,0,0,252,0
2023,202301,512758,2.02E+12,550,390,1,1500,36,0,2880,2160,9993,104010,1,288000,6,6,1,5,970,MALE,15,6,1,100,0,0,0,3,1,2,26,0,0,0,0,0,252,0
2023,202301,512758,2.02E+12,550,390,1,1500,36,0,2880,2160,9993,104010,1,288000,6,6,1,6,970,FEMALE,12,6,1,100,0,0,0,3,1,2,22,0,0,9999999,99999,99999,252,0
2023,202301,1313208,2.02E+12,730,390,1,800,50,0,4440,840,480,52500,1,289000,9,4,1,1,740,FEMALE,42,1,2,200,0,0,0,3,1,8,81,1,10,49000,0,0,173,0
2023,202301,1313208,2.02E+12,730,390,1,800,50,0,4440,840,480,52500,1,289000,9,4,1,2,720,MALE,50,1,2,200,0,0,0,3,1,7,71,1,10,3500,0,0,173,0
2023,202301,1313208,2.02E+12,730,390,1,800,50,0,4440,840,480,52500,1,289000,9,4,1,3,660,FEMALE,16,6,2,200,0,0,0,3,1,4,40,3,30,0,0,0,173,0
2023,202301,1313208,2.02E+12,730,390,1,800,50,0,4440,840,480,52500,1,289000,9,4,1,4,520,MALE,12,6,2,200,0,0,0,3,1,2,25,0,0,9999999,99999,99999,173,0
2023,202301,520168,2.02E+12,250,390,1,1,66,0,1800,9992,650,89000,1,290000,9,4,1,1,240,MALE,25,1,1,100,0,0,0,3,1,6,65,1,10,39000,0,0,370,0
2023,202301,520168,2.02E+12,250,390,1,1,66,0,1800,9992,650,89000,1,290000,9,4,1,2,270,FEMALE,25,1,1,100,0,0,0,3,1,7,71,1,12,50000,0,0,370,0
2023,202301,520168,2.02E+12,250,390,1,1,66,0,1800,9992,650,89000,1,290000,9,4,1,3,320,FEMALE,0,6,1,100,0,0,0,0,1,0,1,0,0,9999999,99999,99999,370,0
2023,202301,1117448,2.02E+12,850,390,1,900,32,0,2520,1200,40,15320,1,290000,3,3,1,1,840,FEMALE,81,1,1,100,0,0,0,3,1,7,71,3,30,12900,12900,0,85,0
2023,202301,1117448,2.02E+12,850,390,1,900,32,0,2520,1200,40,15320,1,290000,3,3,1,2,720,MALE,82,1,1,100,0,0,0,3,1,6,64,3,30,2420,2400,0,85,0
2023,202301,1119898,2.02E+12,750,390,1,1100,37,0,1800,9993,600,112000,1,290000,1,3,1,1,750,FEMALE,35,6,1,100,0,0,0,3,1,11,114,1,10,38000,0,0,501,0
2023,202301,1119898,2.02E+12,750,390,1,1100,37,0,1800,9993,600,112000,1,290000,1,3,1,2,680,MALE,39,4,1,100,0,0,0,3,1,10,101,1,10,74000,0,0,501,0
2023,202301,866888,2.02E+12,630,390,1,1,69,0,6000,1200,150,173000,1,299000,4,4,1,1,630,MALE,39,1,8,826,0,0,2,4,2,8,81,1,10,100000,0,0,501,0
2023,202301,866888,2.02E+12,630,390,1,1,69,0,6000,1200,150,173000,1,299000,4,4,1,2,570,FEMALE,35,1,8,826,4,450,0,4,2,10,101,1,10,73000,0,0,501,0
2023,202301,866888,2.02E+12,630,390,1,1,69,0,6000,1200,150,173000,1,299000,4,4,1,3,350,FEMALE,3,6,1,100,0,0,0,0,1,1,12,0,0,9999999,99999,99999,501,0
2023,202301,866888,2.02E+12,630,390,1,1,69,0,6000,1200,150,173000,1,299000,4,4,1,4,350,FEMALE,0,6,1,100,0,0,0,0,1,0,1,0,0,9999999,99999,99999,501,0
2023,202301,204938,2.02E+12,490,390,1,2200,44,0,3600,2400,900,14400,1,300000,6,5,3,1,490,MALE,76,5,2,200,0,0,0,3,1,10,101,3,30,14400,13200,0,100,0
2023,202301,207978,2.02E+12,880,390,1,2000,48,0,8640,9992,1700,419800,1,300000,9,5,1,1,870,MALE,59,1,1,100,0,0,0,3,1,8,81,1,10,403400,0,0,501,0
2023,202301,207978,2.02E+12,880,390,1,2000,48,0,8640,9992,1700,419800,1,300000,9,5,1,2,1180,FEMALE,57,1,1,100,0,0,0,3,1,8,81,1,10,16400,0,0,501,0
2023,202301,522538,2.02E+12,1010,390,1,1500,46,0,3000,3000,90,155000,1,300000,5,5,1,1,1010,FEMALE,52,1,1,100,0,0,0,3,1,8,81,1,10,70000,0,0,501,0
2023,202301,522538,2.02E+12,1010,390,1,1500,46,0,3000,3000,90,155000,1,300000,5,5,1,2,1190,MALE,57,1,1,100,0,0,0,3,1,8,81,1,10,80000,0,0,501,0
2023,202301,522538,2.02E+12,1010,390,1,1500,46,0,3000,3000,90,155000,1,300000,5,5,1,3,1710,FEMALE,22,6,1,100,0,0,0,3,1,10,101,1,10,5000,0,0,501,0
2023,202301,851538,2.02E+12,920,390,1,1000,65,0,2520,240,30,99000,1,300000,2,4,1,1,910,FEMALE,80,4,1,100,0,0,0,3,1,11,114,3,30,99000,0,0,501,0
2023,202301,854408,2.02E+12,1730,390,1,850,69,0,1080,360,2300,123600,1,300000,3,5,1,1,1730,MALE,74,1,8,826,2,200,0,4,2,10,101,3,30,28300,23800,0,501,0
2023,202301,854408,2.02E+12,1730,390,1,850,69,0,1080,360,2300,123600,1,300000,3,5,1,2,1610,FEMALE,72,1,8,826,4,423,2,5,2,4,40,3,30,95300,28300,0,501,0
2023,202301,859158,2.02E+12,690,390,1,1400,63,0,2400,9993,1000,260900,1,300000,4,3,1,1,690,FEMALE,69,1,1,100,0,0,0,5,1,10,101,3,30,161000,20000,0,501,0
2023,202301,859158,2.02E+12,690,390,1,1400,63,0,2400,9993,1000,260900,1,300000,4,3,1,2,790,MALE,68,1,3,361,0,0,0,5,1,11,114,3,30,99900,20000,0,501,0
2023,202301,864798,2.02E+12,580,390,1,640,65,0,960,600,600,90800,1,300000,6,4,1,1,580,FEMALE,64,1,7,700,2,200,0,4,1,6,63,1,10,48000,0,0,454,0
2023,202301,864798,2.02E+12,580,390,1,640,65,0,960,600,600,90800,1,300000,6,4,1,2,620,MALE,74,1,7,700,1,100,2,5,1,6,64,3,30,42800,33800,0,454,0
2023,202301,1116448,2.02E+12,560,390,1,450,30,0,1800,9993,50,75000,1,300000,1,3,1,1,560,MALE,36,6,1,100,0,0,0,3,1,10,101,1,10,75000,0,0,482,0
2023,202301,1121168,2.02E+12,550,390,1,1,35,0,1920,360,800,62000,1,300000,4,4,1,1,560,FEMALE,48,6,1,100,0,0,0,3,1,11,114,1,10,62000,0,0,301,0
2023,202301,1121168,2.02E+12,550,390,1,1,35,0,1920,360,800,62000,1,300000,4,4,1,2,560,MALE,7,6,1,100,0,0,0,3,1,1,14,0,0,9999999,99999,99999,301,0
2023,202301,1122388,2.02E+12,940,390,1,1,1,0,2160,9993,430,4700,2,300000,3,4,2,1,950,FEMALE,65,6,8,826,0,0,0,3,2,10,101,3,30,4700,4700,0,26,0
2023,202301,1122388,2.02E+12,940,390,1,1,1,0,2160,9993,430,4700,2,300000,3,4,2,2,800,MALE,63,6,8,826,0,0,0,3,2,7,71,3,30,0,0,0,26,0
2023,202301,1124378,2.02E+12,560,390,1,1300,32,0,960,9993,9993,42000,2,300000,6,3,3,1,550,FEMALE,78,4,1,100,0,0,0,3,1,8,81,3,30,42000,24000,0,293,0
2023,202301,1126368,2.02E+12,840,390,1,500,27,0,960,9993,9993,11500,1,300000,9,3,2,1,840,FEMALE,73,4,1,100,0,0,0,3,1,11,116,3,30,11500,11500,0,80,0
2023,202301,1126408,2.02E+12,480,390,1,940,63,0,1200,9993,2800,47400,1,300000,6,4,1,1,490,MALE,76,4,1,100,0,0,0,3,1,11,115,3,30,47400,44900,0,331,0
2023,202301,1310708,2.02E+12,490,390,1,2000,33,0,1800,2160,840,76900,2,300000,4,4,1,1,490,FEMALE,87,5,1,100,0,0,0,3,1,6,63,3,30,76900,14400,0,501,0
2023,202301,1321558,2.02E+12,560,390,1,750,37,0,9993,9993,1000,21800,1,300000,7,4,1,1,570,MALE,69,1,7,700,1,100,0,4,1,6,63,3,30,11000,0,0,121,0
2023,202301,1321558,2.02E+12,560,390,1,750,37,0,9993,9993,1000,21800,1,300000,7,4,1,2,580,FEMALE,68,1,7,700,1,100,0,4,1,6,63,3,30,10800,10800,0,121,0
2023,202301,1347908,2.02E+12,780,390,1,2400,52,0,4680,9993,9993,122100,1,300000,9,4,1,1,780,FEMALE,48,1,1,100,0,0,0,3,1,6,64,1,10,42100,0,0,501,0
2023,202301,1347908,2.02E+12,780,390,1,2400,52,0,4680,9993,9993,122100,1,300000,9,4,1,2,460,MALE,52,1,1,100,0,0,0,3,1,6,63,1,10,80000,0,0,501,0
2023,202301,1376558,2.02E+12,430,390,1,2000,66,0,9990,2400,500,134200,1,300000,9,6,1,1,420,MALE,55,1,1,100,0,0,2,4,1,11,115,1,10,93000,0,0,356,0
2023,202301,1376558,2.02E+12,430,390,1,2000,66,0,9990,2400,500,134200,1,300000,9,6,1,2,500,FEMALE,46,1,8,801,0,0,2,4,2,8,81,1,10,22000,0,0,356,0
2023,202301,1376558,2.02E+12,430,390,1,2000,66,0,9990,2400,500,134200,1,300000,9,6,1,3,760,MALE,22,6,8,801,0,0,2,3,2,7,71,1,10,19200,0,0,356,0
2023,202301,1376558,2.02E+12,430,390,1,2000,66,0,9990,2400,500,134200,1,300000,9,6,1,4,770,MALE,19,6,8,801,0,0,3,3,2,7,71,3,30,0,0,0,356,0
2023,202301,1376558,2.02E+12,430,390,1,2000,66,0,9990,2400,500,134200,1,300000,9,6,1,5,700,FEMALE,16,6,8,801,0,0,3,3,2,3,30,3,30,0,0,0,356,0
2023,202301,1379748,2.02E+12,690,390,1,4000,65,0,3000,600,9993,110000,1,300000,5,5,1,1,680,FEMALE,71,1,1,100,0,0,0,3,1,11,114,3,30,38000,0,0,501,0
2023,202301,1379748,2.02E+12,690,390,1,4000,65,0,3000,600,9993,110000,1,300000,5,5,1,2,360,MALE,74,1,8,802,0,0,0,3,2,6,65,3,30,72000,15000,0,501,0
2023,202301,184608,2.02E+12,2130,390,1,600,40,0,2640,1200,1200,78000,1,301000,5,3,1,1,2130,MALE,54,1,8,826,1,100,3,5,2,0,2,1,10,38000,0,0,334,0
2023,202301,184608,2.02E+12,2130,390,1,600,40,0,2640,1200,1200,78000,1,301000,5,3,1,2,1900,FEMALE,53,1,8,826,1,100,3,3,2,0,2,3,30,0,0,0,334,0
2023,202301,184608,2.02E+12,2130,390,1,600,40,0,2640,1200,1200,78000,1,301000,5,3,1,3,1650,MALE,29,6,8,826,1,100,0,3,2,10,101,1,10,40000,0,0,334,0
2023,202301,524918,2.02E+12,830,390,1,1900,24,0,9993,3600,9993,112000,1,310000,9,5,3,1,830,MALE,22,1,1,100,0,0,0,4,1,2,26,1,10,70000,0,0,501,0
2023,202301,524918,2.02E+12,830,390,1,1900,24,0,9993,3600,9993,112000,1,310000,9,5,3,2,740,FEMALE,21,1,1,100,0,0,0,4,1,2,26,3,30,42000,0,0,501,0
2023,202301,1338778,2.02E+12,390,390,1,2500,64,0,1680,360,860,56020,1,310000,15,4,1,1,400,MALE,74,1,1,100,0,0,0,3,1,6,64,3,30,26620,26600,0,310,0
2023,202301,1338778,2.02E+12,390,390,1,2500,64,0,1680,360,860,56020,1,310000,15,4,1,2,410,FEMALE,73,1,1,100,0,0,0,3,1,6,63,3,30,29400,23100,0,310,0
2023,202301,1120908,2.02E+12,840,390,1,1100,49,0,1320,9993,1200,37600,1,315000,5,4,1,1,840,MALE,73,1,1,100,0,0,0,3,1,7,71,3,30,23300,21500,0,208,0
2023,202301,1120908,2.02E+12,840,390,1,1100,49,0,1320,9993,1200,37600,1,315000,5,4,1,2,910,FEMALE,81,1,1,100,0,0,0,3,1,6,65,3,30,14300,14300,0,208,0
2023,202301,521668,2.02E+12,510,390,1,1000,40,0,2040,2040,9993,199700,1,325000,7,4,1,1,510,MALE,75,1,1,100,0,0,0,3,1,11,115,3,30,41200,22000,0,501,0
2023,202301,521668,2.02E+12,510,390,1,1000,40,0,2040,2040,9993,199700,1,325000,7,4,1,2,510,FEMALE,75,1,1,100,0,0,2,4,1,10,101,3,30,158500,18500,0,501,0
2023,202301,537018,2.02E+12,1040,390,1,900,48,0,4320,9992,1500,122700,1,325000,3,6,1,1,1040,MALE,53,1,1,100,0,0,0,3,1,6,65,1,10,57000,0,0,325,0
2023,202301,537018,2.02E+12,1040,390,1,900,48,0,4320,9992,1500,122700,1,325000,3,6,1,2,1030,FEMALE,54,1,1,100,0,0,0,3,1,10,101,1,10,42000,0,0,325,0
2023,202301,537018,2.02E+12,1040,390,1,900,48,0,4320,9992,1500,122700,1,325000,3,6,1,3,1670,FEMALE,22,6,1,100,0,0,0,3,1,6,63,1,12,9900,0,0,325,0
2023,202301,537018,2.02E+12,1040,390,1,900,48,0,4320,9992,1500,122700,1,325000,3,6,1,4,1550,MALE,14,6,1,100,0,0,0,3,1,2,26,0,0,9999999,99999,99999,325,0
2023,202301,537018,2.02E+12,1040,390,1,900,48,0,4320,9992,1500,122700,1,325000,3,6,1,5,1130,FEMALE,73,5,1,100,0,0,0,3,1,6,63,3,30,13800,9000,0,325,0
2023,202301,841268,2.02E+12,2100,390,1,1000,69,0,1560,3000,80,158000,1,325000,3,5,1,1,2100,MALE,50,4,7,700,4,422,2,5,1,6,63,1,10,120000,0,0,396,0
2023,202301,841268,2.02E+12,2100,390,1,1000,69,0,1560,3000,80,158000,1,325000,3,5,1,2,2040,FEMALE,46,4,7,700,4,460,2,5,1,10,101,1,10,38000,0,0,396,0
2023,202301,841268,2.02E+12,2100,390,1,1000,69,0,1560,3000,80,158000,1,325000,3,5,1,3,1830,MALE,13,6,7,700,2,200,0,3,1,2,26,0,0,9999999,99999,99999,396,0
2023,202301,841268,2.02E+12,2100,390,1,1000,69,0,1560,3000,80,158000,1,325000,3,5,1,4,2460,FEMALE,17,6,7,700,4,460,0,4,1,5,50,3,30,0,0,0,396,0
2023,202301,841268,2.02E+12,2100,390,1,1000,69,0,1560,3000,80,158000,1,325000,3,5,1,5,2050,MALE,15,6,7,700,2,200,0,3,1,3,30,0,0,0,0,0,396,0
2023,202301,841268,2.02E+12,2100,390,1,1000,69,0,1560,3000,80,158000,1,325000,3,5,1,6,1480,FEMALE,11,6,7,700,4,460,0,4,1,2,23,0,0,9999999,99999,99999,396,0
2023,202301,854958,2.02E+12,1300,390,1,1,68,0,1320,480,480,166000,1,325000,4,4,1,1,1310,FEMALE,41,1,1,100,0,0,0,4,1,11,114,1,10,86000,0,0,501,0
2023,202301,854958,2.02E+12,1300,390,1,1,68,0,1320,480,480,166000,1,325000,4,4,1,2,1710,MALE,41,1,1,100,0,0,3,4,1,6,63,1,10,80000,0,0,501,0
2023,202301,854958,2.02E+12,1300,390,1,1,68,0,1320,480,480,166000,1,325000,4,4,1,3,1550,MALE,14,6,1,100,0,0,0,4,1,3,30,0,0,9999999,99999,99999,501,0
2023,202301,854958,2.02E+12,1300,390,1,1,68,0,1320,480,480,166000,1,325000,4,4,1,4,1320,FEMALE,6,6,1,100,0,0,0,4,1,1,14,0,0,9999999,99999,99999,501,0
2023,202301,1111408,2.02E+12,560,390,1,2200,44,0,2520,9993,9993,96100,1,325000,7,4,1,1,560,FEMALE,70,4,1,100,0,0,0,3,1,8,81,1,10,54700,17500,0,411,0
2023,202301,1111408,2.02E+12,560,390,1,2200,44,0,2520,9993,9993,96100,1,325000,7,4,1,2,770,MALE,56,4,8,802,0,0,0,3,2,6,63,1,12,24000,0,0,411,0
2023,202301,1111408,2.02E+12,560,390,1,2200,44,0,2520,9993,9993,96100,1,325000,7,4,1,3,420,FEMALE,46,4,1,100,0,0,0,3,1,4,40,1,10,17400,0,0,411,0
2023,202301,1117788,2.02E+12,710,390,1,790,52,0,2280,9993,540,112900,1,325000,4,4,1,1,710,MALE,46,1,1,100,0,0,0,3,1,11,114,1,10,79000,0,0,501,0
2023,202301,1117788,2.02E+12,710,390,1,790,52,0,2280,9993,540,112900,1,325000,4,4,1,2,670,FEMALE,43,1,1,100,0,0,0,3,1,11,114,1,10,33900,0,0,501,0
2023,202301,1348608,2.02E+12,710,390,1,2400,63,0,1200,840,1100,159000,1,325000,25,4,1,1,710,MALE,60,1,1,100,0,0,0,3,1,7,71,1,10,110000,0,0,501,0
2023,202301,1348608,2.02E+12,710,390,1,2400,63,0,1200,840,1100,159000,1,325000,25,4,1,2,660,FEMALE,61,1,1,100,0,0,0,3,1,7,71,1,10,49000,0,0,501,0
2023,202301,1326358,2.02E+12,700,390,1,4800,56,0,7080,9993,9993,211800,1,330000,5,4,1,1,700,FEMALE,59,1,1,100,0,0,0,3,1,7,71,1,10,4800,0,0,501,0
2023,202301,1326358,2.02E+12,700,390,1,4800,56,0,7080,9993,9993,211800,1,330000,5,4,1,2,730,MALE,61,1,1,100,0,0,0,3,1,10,101,1,10,207000,0,0,501,0
2023,202301,1119908,2.02E+12,940,390,1,750,48,0,1320,9993,70,45400,1,331000,4,4,1,1,940,FEMALE,64,1,1,100,0,0,0,3,1,6,63,1,10,34100,0,0,227,0
2023,202301,1119908,2.02E+12,940,390,1,750,48,0,1320,9993,70,45400,1,331000,4,4,1,2,1010,MALE,58,1,1,100,0,0,0,3,1,6,63,1,10,11300,0,0,227,0
2023,202301,146558,2.02E+12,690,390,1,1400,24,0,2280,120,120,23000,1,350000,6,5,3,1,690,MALE,70,4,1,100,0,0,0,3,1,6,63,3,30,23000,8000,0,160,0
2023,202301,233608,2.02E+12,670,390,1,1500,35,0,3600,9993,9993,11000,1,350000,3,2,1,1,660,FEMALE,73,4,9,974,0,0,0,3,2,6,65,3,30,11000,11000,0,77,0
2023,202301,536648,2.02E+12,1220,390,1,800,24,0,2400,360,9993,83100,1,350000,7,4,1,1,1220,MALE,66,1,1,100,0,0,0,3,1,11,116,1,10,67900,0,0,460,0
2023,202301,536648,2.02E+12,1220,390,1,800,24,0,2400,360,9993,83100,1,350000,7,4,1,2,1110,FEMALE,62,1,1,100,0,0,0,3,1,11,114,3,30,15200,6200,0,460,0
2023,202301,540498,2.02E+12,1080,390,1,1,40,0,1200,9992,9993,119000,1,350000,7,6,1,1,1090,FEMALE,39,1,8,801,0,0,0,3,2,10,101,3,30,60000,0,0,334,0
2023,202301,540498,2.02E+12,1080,390,1,1,40,0,1200,9992,9993,119000,1,350000,7,6,1,2,390,MALE,39,1,1,100,0,0,0,3,1,10,101,1,10,59000,0,0,334,0
2023,202301,540498,2.02E+12,1080,390,1,1,40,0,1200,9992,9993,119000,1,350000,7,6,1,3,350,FEMALE,9,6,1,100,0,0,0,3,1,1,15,0,0,9999999,99999,99999,334,0
2023,202301,540498,2.02E+12,1080,390,1,1,40,0,1200,9992,9993,119000,1,350000,7,6,1,4,360,FEMALE,6,6,1,100,0,0,0,3,1,0,2,0,0,9999999,99999,99999,334,0
2023,202301,540498,2.02E+12,1080,390,1,1,40,0,1200,9992,9993,119000,1,350000,7,6,1,5,510,FEMALE,3,6,1,100,0,0,0,0,1,0,2,0,0,9999999,99999,99999,334,0
2023,202301,841638,2.02E+12,840,390,1,790,67,0,1680,1920,980,150000,1,350000,3,4,1,1,850,MALE,64,1,1,100,0,0,0,3,1,11,114,1,10,130000,0,0,501,0
2023,202301,841638,2.02E+12,840,390,1,790,67,0,1680,1920,980,150000,1,350000,3,4,1,2,820,FEMALE,61,1,1,100,0,0,0,3,1,10,101,3,30,20000,0,0,501,0
2023,202301,844348,2.02E+12,440,390,1,2500,67,0,840,7200,1200,363000,1,350000,6,5,1,1,440,MALE,85,1,1,100,0,0,0,3,1,10,101,3,30,346000,15000,0,501,0
2023,202301,844348,2.02E+12,440,390,1,2500,67,0,840,7200,1200,363000,1,350000,6,5,1,2,460,FEMALE,85,1,1,100,0,0,0,3,1,6,61,3,30,17000,17000,0,501,0
2023,202301,856288,2.02E+12,850,390,1,2700,65,0,4320,4560,290,122400,2,350000,2,4,1,1,850,MALE,70,1,2,200,0,0,0,3,1,8,81,1,10,72800,34000,0,391,0
2023,202301,856288,2.02E+12,850,390,1,2700,65,0,4320,4560,290,122400,2,350000,2,4,1,2,610,FEMALE,60,1,2,200,0,0,0,3,1,8,81,3,30,21600,21600,0,391,0
2023,202301,856288,2.02E+12,850,390,1,2700,65,0,4320,4560,290,122400,2,350000,2,4,1,3,660,FEMALE,32,2,2,200,0,0,0,3,1,6,65,1,10,28000,0,0,391,0
2023,202301,856288,2.02E+12,850,390,1,2700,65,0,4320,4560,290,122400,2,350000,2,4,1,4,450,MALE,8,6,2,200,0,0,0,3,1,2,22,0,0,9999999,99999,99999,391,0
2023,202301,864748,2.02E+12,460,390,1,4,63,0,2400,600,1000,105600,1,350000,2,3,1,1,470,FEMALE,43,1,8,826,4,427,3,5,2,10,101,1,10,60000,0,0,289,0
2023,202301,864748,2.02E+12,460,390,1,4,63,0,2400,600,1000,105600,1,350000,2,3,1,2,570,MALE,44,1,4,400,0,0,0,5,1,6,65,1,10,25000,0,0,289,0
2023,202301,864748,2.02E+12,460,390,1,4,63,0,2400,600,1000,105600,1,350000,2,3,1,3,480,MALE,23,6,8,826,4,427,0,3,2,6,64,1,10,16800,0,0,289,0
2023,202301,864748,2.02E+12,460,390,1,4,63,0,2400,600,1000,105600,1,350000,2,3,1,4,510,FEMALE,17,6,4,400,0,0,0,3,1,5,50,3,30,3800,0,0,289,0
2023,202301,864748,2.02E+12,460,390,1,4,63,0,2400,600,1000,105600,1,350000,2,3,1,5,550,FEMALE,14,6,4,400,0,0,0,3,1,2,26,0,0,9999999,99999,99999,289,0
2023,202301,872018,2.02E+12,620,390,1,1200,37,0,2280,360,80,77000,1,350000,1,3,1,1,630,FEMALE,61,4,1,100,0,0,0,3,1,6,65,1,10,65000,0,0,385,0
2023,202301,872018,2.02E+12,620,390,1,1200,37,0,2280,360,80,77000,1,350000,1,3,1,2,570,FEMALE,27,6,1,100,0,0,0,3,1,8,81,1,10,12000,0,0,385,0
2023,202301,872348,2.02E+12,560,390,1,1200,66,0,1440,2880,1800,90000,1,350000,2,4,1,1,570,FEMALE,46,4,1,100,0,0,0,3,1,6,64,1,10,55000,0,0,210,0
2023,202301,872348,2.02E+12,560,390,1,1200,66,0,1440,2880,1800,90000,1,350000,2,4,1,2,590,MALE,57,3,1,100,0,0,0,3,1,6,61,3,30,0,0,0,210,0
2023,202301,872348,2.02E+12,560,390,1,1200,66,0,1440,2880,1800,90000,1,350000,2,4,1,3,490,MALE,29,6,1,100,4,417,0,3,1,6,63,3,30,0,0,0,210,0
2023,202301,872348,2.02E+12,560,390,1,1200,66,0,1440,2880,1800,90000,1,350000,2,4,1,4,410,MALE,19,6,1,100,4,417,0,3,1,6,63,3,30,0,0,0,210,0
2023,202301,872348,2.02E+12,560,390,1,1200,66,0,1440,2880,1800,90000,1,350000,2,4,1,5,530,MALE,12,6,1,100,4,417,0,3,1,2,22,0,0,9999999,99999,99999,210,0
2023,202301,872348,2.02E+12,560,390,1,1200,66,0,1440,2880,1800,90000,1,350000,2,4,1,6,530,FEMALE,64,5,1,100,0,0,0,3,1,5,50,1,10,35000,0,0,210,0
2023,202301,1116028,2.02E+12,570,390,1,1200,24,0,3600,9993,150,67000,1,350000,1,3,1,1,570,FEMALE,52,4,1,100,0,0,0,3,1,11,114,1,10,67000,0,0,431,0
2023,202301,1116138,2.02E+12,790,390,1,1400,50,0,1560,480,1000,62000,1,350000,3,4,1,1,800,MALE,40,6,1,100,0,0,0,3,1,8,81,1,10,62000,0,0,399,0
2023,202301,1116138,2.02E+12,790,390,1,1400,50,0,1560,480,1000,62000,1,350000,3,4,1,2,690,MALE,43,6,1,100,0,0,0,3,1,6,65,3,30,0,0,0,1,0
2023,202301,1120268,2.02E+12,220,390,1,780,32,0,3600,9993,400,38400,1,350000,4,3,1,1,210,MALE,72,1,1,100,0,0,0,3,1,10,101,3,30,30000,30000,0,213,0
2023,202301,1120268,2.02E+12,220,390,1,780,32,0,3600,9993,400,38400,1,350000,4,3,1,2,250,FEMALE,72,1,1,100,0,0,0,3,1,6,63,3,30,8400,8400,0,213,0
2023,202301,1122238,2.02E+12,1110,390,1,840,1,0,2280,9993,320,84000,1,350000,7,4,1,1,1100,MALE,49,6,1,100,0,0,0,3,1,8,81,1,10,84000,0,0,501,0
2023,202301,1122628,2.02E+12,580,390,1,450,34,0,9993,9993,1300,43600,1,350000,6,4,1,1,580,FEMALE,83,5,1,100,0,0,0,3,1,8,81,3,30,43600,21900,0,304,0
2023,202301,1123498,2.02E+12,1970,390,1,700,35,0,600,1440,130,73600,1,350000,4,4,1,1,1960,MALE,39,1,7,700,1,100,2,4,1,0,2,1,10,51600,0,0,306,0
2023,202301,1123498,2.02E+12,1970,390,1,700,35,0,600,1440,130,73600,1,350000,4,4,1,2,1370,FEMALE,42,1,7,700,1,100,2,6,1,6,63,1,10,22000,0,0,306,0
2023,202301,1123498,2.02E+12,1970,390,1,700,35,0,600,1440,130,73600,1,350000,4,4,1,3,1610,FEMALE,17,6,7,700,1,100,0,4,1,5,50,3,30,0,0,0,306,0
2023,202301,1124628,2.02E+12,150,390,1,730,32,0,1800,9993,1700,36000,1,350000,9,4,1,1,150,MALE,67,1,1,100,0,0,0,3,1,6,63,3,30,6400,1700,0,199,0
2023,202301,1124628,2.02E+12,150,390,1,730,32,0,1800,9993,1700,36000,1,350000,9,4,1,2,170,FEMALE,67,1,1,100,0,0,0,3,1,6,65,3,30,29600,20000,0,199,0
2023,202301,1125208,2.02E+12,620,390,1,350,37,0,1920,9993,160,47100,1,350000,5,4,1,1,630,FEMALE,73,1,1,100,0,0,0,3,1,7,71,3,30,9600,9600,0,261,0
2023,202301,1125208,2.02E+12,620,390,1,350,37,0,1920,9993,160,47100,1,350000,5,4,1,2,420,MALE,78,1,1,100,0,0,0,3,1,7,71,1,10,37500,24000,0,261,0
2023,202301,1125838,2.02E+12,990,390,1,710,38,0,1080,9993,50,148000,1,350000,5,4,1,1,990,FEMALE,47,1,1,100,1,100,0,3,1,8,81,1,10,90000,0,0,501,0
2023,202301,1125838,2.02E+12,990,390,1,710,38,0,1080,9993,50,148000,1,350000,5,4,1,2,630,MALE,50,1,1,100,0,0,0,3,1,6,64,3,30,58000,0,0,501,0
2023,202301,1126048,2.02E+12,860,390,1,600,54,0,1920,9993,1400,81310,1,350000,15,4,1,1,860,MALE,80,1,1,100,0,0,0,3,1,7,71,3,30,53810,23800,0,450,0
2023,202301,1126048,2.02E+12,860,390,1,600,54,0,1920,9993,1400,81310,1,350000,15,4,1,2,1030,FEMALE,78,1,1,100,0,0,0,3,1,6,63,3,30,27500,20000,0,450,0
2023,202301,1275888,2.02E+12,120,390,1,2500,37,0,2040,9993,630,83800,1,350000,4,3,1,1,130,FEMALE,61,1,1,100,0,0,0,3,1,6,63,3,30,30000,20700,0,419,0
2023,202301,1275888,2.02E+12,120,390,1,2500,37,0,2040,9993,630,83800,1,350000,4,3,1,2,140,MALE,75,1,7,700,1,100,0,3,1,7,71,1,10,53800,18000,0,419,0
2023,202301,1297408,2.02E+12,400,390,1,3000,66,0,6600,9993,740,145000,1,350000,15,4,1,1,400,MALE,27,6,8,802,0,0,0,3,2,8,81,1,10,34000,0,0,464,0
2023,202301,1297408,2.02E+12,400,390,1,3000,66,0,6600,9993,740,145000,1,350000,15,4,1,2,520,MALE,23,6,8,802,0,0,0,4,2,6,63,1,10,25000,0,0,464,0
2023,202301,1297408,2.02E+12,400,390,1,3000,66,0,6600,9993,740,145000,1,350000,15,4,1,3,900,FEMALE,56,1,1,100,0,0,0,3,1,8,81,3,30,24000,24000,0,464,0
2023,202301,1297408,2.02E+12,400,390,1,3000,66,0,6600,9993,740,145000,1,350000,15,4,1,4,360,MALE,54,1,8,802,0,0,0,3,2,10,101,1,10,60000,0,0,464,0
2023,202301,1297408,2.02E+12,400,390,1,3000,66,0,6600,9993,740,145000,1,350000,15,4,1,5,1070,FEMALE,27,6,1,100,0,0,0,3,1,6,63,2,20,2000,0,0,13,0
2023,202301,1354638,2.02E+12,500,390,1,8600,63,0,4560,960,150,211900,1,350000,4,4,1,1,500,FEMALE,51,1,8,826,1,100,0,3,2,7,71,1,10,100900,0,0,501,0
2023,202301,1354638,2.02E+12,500,390,1,8600,63,0,4560,960,150,211900,1,350000,4,4,1,2,1000,MALE,56,1,8,826,1,100,0,3,2,8,81,1,10,100000,0,0,501,0
2023,202301,1354638,2.02E+12,500,390,1,8600,63,0,4560,960,150,211900,1,350000,4,4,1,3,730,FEMALE,21,6,8,826,1,100,0,3,2,8,81,1,10,11000,0,0,501,0
2023,202301,1373118,2.02E+12,1120,390,1,1600,63,0,240,240,980,106200,1,350000,26,4,1,1,1130,MALE,72,5,1,100,0,0,0,3,1,11,114,3,30,106200,28900,0,501,0
2023,202301,848008,2.02E+12,650,390,1,690,67,0,1200,1560,830,159000,1,351000,3,4,1,1,660,MALE,47,4,7,700,4,427,0,4,1,7,71,1,10,96000,0,0,501,0
2023,202301,848008,2.02E+12,650,390,1,690,67,0,1200,1560,830,159000,1,351000,3,4,1,2,490,FEMALE,43,6,7,700,4,460,0,4,1,7,71,1,10,63000,0,0,501,0
2023,202301,848008,2.02E+12,650,390,1,690,67,0,1200,1560,830,159000,1,351000,3,4,1,3,600,FEMALE,13,6,7,700,4,427,0,3,1,2,23,0,0,9999999,99999,99999,501,0
2023,202301,848008,2.02E+12,650,390,1,690,67,0,1200,1560,830,159000,1,351000,3,4,1,4,600,FEMALE,9,6,7,700,4,427,0,3,1,1,16,0,0,9999999,99999,99999,501,0
2023,202301,1119308,2.02E+12,1080,390,1,740,43,0,960,9993,980,59900,1,365000,5,4,1,1,1080,FEMALE,74,4,1,100,0,0,0,3,1,10,101,3,30,59900,24800,0,418,0
2023,202301,132258,2.02E+12,1540,390,1,890,42,0,1200,9992,100,21300,1,370000,15,5,3,1,1540,FEMALE,84,5,1,100,0,0,0,3,1,6,63,3,30,21300,19400,0,149,0
2023,202301,195878,2.02E+12,930,390,1,1300,34,0,1800,360,130,199000,1,375000,9,4,1,1,930,MALE,39,1,8,826,1,100,0,3,2,10,101,1,10,124000,0,0,501,0
2023,202301,195878,2.02E+12,930,390,1,1300,34,0,1800,360,130,199000,1,375000,9,4,1,2,960,FEMALE,38,1,8,826,1,100,0,3,2,10,101,1,10,75000,0,0,501,0
2023,202301,845138,2.02E+12,520,390,1,2900,66,0,5040,9992,1400,139000,1,375000,1,4,1,1,510,FEMALE,47,1,1,100,0,0,0,3,1,11,114,1,10,51000,0,0,444,0
2023,202301,845138,2.02E+12,520,390,1,2900,66,0,5040,9992,1400,139000,1,375000,1,4,1,2,520,MALE,42,1,8,826,2,200,0,3,2,6,63,1,10,76000,0,0,444,0
2023,202301,845138,2.02E+12,520,390,1,2900,66,0,5040,9992,1400,139000,1,375000,1,4,1,3,470,MALE,10,6,8,826,2,200,0,3,2,1,16,0,0,9999999,99999,99999,444,0
2023,202301,845138,2.02E+12,520,390,1,2900,66,0,5040,9992,1400,139000,1,375000,1,4,1,4,390,FEMALE,22,6,8,826,2,200,0,6,2,6,63,1,10,12000,0,0,444,0
2023,202301,1110398,2.02E+12,530,390,1,850,69,0,1440,9993,60,65000,1,375000,5,4,1,1,530,MALE,63,4,1,100,0,0,0,3,1,6,63,1,10,65000,0,0,418,0
2023,202301,1111848,2.02E+12,1680,390,1,1300,32,0,2160,480,9993,86000,1,375000,9,4,1,1,1680,FEMALE,54,5,1,100,1,100,0,3,1,6,65,1,10,86000,0,0,501,0
2023,202301,1114728,2.02E+12,930,390,1,650,48,0,1920,9993,600,95800,1,375000,2,4,1,1,930,MALE,40,1,1,100,0,0,0,3,1,10,101,1,10,85000,0,0,269,0
2023,202301,1114728,2.02E+12,930,390,1,650,48,0,1920,9993,600,95800,1,375000,2,4,1,2,1000,FEMALE,40,1,1,100,0,0,0,3,1,8,81,1,10,10000,0,0,269,0
2023,202301,1114728,2.02E+12,930,390,1,650,48,0,1920,9993,600,95800,1,375000,2,4,1,3,750,FEMALE,17,6,1,100,0,0,0,3,1,5,50,1,10,800,0,0,269,0
2023,202301,1114728,2.02E+12,930,390,1,650,48,0,1920,9993,600,95800,1,375000,2,4,1,4,870,MALE,10,6,1,100,0,0,0,3,1,1,17,0,0,9999999,99999,99999,269,0
2023,202301,1114728,2.02E+12,930,390,1,650,48,0,1920,9993,600,95800,1,375000,2,4,1,5,980,FEMALE,8,6,1,100,0,0,0,3,1,1,15,0,0,9999999,99999,99999,269,0
2023,202301,1274758,2.02E+12,500,390,1,1700,63,0,840,960,100,63390,1,375000,5,4,1,1,500,FEMALE,57,1,1,100,0,0,0,3,1,6,65,3,30,0,0,0,206,0
2023,202301,1274758,2.02E+12,500,390,1,1700,63,0,840,960,100,63390,1,375000,5,4,1,2,500,MALE,62,1,1,100,0,0,0,3,1,6,64,1,10,54000,0,0,206,0
2023,202301,1274758,2.02E+12,500,390,1,1700,63,0,840,960,100,63390,1,375000,5,4,1,3,840,FEMALE,22,6,1,100,0,0,0,3,1,10,101,3,30,890,0,0,206,0
2023,202301,1274758,2.02E+12,500,390,1,1700,63,0,840,960,100,63390,1,375000,5,4,1,4,840,FEMALE,21,6,1,100,0,0,0,3,1,7,71,1,10,8500,0,0,206,0
2023,202301,1335898,2.02E+12,690,390,1,3000,66,0,1800,600,840,172000,1,375000,9,5,1,1,700,MALE,47,1,6,610,0,0,2,4,1,11,114,1,10,62000,0,0,470,0
2023,202301,1335898,2.02E+12,690,390,1,3000,66,0,1800,600,840,172000,1,375000,9,5,1,2,1050,FEMALE,42,1,6,610,0,0,2,4,1,10,101,1,10,110000,0,0,470,0
2023,202301,1335898,2.02E+12,690,390,1,3000,66,0,1800,600,840,172000,1,375000,9,5,1,3,1100,FEMALE,15,6,6,610,0,0,0,5,1,3,30,0,0,0,0,0,470,0
2023,202301,1335898,2.02E+12,690,390,1,3000,66,0,1800,600,840,172000,1,375000,9,5,1,4,760,MALE,11,6,6,610,0,0,0,3,1,2,22,0,0,9999999,99999,99999,470,0
2023,202301,1335898,2.02E+12,690,390,1,3000,66,0,1800,600,840,172000,1,375000,9,5,1,5,840,FEMALE,76,5,6,610,0,0,3,6,1,6,63,3,30,0,0,0,470,0
2023,202301,1336548,2.02E+12,1570,390,1,900,68,0,1560,360,220,90000,1,375000,26,5,1,1,1560,FEMALE,40,6,2,200,0,0,0,3,1,10,101,1,10,82000,0,0,297,0
2023,202301,1336548,2.02E+12,1570,390,1,900,68,0,1560,360,220,90000,1,375000,26,5,1,2,1400,FEMALE,10,6,2,200,0,0,0,3,1,1,17,0,0,9999999,99999,99999,297,0
2023,202301,1336548,2.02E+12,1570,390,1,900,68,0,1560,360,220,90000,1,375000,26,5,1,3,1290,MALE,5,6,2,200,0,0,0,3,1,1,12,0,0,9999999,99999,99999,297,0
2023,202301,1336548,2.02E+12,1570,390,1,900,68,0,1560,360,220,90000,1,375000,26,5,1,4,650,FEMALE,61,5,2,200,0,0,0,3,1,11,114,1,10,8000,0,0,297,0
2023,202301,157288,2.02E+12,1280,390,1,2200,31,0,3120,840,1500,184100,1,378000,7,4,1,1,1280,FEMALE,74,1,1,100,0,0,0,3,1,11,114,3,30,15400,14400,0,501,0
2023,202301,157288,2.02E+12,1280,390,1,2200,31,0,3120,840,1500,184100,1,378000,7,4,1,2,830,MALE,73,1,1,100,0,0,0,3,1,11,116,1,10,168700,33700,0,501,0
2023,202301,1127938,2.02E+12,850,390,1,1,42,0,2400,4200,1200,170000,1,380000,7,5,1,1,850,FEMALE,65,1,1,100,1,100,0,3,1,7,71,1,10,40000,0,0,501,0
2023,202301,1127938,2.02E+12,850,390,1,1,42,0,2400,4200,1200,170000,1,380000,7,5,1,2,680,MALE,62,1,1,100,0,0,0,3,1,8,81,1,10,130000,0,0,501,0
2023,202301,840128,2.02E+12,1320,390,1,2100,65,0,2520,1440,780,102000,1,385000,1,4,1,1,1320,FEMALE,60,4,2,200,0,0,2,4,1,10,101,1,10,102000,0,0,501,0
2023,202301,840128,2.02E+12,1320,390,1,2100,65,0,2520,1440,780,102000,1,385000,1,4,1,2,910,FEMALE,27,6,2,200,0,0,0,3,1,10,101,2,20,0,0,0,501,0
2023,202301,1114108,2.02E+12,560,390,1,800,36,0,1800,9993,1200,122000,1,385000,5,4,1,1,570,MALE,61,1,1,100,0,0,0,3,1,5,50,1,10,122000,0,0,501,0
2023,202301,1114108,2.02E+12,560,390,1,800,36,0,1800,9993,1200,122000,1,385000,5,4,1,2,540,FEMALE,64,1,8,826,0,0,0,3,2,4,40,3,30,0,0,0,501,0
2023,202301,114948,2.02E+12,1600,390,1,1000,47,0,4200,1200,9993,150000,1,390000,3,4,1,1,1600,MALE,31,1,1,100,0,0,0,4,1,10,101,1,10,150000,0,0,501,0
2023,202301,114948,2.02E+12,1600,390,1,1000,47,0,4200,1200,9993,150000,1,390000,3,4,1,2,1610,FEMALE,28,1,1,100,0,0,0,4,1,11,114,3,30,0,0,0,501,0
2023,202301,524108,2.02E+12,570,390,1,1000,37,0,1440,1440,9993,161220,1,390000,15,5,1,1,560,MALE,60,1,1,100,0,0,0,3,1,10,101,1,10,160020,0,0,501,0
2023,202301,524108,2.02E+12,570,390,1,1000,37,0,1440,1440,9993,161220,1,390000,15,5,1,2,590,FEMALE,60,1,1,100,0,0,0,3,1,8,81,3,30,0,0,0,501,0
2023,202301,524108,2.02E+12,570,390,1,1000,37,0,1440,1440,9993,161220,1,390000,15,5,1,3,520,MALE,16,6,1,100,0,0,0,3,1,4,40,3,30,1200,0,0,501,0
2023,202301,1121258,2.02E+12,3330,390,1,600,54,0,2160,9993,80,125680,1,390000,5,5,1,1,3330,MALE,33,1,8,826,4,416,0,4,2,6,63,1,10,65680,0,0,501,0
2023,202301,1121258,2.02E+12,3330,390,1,600,54,0,2160,9993,80,125680,1,390000,5,5,1,2,2160,FEMALE,32,1,8,826,1,100,0,4,2,10,101,1,10,60000,0,0,501,0
2023,202301,164748,2.02E+12,1050,390,1,1200,24,0,4200,1200,1500,45600,2,400000,5,5,1,1,1050,FEMALE,67,1,7,700,1,100,0,3,1,8,81,1,10,31300,0,0,195,0
2023,202301,164748,2.02E+12,1050,390,1,1200,24,0,4200,1200,1500,45600,2,400000,5,5,1,2,980,MALE,70,1,7,700,1,100,0,3,1,2,26,3,30,7700,0,0,195,0
2023,202301,164748,2.02E+12,1050,390,1,1200,24,0,4200,1200,1500,45600,2,400000,5,5,1,3,1650,MALE,43,6,7,700,1,100,0,3,1,6,64,3,30,6600,0,0,195,0
2023,202301,172728,2.02E+12,630,390,1,3600,36,0,720,9993,9993,7500,1,400000,9,4,1,1,630,FEMALE,58,1,1,100,0,0,0,3,1,6,65,3,30,0,0,0,31,0
2023,202301,172728,2.02E+12,630,390,1,3600,36,0,720,9993,9993,7500,1,400000,9,4,1,2,470,MALE,61,1,1,100,0,0,0,3,1,6,65,1,10,7500,0,0,31,0
2023,202301,172728,2.02E+12,630,390,1,3600,36,0,720,9993,9993,7500,1,400000,9,4,1,3,440,FEMALE,14,6,8,826,1,100,0,3,2,2,25,0,0,9999999,99999,99999,31,0
2023,202301,231628,2.02E+12,1650,390,1,600,63,0,600,9992,900,171000,1,400000,25,4,1,1,1660,MALE,31,1,1,100,0,0,0,3,1,11,115,1,10,125000,0,0,501,0
2023,202301,231628,2.02E+12,1650,390,1,600,63,0,600,9992,900,171000,1,400000,25,4,1,2,1240,FEMALE,29,1,8,813,0,0,0,3,2,10,101,1,10,46000,0,0,501,0
2023,202301,528218,2.02E+12,1060,390,1,450,36,0,1200,1200,9993,210000,1,400000,15,4,1,1,1070,MALE,43,1,1,100,0,0,0,3,1,7,71,1,10,90000,0,0,501,0
2023,202301,528218,2.02E+12,1060,390,1,450,36,0,1200,1200,9993,210000,1,400000,15,4,1,2,1430,FEMALE,39,1,1,100,0,0,0,3,1,10,101,1,10,120000,0,0,501,0
2023,202301,534168,2.02E+12,670,390,1,2000,39,0,3840,2760,9993,399740,1,400000,7,5,1,1,660,FEMALE,54,1,1,100,0,0,0,3,1,10,101,3,30,40,0,0,501,0
2023,202301,534168,2.02E+12,670,390,1,2000,39,0,3840,2760,9993,399740,1,400000,7,5,1,2,710,MALE,70,1,1,100,0,0,0,3,1,7,71,3,30,399700,34700,0,501,0
2023,202301,538198,2.02E+12,700,390,1,1,50,0,9993,2400,9993,60000,1,400000,5,4,2,1,690,MALE,26,1,1,100,0,0,0,5,1,2,26,1,10,60000,0,0,249,0
2023,202301,538198,2.02E+12,700,390,1,1,50,0,9993,2400,9993,60000,1,400000,5,4,2,2,830,FEMALE,24,1,1,100,0,0,0,5,1,2,26,3,30,0,0,0,249,0
2023,202301,538198,2.02E+12,700,390,1,1,50,0,9993,2400,9993,60000,1,400000,5,4,2,3,790,MALE,0,6,1,100,0,0,0,0,1,0,1,0,0,9999999,99999,99999,249,0
2023,202301,840648,2.02E+12,2230,390,1,1300,67,0,9993,9993,2000,140000,1,400000,3,5,1,1,2230,MALE,41,1,2,200,0,0,2,3,1,6,63,1,10,50000,0,0,462,0
2023,202301,840648,2.02E+12,2230,390,1,1300,67,0,9993,9993,2000,140000,1,400000,3,5,1,2,1400,FEMALE,36,1,2,200,0,0,2,3,1,11,114,1,10,90000,0,0,462,0
2023,202301,840648,2.02E+12,2230,390,1,1300,67,0,9993,9993,2000,140000,1,400000,3,5,1,3,1870,FEMALE,7,6,2,200,0,0,0,3,1,1,14,0,0,9999999,99999,99999,462,0
2023,202301,840648,2.02E+12,2230,390,1,1300,67,0,9993,9993,2000,140000,1,400000,3,5,1,4,1870,FEMALE,5,6,2,200,0,0,0,3,1,1,11,0,0,9999999,99999,99999,462,0
2023,202301,842998,2.02E+12,740,390,1,1200,69,0,1080,2520,330,25400,1,400000,1,4,1,1,740,MALE,73,2,2,200,0,0,0,3,1,3,30,3,30,25400,20400,0,177,0
2023,202301,847918,2.02E+12,1080,390,1,1700,66,0,3600,9992,1400,22000,1,400000,15,4,3,1,1080,FEMALE,58,6,2,200,0,0,0,3,1,6,63,1,10,22000,0,0,141,0
2023,202301,849478,2.02E+12,530,390,1,3000,69,0,840,1680,30,127000,1,400000,3,5,1,1,530,MALE,40,1,1,100,0,0,0,3,1,10,101,3,30,0,0,0,501,0
2023,202301,849478,2.02E+12,530,390,1,3000,69,0,840,1680,30,127000,1,400000,3,5,1,2,520,FEMALE,39,1,1,100,0,0,2,3,1,10,101,1,10,127000,0,0,501,0
2023,202301,849478,2.02E+12,530,390,1,3000,69,0,840,1680,30,127000,1,400000,3,5,1,3,420,MALE,3,6,1,100,0,0,0,0,1,0,2,0,0,9999999,99999,99999,501,0
2023,202301,849678,2.02E+12,890,390,1,840,68,0,2400,360,1300,263700,2,400000,6,4,1,1,890,MALE,54,1,1,100,0,0,2,4,1,8,81,1,10,153000,0,0,501,0
2023,202301,849678,2.02E+12,890,390,1,840,68,0,2400,360,1300,263700,2,400000,6,4,1,2,1050,FEMALE,53,1,1,100,0,0,2,4,1,10,101,1,10,100000,0,0,501,0
2023,202301,849678,2.02E+12,890,390,1,840,68,0,2400,360,1300,263700,2,400000,6,4,1,3,500,FEMALE,46,2,1,100,0,0,3,6,1,10,101,1,10,10700,0,2500,501,0
2023,202301,849678,2.02E+12,890,390,1,840,68,0,2400,360,1300,263700,2,400000,6,4,1,4,1470,MALE,17,6,1,100,0,0,3,5,1,5,50,3,30,0,0,0,501,0
2023,202301,856508,2.02E+12,3090,390,1,2000,66,0,3600,1800,1700,83100,1,400000,2,5,1,1,3090,MALE,76,1,1,100,0,0,0,3,1,6,63,1,10,83100,23100,0,460,0
2023,202301,856508,2.02E+12,3090,390,1,2000,66,0,3600,1800,1700,83100,1,400000,2,5,1,2,3660,FEMALE,56,1,1,100,0,0,2,5,1,6,63,3,30,0,0,0,460,0
2023,202301,858788,2.02E+12,490,390,1,2000,67,0,1200,1200,400,160000,1,400000,3,6,1,1,500,FEMALE,35,1,1,100,0,0,0,3,1,10,101,3,30,0,0,0,449,0
2023,202301,858788,2.02E+12,490,390,1,2000,67,0,1200,1200,400,160000,1,400000,3,6,1,2,520,MALE,37,1,1,100,0,0,0,3,1,11,114,1,10,160000,0,0,449,0
2023,202301,858788,2.02E+12,490,390,1,2000,67,0,1200,1200,400,160000,1,400000,3,6,1,3,580,MALE,5,6,1,100,0,0,0,3,1,1,11,0,0,9999999,99999,99999,449,0
2023,202301,858788,2.02E+12,490,390,1,2000,67,0,1200,1200,400,160000,1,400000,3,6,1,4,390,FEMALE,3,6,1,100,0,0,0,0,1,1,11,0,0,9999999,99999,99999,449,0
2023,202301,858788,2.02E+12,490,390,1,2000,67,0,1200,1200,400,160000,1,400000,3,6,1,5,390,FEMALE,0,6,1,100,0,0,0,0,1,0,1,0,0,9999999,99999,99999,449,0
2023,202301,866088,2.02E+12,690,390,1,1000,68,0,3600,960,140,159600,1,400000,3,4,1,1,700,FEMALE,53,1,1,100,0,0,2,5,1,6,63,1,10,28000,0,0,203,0
2023,202301,866088,2.02E+12,690,390,1,1000,68,0,3600,960,140,159600,1,400000,3,4,1,2,550,MALE,58,1,1,100,0,0,2,6,1,1,17,1,10,22600,0,0,203,0
2023,202301,866088,2.02E+12,690,390,1,1000,68,0,3600,960,140,159600,1,400000,3,4,1,3,640,MALE,27,6,1,100,0,0,0,4,1,6,63,1,10,13000,0,0,203,0
2023,202301,866088,2.02E+12,690,390,1,1000,68,0,3600,960,140,159600,1,400000,3,4,1,4,660,FEMALE,0,6,8,826,2,200,1,0,2,0,1,0,0,9999999,99999,99999,203,0
2023,202301,866088,2.02E+12,690,390,1,1000,68,0,3600,960,140,159600,1,400000,3,4,1,5,280,FEMALE,28,4,7,700,2,200,0,4,1,10,101,1,10,96000,0,0,501,0
2023,202301,867258,2.02E+12,1150,390,1,1,69,0,1200,1200,1500,183000,1,400000,3,4,1,1,1140,MALE,54,1,1,100,0,0,0,3,1,6,63,1,10,119000,0,0,501,0
2023,202301,867258,2.02E+12,1150,390,1,1,69,0,1200,1200,1500,183000,1,400000,3,4,1,2,820,FEMALE,49,1,1,100,0,0,0,3,1,10,101,1,10,64000,0,0,501,0
2023,202301,867258,2.02E+12,1150,390,1,1,69,0,1200,1200,1500,183000,1,400000,3,4,1,3,600,FEMALE,17,6,1,100,0,0,0,3,1,5,50,3,30,0,0,0,501,0
2023,202301,867258,2.02E+12,1150,390,1,1,69,0,1200,1200,1500,183000,1,400000,3,4,1,4,950,MALE,14,6,1,100,0,0,0,3,1,2,26,0,0,9999999,99999,99999,501,0
2023,202301,867948,2.02E+12,660,390,1,1300,67,0,1440,720,50,132800,1,400000,3,5,1,1,650,MALE,52,1,1,100,2,200,0,3,1,7,71,1,10,83000,0,0,501,0
2023,202301,867948,2.02E+12,660,390,1,1300,67,0,1440,720,50,132800,1,400000,3,5,1,2,860,FEMALE,53,1,1,100,0,0,0,3,1,6,63,1,10,44800,0,0,501,0
2023,202301,867948,2.02E+12,660,390,1,1300,67,0,1440,720,50,132800,1,400000,3,5,1,3,320,MALE,18,6,1,100,2,200,0,3,1,6,65,1,10,5000,0,0,501,0
2023,202301,1110538,2.02E+12,450,390,1,570,59,0,960,600,1000,64100,1,400000,9,5,1,1,450,MALE,79,5,1,100,0,0,0,3,1,6,65,3,30,64100,44900,0,447,0
2023,202301,1111028,2.02E+12,490,390,1,5000,42,0,960,840,1500,110000,1,400000,3,4,1,1,490,FEMALE,41,6,1,100,0,0,0,3,1,8,81,1,10,110000,0,0,501,0
2023,202301,1113978,2.02E+12,870,390,1,700,40,0,960,840,1400,172500,1,400000,4,4,1,1,870,MALE,67,1,1,100,0,0,0,3,1,7,71,3,30,55500,23500,0,501,0
2023,202301,1113978,2.02E+12,870,390,1,700,40,0,960,840,1400,172500,1,400000,4,4,1,2,990,FEMALE,63,1,1,100,0,0,0,3,1,11,114,1,10,117000,0,0,501,0
2023,202301,1116648,2.02E+12,740,390,1,1600,45,0,840,2880,1300,85000,1,400000,4,5,1,1,750,MALE,25,6,1,100,0,0,0,3,1,6,61,1,10,33000,0,0,425,0
2023,202301,1116648,2.02E+12,740,390,1,1600,45,0,840,2880,1300,85000,1,400000,4,5,1,2,790,MALE,34,4,1,100,4,450,0,3,1,7,71,1,10,52000,0,0,425,0
2023,202301,1121478,2.02E+12,1160,390,1,2000,52,0,2880,9993,2500,138000,1,400000,6,5,1,1,1160,FEMALE,54,1,8,802,0,0,0,3,2,11,114,1,10,78000,0,0,501,0
2023,202301,1121478,2.02E+12,1160,390,1,2000,52,0,2880,9993,2500,138000,1,400000,6,5,1,2,1380,MALE,51,1,1,100,0,0,0,3,1,6,64,1,10,60000,0,0,501,0
2023,202301,1121478,2.02E+12,1160,390,1,2000,52,0,2880,9993,2500,138000,1,400000,6,5,1,3,1610,MALE,11,6,8,802,0,0,0,3,2,2,22,0,0,9999999,99999,99999,501,0
2023,202301,1121978,2.02E+12,490,390,1,1000,52,0,720,1440,60,72000,1,400000,3,4,1,1,490,MALE,71,1,1,100,0,0,0,3,1,7,71,3,30,21000,0,0,399,0
2023,202301,1121978,2.02E+12,490,390,1,1000,52,0,720,1440,60,72000,1,400000,3,4,1,2,450,FEMALE,63,1,5,500,0,0,0,3,1,10,101,3,30,51000,0,0,399,0
2023,202301,1123278,2.02E+12,720,390,1,1200,56,0,1680,9993,1000,193500,1,400000,5,4,1,1,730,MALE,52,1,1,100,0,0,0,3,1,6,65,1,10,121500,0,0,501,0
2023,202301,1123278,2.02E+12,720,390,1,1200,56,0,1680,9993,1000,193500,1,400000,5,4,1,2,580,FEMALE,46,1,1,100,0,0,0,3,1,11,114,2,20,72000,0,0,501,0
2023,202301,1123278,2.02E+12,720,390,1,1200,56,0,1680,9993,1000,193500,1,400000,5,4,1,3,650,MALE,15,6,1,100,0,0,0,3,1,3,30,0,0,0,0,0,501,0
2023,202301,1125378,2.02E+12,1110,390,1,300,66,0,3600,600,2000,62000,1,400000,5,3,1,1,1110,MALE,54,2,1,100,0,0,0,3,1,11,115,1,10,62000,0,0,399,0
2023,202301,1125488,2.02E+12,210,390,1,900,35,0,720,9993,9993,64800,1,400000,1,3,1,1,210,FEMALE,80,5,1,100,0,0,0,3,1,11,114,3,30,64800,4800,0,452,0
2023,202301,1125748,2.02E+12,760,390,1,500,42,0,1440,9993,70,59300,1,400000,5,4,1,1,760,FEMALE,61,4,1,100,0,0,0,3,1,6,65,1,10,42800,0,0,296,0
2023,202301,1125748,2.02E+12,760,390,1,500,42,0,1440,9993,70,59300,1,400000,5,4,1,2,810,MALE,28,6,1,100,0,0,0,3,1,4,40,3,30,16500,11000,0,296,0
2023,202301,1127828,2.02E+12,730,390,1,600,47,0,1200,1200,50,36000,1,400000,3,4,1,1,740,FEMALE,72,4,1,100,0,0,0,3,1,10,101,3,30,36000,0,0,251,0
2023,202301,1272418,2.02E+12,510,390,1,3800,64,0,1440,9993,9993,56800,1,400000,15,4,1,1,520,FEMALE,71,1,1,100,0,0,0,3,1,6,65,3,30,22800,13800,0,314,0
2023,202301,1272418,2.02E+12,510,390,1,3800,64,0,1440,9993,9993,56800,1,400000,15,4,1,2,420,MALE,75,1,1,100,0,0,0,3,1,6,65,3,30,34000,2000,0,314,0
2023,202301,1276758,2.02E+12,210,390,1,1500,66,0,2640,480,9993,145000,1,400000,3,4,1,1,210,MALE,43,1,8,826,1,100,0,3,2,6,61,1,10,90000,0,0,406,0
2023,202301,1276758,2.02E+12,210,390,1,1500,66,0,2640,480,9993,145000,1,400000,3,4,1,2,240,FEMALE,36,1,8,826,1,100,0,4,2,11,114,1,10,55000,0,0,406,0
2023,202301,1276758,2.02E+12,210,390,1,1500,66,0,2640,480,9993,145000,1,400000,3,4,1,3,280,FEMALE,16,6,8,826,1,100,0,3,2,4,40,3,30,0,0,0,406,0
2023,202301,1276758,2.02E+12,210,390,1,1500,66,0,2640,480,9993,145000,1,400000,3,4,1,4,200,MALE,10,6,8,826,1,100,0,5,2,1,17,0,0,9999999,99999,99999,406,0
2023,202301,1276758,2.02E+12,210,390,1,1500,66,0,2640,480,9993,145000,1,400000,3,4,1,5,180,FEMALE,7,6,8,826,1,100,0,3,2,1,12,0,0,9999999,99999,99999,406,0
2023,202301,1296778,2.02E+12,530,390,1,970,63,0,3600,720,130,370000,1,400000,9,5,1,1,530,MALE,61,1,2,200,0,0,2,3,1,6,63,1,10,75000,0,0,501,0
2023,202301,1296778,2.02E+12,530,390,1,970,63,0,3600,720,130,370000,1,400000,9,5,1,2,380,FEMALE,57,1,2,200,0,0,2,3,1,11,114,1,10,295000,0,0,501,0
2023,202301,1302718,2.02E+12,580,390,1,2000,65,0,2400,600,600,205000,1,400000,9,4,1,1,590,FEMALE,30,1,1,100,0,0,0,3,1,10,101,1,10,145000,0,0,501,0
2023,202301,1302718,2.02E+12,580,390,1,2000,65,0,2400,600,600,205000,1,400000,9,4,1,2,450,MALE,33,1,1,100,0,0,0,3,1,10,101,1,10,60000,0,0,501,0
2023,202301,1306418,2.02E+12,580,390,1,3000,64,0,840,840,550,240300,1,400000,7,6,1,1,580,FEMALE,46,1,6,671,0,0,3,4,1,11,116,1,10,100300,0,0,501,0
2023,202301,1306418,2.02E+12,580,390,1,3000,64,0,840,840,550,240300,1,400000,7,6,1,2,590,MALE,47,1,6,671,0,0,3,4,1,11,116,1,10,140000,0,0,501,0
2023,202301,1306418,2.02E+12,580,390,1,3000,64,0,840,840,550,240300,1,400000,7,6,1,3,850,MALE,15,6,6,671,0,0,0,4,1,4,40,0,0,0,0,0,501,0
2023,202301,1306418,2.02E+12,580,390,1,3000,64,0,840,840,550,240300,1,400000,7,6,1,4,630,MALE,10,6,6,671,0,0,0,4,1,2,22,0,0,9999999,99999,99999,501,0
2023,202301,1310058,2.02E+12,640,390,1,8000,68,0,2400,240,100,149000,1,400000,7,5,1,1,640,MALE,62,1,1,100,0,0,0,3,1,10,101,3,30,0,0,0,483,0
2023,202301,1310058,2.02E+12,640,390,1,8000,68,0,2400,240,100,149000,1,400000,7,5,1,2,620,FEMALE,58,1,1,100,0,0,0,3,1,11,114,1,10,104000,0,0,483,0
2023,202301,1310058,2.02E+12,640,390,1,8000,68,0,2400,240,100,149000,1,400000,7,5,1,3,670,MALE,28,6,1,100,0,0,0,3,1,8,81,3,30,0,0,0,483,0
2023,202301,1310058,2.02E+12,640,390,1,8000,68,0,2400,240,100,149000,1,400000,7,5,1,4,1580,FEMALE,23,6,1,100,0,0,0,3,1,10,101,1,10,45000,0,0,483,0
2023,202301,1330088,2.02E+12,820,390,1,2500,65,0,1200,9993,760,176000,1,400000,15,4,1,1,830,MALE,57,1,8,826,3,300,0,4,2,11,114,1,10,75000,0,0,501,0
2023,202301,1330088,2.02E+12,820,390,1,2500,65,0,1200,9993,760,176000,1,400000,15,4,1,2,380,FEMALE,58,1,1,100,0,0,0,3,1,11,114,1,10,101000,0,0,501,0
2023,202301,1340258,2.02E+12,80,390,1,6000,66,0,4440,600,40,183400,1,400000,5,3,1,1,80,FEMALE,41,1,8,826,1,100,0,3,2,10,101,1,10,72400,0,0,501,0
2023,202301,1340258,2.02E+12,80,390,1,6000,66,0,4440,600,40,183400,1,400000,5,3,1,2,100,MALE,52,1,8,826,1,100,0,3,2,7,71,1,10,96000,0,0,501,0
2023,202301,1340258,2.02E+12,80,390,1,6000,66,0,4440,600,40,183400,1,400000,5,3,1,3,100,FEMALE,4,6,8,826,1,100,0,0,2,0,2,0,0,9999999,99999,99999,501,0
2023,202301,1340258,2.02E+12,80,390,1,6000,66,0,4440,600,40,183400,1,400000,5,3,1,4,120,MALE,2,6,8,826,1,100,0,0,2,0,1,0,0,9999999,99999,99999,501,0
2023,202301,1340258,2.02E+12,80,390,1,6000,66,0,4440,600,40,183400,1,400000,5,3,1,5,70,FEMALE,60,5,8,826,1,100,2,3,2,6,61,3,30,15000,0,0,501,0
2023,202301,1352558,2.02E+12,3270,390,1,1200,67,0,3120,9993,120,162100,1,400000,9,4,1,1,3260,FEMALE,24,6,1,100,0,0,0,3,1,10,101,1,10,30000,0,0,501,0
2023,202301,1352558,2.02E+12,3270,390,1,1200,67,0,3120,9993,120,162100,1,400000,9,4,1,2,2970,FEMALE,21,6,1,100,0,0,0,3,1,6,63,3,30,0,0,0,501,0
2023,202301,1352558,2.02E+12,3270,390,1,1200,67,0,3120,9993,120,162100,1,400000,9,4,1,3,1670,FEMALE,50,3,1,100,0,0,0,3,1,6,63,1,12,70000,0,0,501,0
2023,202301,1352558,2.02E+12,3270,390,1,1200,67,0,3120,9993,120,162100,1,400000,9,4,1,4,1390,MALE,40,2,1,100,0,0,0,3,1,6,63,1,10,62100,0,0,501,0
2023,202301,181928,2.02E+12,1660,390,1,1200,52,0,2400,9990,1000,94000,1,408000,6,4,1,1,1660,FEMALE,38,6,8,826,1,100,2,4,2,11,114,1,10,94000,0,0,390,0
2023,202301,181928,2.02E+12,1660,390,1,1200,52,0,2400,9990,1000,94000,1,408000,6,4,1,2,1870,FEMALE,10,6,8,826,1,100,0,4,2,1,16,0,0,9999999,99999,99999,390,0
2023,202301,181928,2.02E+12,1660,390,1,1200,52,0,2400,9990,1000,94000,1,408000,6,4,1,3,1610,FEMALE,3,6,8,826,1,100,0,0,2,0,2,0,0,9999999,99999,99999,390,0
2023,202301,532218,2.02E+12,740,390,1,1800,37,0,3000,9992,9993,508000,1,410000,9,5,1,1,730,FEMALE,42,1,1,100,0,0,0,3,1,8,81,1,10,40000,0,0,501,0
2023,202301,532218,2.02E+12,740,390,1,1800,37,0,3000,9992,9993,508000,1,410000,9,5,1,2,780,MALE,43,1,1,100,0,0,0,3,1,10,101,1,10,468000,0,0,501,0
2023,202301,532218,2.02E+12,740,390,1,1800,37,0,3000,9992,9993,508000,1,410000,9,5,1,3,750,MALE,15,6,1,100,0,0,0,3,1,3,30,0,0,0,0,0,501,0
2023,202301,532218,2.02E+12,740,390,1,1800,37,0,3000,9992,9993,508000,1,410000,9,5,1,4,700,FEMALE,12,6,1,100,0,0,0,3,1,2,23,0,0,9999999,99999,99999,501,0
2023,202301,1125428,2.02E+12,870,390,1,2000,53,0,2040,1920,1200,101000,1,410000,5,4,1,1,880,MALE,52,1,1,100,0,0,0,3,1,7,71,1,10,101000,0,0,501,0
2023,202301,1125428,2.02E+12,870,390,1,2000,53,0,2040,1920,1200,101000,1,410000,5,4,1,2,640,FEMALE,53,1,3,398,0,0,0,3,1,10,101,2,20,0,0,0,501,0
2023,202301,860048,2.02E+12,1470,390,1,1300,69,0,600,2280,50,307000,1,415000,2,4,1,1,1480,FEMALE,52,1,7,700,2,200,0,4,1,8,81,1,10,140000,0,0,501,0
2023,202301,860048,2.02E+12,1470,390,1,1300,69,0,600,2280,50,307000,1,415000,2,4,1,2,1910,MALE,51,1,7,700,2,200,0,4,1,6,63,1,10,85000,0,0,501,0
2023,202301,860048,2.02E+12,1470,390,1,1300,69,0,600,2280,50,307000,1,415000,2,4,1,3,1130,MALE,31,6,7,700,2,200,0,3,1,10,101,1,10,45000,0,0,501,0
2023,202301,860048,2.02E+12,1470,390,1,1300,69,0,600,2280,50,307000,1,415000,2,4,1,4,1090,FEMALE,29,6,7,700,2,200,0,4,1,7,71,1,10,37000,0,0,501,0
2023,202301,849668,2.02E+12,710,390,1,1400,66,0,1560,1680,70,180700,1,420000,4,5,1,1,710,MALE,75,1,1,100,0,0,0,3,1,11,114,3,30,120700,45700,0,501,0
2023,202301,849668,2.02E+12,710,390,1,1400,66,0,1560,1680,70,180700,1,420000,4,5,1,2,1440,FEMALE,51,1,1,100,0,0,0,3,1,11,114,1,10,60000,0,0,501,0
2023,202301,849668,2.02E+12,710,390,1,1400,66,0,1560,1680,70,180700,1,420000,4,5,1,3,850,FEMALE,12,6,1,100,0,0,0,3,1,2,23,0,0,9999999,99999,99999,501,0
2023,202301,849668,2.02E+12,710,390,1,1400,66,0,1560,1680,70,180700,1,420000,4,5,1,4,860,FEMALE,11,6,1,100,0,0,0,3,1,2,22,0,0,9999999,99999,99999,501,0
2023,202301,1356178,2.02E+12,510,390,1,2700,66,0,1920,1560,160,70000,1,420000,7,5,1,1,510,MALE,44,3,6,610,0,0,0,4,1,11,114,1,10,70000,0,0,450,0
2023,202301,1122848,2.02E+12,870,390,1,1600,45,0,2880,2400,880,49500,1,421000,2,4,1,1,860,FEMALE,74,1,9,905,0,0,0,3,3,7,71,1,12,23400,14200,0,274,0
2023,202301,1122848,2.02E+12,870,390,1,1600,45,0,2880,2400,880,49500,1,421000,2,4,1,2,730,MALE,82,1,1,100,0,0,0,3,1,11,114,3,30,26100,20400,0,274,0
2023,202301,1312928,2.02E+12,340,390,1,1200,69,0,4800,480,800,292000,1,423000,25,4,1,1,340,FEMALE,50,1,1,100,0,0,0,3,1,10,101,1,10,70000,0,0,501,0
2023,202301,1312928,2.02E+12,340,390,1,1200,69,0,4800,480,800,292000,1,423000,25,4,1,2,320,MALE,52,1,1,100,0,0,0,3,1,10,101,1,10,220000,0,0,501,0
2023,202301,1312928,2.02E+12,340,390,1,1200,69,0,4800,480,800,292000,1,423000,25,4,1,3,320,MALE,20,6,1,100,0,0,0,3,1,10,101,1,10,2000,0,0,501,0
2023,202301,864118,2.02E+12,650,390,1,1000,67,0,2400,2400,1400,142400,1,425000,5,4,1,1,640,FEMALE,79,6,1,100,0,0,0,6,1,10,101,3,30,142400,31500,0,501,0
2023,202301,1110698,2.02E+12,1040,390,1,300,47,0,1560,1080,90,272000,1,425000,7,4,1,1,1040,MALE,54,1,1,100,0,0,0,3,1,10,101,1,12,132000,0,0,501,0
2023,202301,1110698,2.02E+12,1040,390,1,300,47,0,1560,1080,90,272000,1,425000,7,4,1,2,900,FEMALE,52,1,1,100,0,0,0,3,1,11,114,1,10,140000,0,0,501,0
2023,202301,1116958,2.02E+12,660,390,1,1300,63,0,3360,9993,600,133200,1,425000,6,4,1,1,660,MALE,68,1,1,100,0,0,0,3,1,7,71,3,30,88800,22800,0,501,0
2023,202301,1116958,2.02E+12,660,390,1,1300,63,0,3360,9993,600,133200,1,425000,6,4,1,2,670,FEMALE,61,1,1,100,0,0,0,3,1,8,81,3,30,44400,0,0,501,0
2023,202301,1121708,2.02E+12,2020,390,1,1000,47,0,600,9993,1800,194000,1,425000,6,4,1,1,2030,FEMALE,50,4,1,100,0,0,0,3,1,10,101,1,10,194000,0,0,501,0
2023,202301,1127898,2.02E+12,580,390,1,750,32,0,1800,1080,50,73000,1,425000,4,4,1,1,590,FEMALE,65,5,1,100,0,0,0,3,1,6,63,3,30,73000,0,0,501,0
2023,202301,1321798,2.02E+12,1770,390,1,2000,69,0,2400,480,1300,250000,1,425000,9,5,1,1,1760,MALE,41,1,6,640,0,0,0,5,1,10,101,2,20,50000,0,0,501,0
2023,202301,1321798,2.02E+12,1770,390,1,2000,69,0,2400,480,1300,250000,1,425000,9,5,1,2,2320,FEMALE,41,1,6,640,0,0,0,4,1,10,101,1,10,200000,0,0,501,0
2023,202301,1321798,2.02E+12,1770,390,1,2000,69,0,2400,480,1300,250000,1,425000,9,5,1,3,1930,FEMALE,10,6,6,640,0,0,0,3,1,1,16,0,0,9999999,99999,99999,501,0
2023,202301,1321798,2.02E+12,1770,390,1,2000,69,0,2400,480,1300,250000,1,425000,9,5,1,4,1800,MALE,8,6,6,640,0,0,0,3,1,1,15,0,0,9999999,99999,99999,501,0
2023,202301,1321798,2.02E+12,1770,390,1,2000,69,0,2400,480,1300,250000,1,425000,9,5,1,5,1790,MALE,8,6,6,640,0,0,0,3,1,1,15,0,0,9999999,99999,99999,501,0
2023,202301,1117398,2.02E+12,950,390,1,780,60,0,2760,9993,500,24100,1,429000,26,4,1,1,950,FEMALE,67,1,9,985,0,0,0,3,3,10,101,3,30,24100,17700,0,133,0
2023,202301,1117398,2.02E+12,950,390,1,780,60,0,2760,9993,500,24100,1,429000,26,4,1,2,1170,MALE,48,1,1,100,0,0,0,3,1,10,101,3,30,0,0,0,133,0
2023,202301,853818,2.02E+12,1830,390,1,2000,67,0,3600,3600,1200,146000,1,430000,4,4,1,1,1830,FEMALE,64,1,1,100,0,0,0,3,1,10,101,1,10,96000,0,0,501,0
2023,202301,853818,2.02E+12,1830,390,1,2000,67,0,3600,3600,1200,146000,1,430000,4,4,1,2,1810,MALE,58,1,1,100,0,0,0,3,1,6,63,1,10,50000,0,0,501,0
2023,202301,519748,2.02E+12,570,390,1,1,63,0,9993,600,9993,70000,1,450000,27,3,3,1,570,MALE,52,1,1,100,0,0,0,5,1,6,63,1,10,60000,0,0,350,0
2023,202301,519748,2.02E+12,570,390,1,1,63,0,9993,600,9993,70000,1,450000,27,3,3,2,550,FEMALE,53,1,1,100,0,0,0,5,1,0,2,1,10,10000,0,0,350,0
2023,202301,533578,2.02E+12,710,390,1,2500,63,0,2400,9992,9993,70000,1,450000,27,5,1,1,710,MALE,32,6,1,100,0,0,0,3,1,10,101,1,10,70000,0,0,450,0
2023,202301,838308,2.02E+12,570,390,1,1200,66,0,960,720,1000,182000,1,450000,4,4,1,1,570,MALE,60,1,1,100,0,0,0,3,1,6,63,1,10,125000,0,0,501,0
2023,202301,838308,2.02E+12,570,390,1,1200,66,0,960,720,1000,182000,1,450000,4,4,1,2,790,FEMALE,58,1,8,826,2,200,0,4,2,7,71,1,10,57000,0,0,501,0
2023,202301,840948,2.02E+12,720,390,1,800,68,0,1320,1080,60,126500,1,450000,3,4,1,1,730,FEMALE,59,4,2,200,0,0,2,3,1,11,114,1,10,125000,0,0,501,0
2023,202301,840948,2.02E+12,720,390,1,800,68,0,1320,1080,60,126500,1,450000,3,4,1,2,350,FEMALE,16,6,2,200,0,0,0,3,1,4,40,3,30,1500,0,0,501,0
2023,202301,840948,2.02E+12,720,390,1,800,68,0,1320,1080,60,126500,1,450000,3,4,1,3,490,MALE,13,6,2,200,0,0,0,3,1,2,23,0,0,9999999,99999,99999,501,0
2023,202301,841678,2.02E+12,610,390,1,200,69,0,3000,1800,80,181000,1,450000,1,4,1,1,610,FEMALE,30,1,1,100,0,0,0,4,1,11,114,1,10,76000,0,0,501,0
2023,202301,841678,2.02E+12,610,390,1,200,69,0,3000,1800,80,181000,1,450000,1,4,1,2,650,MALE,30,1,1,100,0,0,2,4,1,11,114,1,10,105000,0,0,501,0
2023,202301,842018,2.02E+12,540,390,1,3000,69,0,3000,3600,4500,78000,1,450000,1,7,1,1,540,MALE,57,1,6,610,0,0,2,4,1,10,101,3,30,58000,0,0,390,0
2023,202301,842018,2.02E+12,540,390,1,3000,69,0,3000,3600,4500,78000,1,450000,1,7,1,2,580,FEMALE,56,1,6,610,0,0,2,3,1,6,65,3,30,20000,0,0,390,0
2023,202301,848478,2.02E+12,750,390,1,2100,68,0,1080,1320,60,260300,1,450000,1,4,1,1,750,MALE,73,1,2,200,0,0,2,5,1,6,61,3,30,50000,22800,0,501,0
2023,202301,848478,2.02E+12,750,390,1,2100,68,0,1080,1320,60,260300,1,450000,1,4,1,2,520,FEMALE,76,1,2,200,0,0,2,5,1,10,101,1,10,146300,2300,0,501,0
2023,202301,848478,2.02E+12,750,390,1,2100,68,0,1080,1320,60,260300,1,450000,1,4,1,3,520,FEMALE,45,6,2,200,0,0,0,4,1,11,114,1,10,64000,0,0,501,0
2023,202301,852428,2.02E+12,540,390,1,1300,65,0,2880,2880,90,163000,1,450000,1,3,1,1,540,FEMALE,47,6,2,200,0,0,0,3,1,10,101,1,10,103000,0,0,501,0
2023,202301,852428,2.02E+12,540,390,1,1300,65,0,2880,2880,90,163000,1,450000,1,3,1,2,520,MALE,47,6,2,200,0,0,0,3,1,6,63,1,10,60000,0,0,501,0
2023,202301,866328,2.02E+12,460,390,1,1200,69,0,2160,3240,120,84000,1,450000,1,4,1,1,460,MALE,69,1,1,100,0,0,0,3,1,6,63,3,30,84000,36000,0,465,0
2023,202301,866328,2.02E+12,460,390,1,1200,69,0,2160,3240,120,84000,1,450000,1,4,1,2,390,FEMALE,53,1,7,700,4,422,2,4,1,7,71,3,30,0,0,0,465,0
2023,202301,866818,2.02E+12,560,390,1,1,69,0,1080,9992,1000,220000,1,450000,2,2,1,1,560,MALE,34,1,9,982,4,460,0,4,4,11,115,1,10,168000,0,0,501,0
2023,202301,866818,2.02E+12,560,390,1,1,69,0,1080,9992,1000,220000,1,450000,2,2,1,2,560,FEMALE,34,1,9,982,2,200,0,4,4,8,81,1,10,52000,0,0,501,0
2023,202301,866818,2.02E+12,560,390,1,1,69,0,1080,9992,1000,220000,1,450000,2,2,1,3,440,MALE,15,6,8,826,4,460,0,4,2,3,30,0,0,0,0,0,501,0
2023,202301,869808,2.02E+12,470,390,1,1400,66,0,3960,9992,110,222700,1,450000,5,4,1,1,480,FEMALE,75,1,1,100,0,0,0,3,1,7,71,3,30,0,0,0,501,0
2023,202301,869808,2.02E+12,470,390,1,1400,66,0,3960,9992,110,222700,1,450000,5,4,1,2,450,MALE,78,1,1,100,0,0,0,3,1,11,114,3,30,222700,45700,0,501,0
2023,202301,1117848,2.02E+12,910,390,1,460,63,0,960,480,1400,117020,1,450000,5,3,1,1,910,MALE,74,1,1,100,0,0,0,3,1,11,116,3,30,51900,32200,0,501,0
2023,202301,1117848,2.02E+12,910,390,1,460,63,0,960,480,1400,117020,1,450000,5,3,1,2,1060,FEMALE,71,1,1,100,0,0,0,3,1,11,114,3,30,65120,44900,0,501,0
2023,202301,1119868,2.02E+12,220,390,1,2000,44,0,1800,9993,600,94000,1,450000,4,5,1,1,220,FEMALE,65,1,1,100,0,0,0,4,1,7,71,3,30,39000,15000,0,501,0
2023,202301,1119868,2.02E+12,220,390,1,2000,44,0,1800,9993,600,94000,1,450000,4,5,1,2,210,MALE,61,1,1,100,0,0,0,3,1,6,65,3,30,55000,15000,0,501,0
2023,202301,1119958,2.02E+12,2440,390,1,780,65,0,3000,9993,60,88350,1,450000,3,5,1,1,2430,FEMALE,63,1,1,100,0,0,0,3,1,10,101,1,10,17350,0,0,441,0
2023,202301,1119958,2.02E+12,2440,390,1,780,65,0,3000,9993,60,88350,1,450000,3,5,1,2,2120,MALE,70,1,1,100,0,0,0,3,1,6,61,1,10,71000,25000,0,441,0
2023,202301,1125528,2.02E+12,160,390,1,3100,47,0,3600,9993,9993,38300,1,450000,1,6,1,1,160,MALE,83,1,1,100,0,0,0,3,1,0,2,3,30,1000,0,0,212,0
2023,202301,1125528,2.02E+12,160,390,1,3100,47,0,3600,9993,9993,38300,1,450000,1,6,1,2,200,FEMALE,79,1,1,100,0,0,0,3,1,11,114,1,10,37300,18000,0,212,0
2023,202301,1125528,2.02E+12,160,390,1,3100,47,0,3600,9993,9993,38300,1,450000,1,6,1,3,300,FEMALE,47,6,7,700,1,100,3,3,1,0,2,3,30,0,0,0,1,0
2023,202301,1126908,2.02E+12,490,390,1,1200,47,0,2160,9993,9993,7900,1,450000,3,4,3,1,490,MALE,67,6,1,100,0,0,0,3,1,6,63,3,30,7900,10300,0,55,0
2023,202301,1127308,2.02E+12,540,390,1,530,42,0,1920,9993,50,30000,1,450000,3,4,1,1,540,MALE,68,1,1,100,0,0,0,3,1,10,101,3,30,15000,0,0,166,0
2023,202301,1127308,2.02E+12,540,390,1,530,42,0,1920,9993,50,30000,1,450000,3,4,1,2,620,FEMALE,70,1,1,100,0,0,0,3,1,10,101,3,30,15000,0,0,166,0
2023,202301,1366728,2.02E+12,1570,390,1,3000,69,0,3000,600,1100,117000,1,450000,9,5,1,1,1580,MALE,56,1,2,200,0,0,0,3,1,7,71,1,10,75000,0,0,386,0
2023,202301,1366728,2.02E+12,1570,390,1,3000,69,0,3000,600,1100,117000,1,450000,9,5,1,2,1860,FEMALE,48,1,2,200,0,0,0,3,1,7,71,1,10,42000,0,0,386,0
2023,202301,1366728,2.02E+12,1570,390,1,3000,69,0,3000,600,1100,117000,1,450000,9,5,1,3,2030,MALE,11,6,2,200,0,0,0,3,1,2,22,0,0,9999999,99999,99999,386,0
2023,202301,1366728,2.02E+12,1570,390,1,3000,69,0,3000,600,1100,117000,1,450000,9,5,1,4,2020,MALE,9,6,2,200,0,0,0,3,1,1,15,0,0,9999999,99999,99999,386,0
2023,202301,856578,2.02E+12,2830,390,1,1000,67,0,960,480,1100,159500,1,460000,2,5,1,1,2830,FEMALE,53,1,8,826,4,423,3,5,2,6,63,1,10,70000,0,0,501,0
2023,202301,856578,2.02E+12,2830,390,1,1000,67,0,960,480,1100,159500,1,460000,2,5,1,2,3440,MALE,49,1,8,826,2,200,0,5,2,7,71,1,10,85000,0,0,501,0
2023,202301,856578,2.02E+12,2830,390,1,1000,67,0,960,480,1100,159500,1,460000,2,5,1,3,2480,FEMALE,21,6,8,826,4,423,0,4,2,8,81,3,30,0,0,0,501,0
2023,202301,856578,2.02E+12,2830,390,1,1000,67,0,960,480,1100,159500,1,460000,2,5,1,4,2460,FEMALE,20,6,8,826,4,423,0,4,2,7,71,1,10,4500,0,0,501,0
2023,202301,872548,2.02E+12,850,390,1,870,67,0,840,2400,780,105600,1,460000,3,4,1,1,850,FEMALE,30,6,1,100,0,0,0,3,1,11,114,1,10,105600,0,0,501,0
2023,202301,839888,2.02E+12,1150,390,1,1,63,0,9993,1680,500,140000,1,475000,3,4,1,1,1150,MALE,57,4,1,100,0,0,0,3,1,10,101,1,10,140000,0,0,501,0
2023,202301,861028,2.02E+12,460,390,1,6000,66,0,3600,3600,2700,118000,1,475000,2,5,1,1,450,FEMALE,48,1,1,100,0,0,0,3,1,10,101,1,10,6000,0,0,389,0
2023,202301,861028,2.02E+12,460,390,1,6000,66,0,3600,3600,2700,118000,1,475000,2,5,1,2,700,MALE,48,1,1,100,0,0,0,3,1,11,115,1,10,112000,0,0,389,0
2023,202301,861028,2.02E+12,460,390,1,6000,66,0,3600,3600,2700,118000,1,475000,2,5,1,3,920,MALE,15,6,1,100,0,0,0,3,1,3,30,0,0,0,0,0,389,0
2023,202301,861028,2.02E+12,460,390,1,6000,66,0,3600,3600,2700,118000,1,475000,2,5,1,4,560,FEMALE,10,6,1,100,0,0,0,3,1,1,17,0,0,9999999,99999,99999,389,0
2023,202301,866358,2.02E+12,610,390,1,1000,67,0,1800,4200,30,12100,1,475000,1,4,1,1,610,FEMALE,49,1,8,856,4,426,3,5,2,7,71,3,30,0,0,0,40,0
2023,202301,866358,2.02E+12,610,390,1,1000,67,0,1800,4200,30,12100,1,475000,1,4,1,2,670,MALE,46,1,8,856,4,426,2,5,2,2,26,3,30,12100,0,0,40,0
2023,202301,866358,2.02E+12,610,390,1,1000,67,0,1800,4200,30,12100,1,475000,1,4,1,3,740,FEMALE,17,6,8,856,4,498,2,3,2,5,50,3,30,0,0,0,40,0
2023,202301,866358,2.02E+12,610,390,1,1000,67,0,1800,4200,30,12100,1,475000,1,4,1,4,550,MALE,7,6,7,700,4,426,2,6,1,1,15,0,0,9999999,99999,99999,40,0
2023,202301,1124788,2.02E+12,1010,390,1,1000,47,0,1200,720,50,180150,1,475000,9,4,1,1,1010,MALE,40,1,1,100,0,0,0,3,1,7,71,1,10,90150,0,0,501,0
2023,202301,1124788,2.02E+12,1010,390,1,1000,47,0,1200,720,50,180150,1,475000,9,4,1,2,770,FEMALE,41,1,9,926,0,0,0,3,2,10,101,1,10,90000,0,0,501,0
2023,202301,1124788,2.02E+12,1010,390,1,1000,47,0,1200,720,50,180150,1,475000,9,4,1,3,730,FEMALE,9,6,9,926,0,0,0,3,2,1,16,0,0,9999999,99999,99999,501,0
2023,202301,1313798,2.02E+12,140,390,1,7000,69,0,2400,480,130,135000,1,475000,7,5,1,1,140,MALE,33,1,8,802,0,0,0,3,2,11,114,1,10,120000,0,0,501,0
2023,202301,1313798,2.02E+12,140,390,1,7000,69,0,2400,480,130,135000,1,475000,7,5,1,2,510,FEMALE,33,1,1,100,0,0,0,3,1,11,114,1,10,15000,0,0,501,0
2023,202301,1357738,2.02E+12,850,390,1,3000,45,0,4800,360,50,195940,1,475000,9,4,1,1,860,FEMALE,31,1,1,100,0,0,0,3,1,10,101,1,10,70000,0,0,501,0
2023,202301,1357738,2.02E+12,850,390,1,3000,45,0,4800,360,50,195940,1,475000,9,4,1,2,730,MALE,32,1,1,100,0,0,0,3,1,10,101,1,10,125940,0,0,501,0
2023,202301,1357738,2.02E+12,850,390,1,3000,45,0,4800,360,50,195940,1,475000,9,4,1,3,960,FEMALE,5,6,1,100,0,0,0,3,1,1,11,0,0,9999999,99999,99999,501,0
2023,202301,868128,2.02E+12,2750,390,1,760,68,0,960,360,1200,150100,1,480000,1,4,1,1,2740,FEMALE,58,1,1,100,0,0,0,3,1,10,101,1,10,150100,0,0,501,0
2023,202301,868128,2.02E+12,2750,390,1,760,68,0,960,360,1200,150100,1,480000,1,4,1,2,2360,MALE,58,1,8,802,0,0,0,3,2,11,114,3,30,0,0,0,501,0
2023,202301,1111728,2.02E+12,710,390,1,800,55,0,1200,3120,420,97700,1,480000,9,4,1,1,700,MALE,83,1,1,100,0,0,0,3,1,1,11,3,30,97700,29300,0,501,0
2023,202301,1111728,2.02E+12,710,390,1,800,55,0,1200,3120,420,97700,1,480000,9,4,1,2,830,FEMALE,78,1,1,100,0,0,0,3,1,6,63,3,30,0,0,0,501,0
2023,202301,1121818,2.02E+12,940,390,1,1100,63,0,2400,9993,80,96450,1,480000,4,4,1,1,950,FEMALE,67,1,8,826,1,100,0,3,2,6,65,3,30,36200,0,0,413,0
2023,202301,1121818,2.02E+12,940,390,1,1100,63,0,2400,9993,80,96450,1,480000,4,4,1,2,590,MALE,65,1,1,100,0,0,0,3,1,10,101,1,10,60000,0,0,413,0
2023,202301,1121818,2.02E+12,940,390,1,1100,63,0,2400,9993,80,96450,1,480000,4,4,1,3,1010,MALE,24,6,8,826,1,100,0,3,2,10,101,1,10,250,0,0,413,0
2023,202301,1335508,2.02E+12,1030,390,1,2000,65,0,6000,720,60,220700,1,485000,7,5,1,1,1030,FEMALE,60,1,2,200,0,0,0,3,1,10,101,1,10,160000,0,0,501,0
2023,202301,1335508,2.02E+12,1030,390,1,2000,65,0,6000,720,60,220700,1,485000,7,5,1,2,1400,MALE,64,1,2,200,0,0,0,3,1,6,65,3,30,7700,1300,0,501,0
2023,202301,1335508,2.02E+12,1030,390,1,2000,65,0,6000,720,60,220700,1,485000,7,5,1,3,2490,MALE,27,6,2,200,0,0,0,3,1,10,101,1,10,53000,0,0,501,0
2023,202301,1119048,2.02E+12,460,390,1,800,52,0,1440,600,30,150000,1,490000,9,5,1,1,460,FEMALE,48,6,6,600,0,0,2,5,1,10,101,1,10,150000,0,0,501,0
2023,202301,172348,2.02E+12,220,390,1,4000,63,0,960,3600,9993,383000,1,500000,7,4,1,1,220,FEMALE,41,1,7,700,1,100,0,4,1,8,81,3,30,0,0,0,501,0
2023,202301,172348,2.02E+12,220,390,1,4000,63,0,960,3600,9993,383000,1,500000,7,4,1,2,200,MALE,40,1,2,200,0,0,0,3,1,10,101,1,10,383000,0,0,501,0
2023,202301,172348,2.02E+12,220,390,1,4000,63,0,960,3600,9993,383000,1,500000,7,4,1,3,220,MALE,13,6,8,845,1,100,0,6,2,2,25,0,0,9999999,99999,99999,501,0
2023,202301,172348,2.02E+12,220,390,1,4000,63,0,960,3600,9993,383000,1,500000,7,4,1,4,220,MALE,8,6,8,845,1,100,0,6,2,1,15,0,0,9999999,99999,99999,501,0
2023,202301,841238,2.02E+12,800,390,1,1100,69,0,1920,9993,810,103700,1,500000,2,5,1,1,800,FEMALE,77,6,1,100,0,0,0,3,1,10,101,1,10,47100,11900,0,501,0
2023,202301,841238,2.02E+12,800,390,1,1100,69,0,1920,9993,810,103700,1,500000,2,5,1,2,710,MALE,72,4,1,100,0,0,0,3,1,6,65,1,10,56600,38500,0,501,0
2023,202301,843598,2.02E+12,1940,390,1,1200,69,0,2400,1200,720,142200,2,500000,1,5,1,1,1940,MALE,55,4,8,845,4,426,2,5,2,6,63,1,10,70000,0,0,461,0
2023,202301,843598,2.02E+12,1940,390,1,1200,69,0,2400,1200,720,142200,2,500000,1,5,1,2,1710,FEMALE,40,6,7,700,4,423,3,6,1,6,61,1,10,53000,0,0,461,0
2023,202301,843598,2.02E+12,1940,390,1,1200,69,0,2400,1200,720,142200,2,500000,1,5,1,3,3020,MALE,80,1,7,700,4,426,2,1,1,6,61,3,30,10800,10800,0,461,0
2023,202301,843598,2.02E+12,1940,390,1,1200,69,0,2400,1200,720,142200,2,500000,1,5,1,4,2140,FEMALE,70,1,7,700,4,426,2,6,1,6,61,3,30,8400,8400,0,461,0
2023,202301,847018,2.02E+12,1190,390,1,1100,69,0,1200,2760,2000,314000,1,500000,7,4,1,1,1180,MALE,45,4,4,400,0,0,2,4,1,11,116,1,10,289000,0,0,501,0
2023,202301,847018,2.02E+12,1190,390,1,1100,69,0,1200,2760,2000,314000,1,500000,7,4,1,2,710,FEMALE,74,1,4,400,0,0,3,1,1,6,63,3,30,15000,0,0,501,0
2023,202301,847018,2.02E+12,1190,390,1,1100,69,0,1200,2760,2000,314000,1,500000,7,4,1,3,880,MALE,73,1,4,400,0,0,3,6,1,7,71,3,30,10000,0,0,501,0
2023,202301,850178,2.02E+12,510,390,1,720,66,0,1440,2400,1000,67500,1,500000,1,4,1,1,510,FEMALE,72,5,1,100,0,0,0,3,1,10,101,3,30,25500,11900,0,374,0
2023,202301,850178,2.02E+12,510,390,1,720,66,0,1440,2400,1000,67500,1,500000,1,4,1,2,430,MALE,33,6,1,100,0,0,0,3,1,10,101,1,10,42000,0,0,374,0
2023,202301,852398,2.02E+12,730,390,1,1200,67,0,1680,2160,80,48000,1,500000,7,4,1,1,730,MALE,43,1,7,700,4,424,3,6,1,0,2,1,10,48000,0,0,158,0
2023,202301,852398,2.02E+12,730,390,1,1200,67,0,1680,2160,80,48000,1,500000,7,4,1,2,760,FEMALE,34,1,7,700,4,424,3,1,1,6,63,3,30,0,0,0,158,0
2023,202301,852398,2.02E+12,730,390,1,1200,67,0,1680,2160,80,48000,1,500000,7,4,1,3,900,FEMALE,13,6,7,700,4,498,0,4,1,2,26,0,0,9999999,99999,99999,158,0
2023,202301,852398,2.02E+12,730,390,1,1200,67,0,1680,2160,80,48000,1,500000,7,4,1,4,900,FEMALE,9,6,7,700,4,498,0,4,1,1,17,0,0,9999999,99999,99999,158,0
2023,202301,852698,2.02E+12,730,390,1,9000,69,0,3360,9993,500,335000,1,500000,1,6,1,1,730,MALE,72,3,1,100,0,0,2,4,1,11,116,1,10,335000,35000,0,501,0
2023,202301,853178,2.02E+12,2020,390,1,1200,68,0,2400,360,980,190000,1,500000,3,4,1,1,2020,FEMALE,37,1,2,200,0,0,2,3,1,7,71,2,20,0,0,0,501,0
2023,202301,853178,2.02E+12,2020,390,1,1200,68,0,2400,360,980,190000,1,500000,3,4,1,2,3060,MALE,36,1,8,845,0,0,0,3,2,10,101,1,10,190000,0,0,501,0
2023,202301,853178,2.02E+12,2020,390,1,1200,68,0,2400,360,980,190000,1,500000,3,4,1,3,2630,FEMALE,13,6,2,200,0,0,0,3,1,2,25,0,0,9999999,99999,99999,501,0
2023,202301,853178,2.02E+12,2020,390,1,1200,68,0,2400,360,980,190000,1,500000,3,4,1,4,2660,MALE,9,6,2,200,0,0,0,3,1,1,16,0,0,9999999,99999,99999,501,0
2023,202301,855348,2.02E+12,460,390,1,2100,69,0,2520,2520,1100,211800,1,500000,1,3,1,1,460,MALE,82,1,1,100,0,0,0,3,1,11,116,1,10,121800,32000,0,501,0
2023,202301,855348,2.02E+12,460,390,1,2100,69,0,2520,2520,1100,211800,1,500000,1,3,1,2,550,FEMALE,63,1,1,100,0,0,2,4,1,6,65,3,30,0,0,0,501,0
2023,202301,855348,2.02E+12,460,390,1,2100,69,0,2520,2520,1100,211800,1,500000,1,3,1,3,450,MALE,35,6,1,100,0,0,0,4,1,11,115,1,10,90000,0,0,501,0
2023,202301,864468,2.02E+12,920,390,1,1,69,0,2400,1800,150,399940,1,500000,3,5,1,1,920,FEMALE,67,1,1,100,0,0,0,3,1,11,115,3,30,19000,12000,0,501,0
2023,202301,864468,2.02E+12,920,390,1,1,69,0,2400,1800,150,399940,1,500000,3,5,1,2,1100,MALE,74,1,1,100,0,0,0,3,1,11,115,1,10,152500,25000,0,501,0
2023,202301,864468,2.02E+12,920,390,1,1,69,0,2400,1800,150,399940,1,500000,3,5,1,3,810,FEMALE,40,6,1,100,0,0,1,3,1,6,63,3,30,20000,20000,0,501,0
2023,202301,864468,2.02E+12,920,390,1,1,69,0,2400,1800,150,399940,1,500000,3,5,1,4,830,MALE,38,6,1,100,0,0,1,3,1,10,101,3,30,440,0,0,501,0
2023,202301,864468,2.02E+12,920,390,1,1,69,0,2400,1800,150,399940,1,500000,3,5,1,5,1100,FEMALE,13,6,1,100,0,0,0,3,1,2,25,0,0,9999999,99999,99999,501,0
2023,202301,864468,2.02E+12,920,390,1,1,69,0,2400,1800,150,399940,1,500000,3,5,1,6,1090,FEMALE,10,6,1,100,0,0,0,3,1,2,22,0,0,9999999,99999,99999,501,0
2023,202301,864468,2.02E+12,920,390,1,1,69,0,2400,1800,150,399940,1,500000,3,5,1,7,1130,MALE,45,2,1,100,0,0,0,3,1,11,114,1,10,208000,0,0,501,0
2023,202301,871278,2.02E+12,630,390,1,690,69,0,1920,1080,120,247000,1,500000,4,5,1,1,630,FEMALE,36,1,6,600,0,0,0,3,1,6,63,3,30,7000,0,0,501,0
2023,202301,871278,2.02E+12,630,390,1,690,69,0,1920,1080,120,247000,1,500000,4,5,1,2,520,MALE,38,1,7,700,2,200,0,3,1,8,81,1,10,160000,0,0,501,0
2023,202301,871278,2.02E+12,630,390,1,690,69,0,1920,1080,120,247000,1,500000,4,5,1,3,530,MALE,10,6,8,883,2,200,0,3,2,2,22,0,0,9999999,99999,99999,501,0
2023,202301,871278,2.02E+12,630,390,1,690,69,0,1920,1080,120,247000,1,500000,4,5,1,4,520,MALE,7,6,8,883,2,200,0,3,2,1,15,0,0,9999999,99999,99999,501,0
2023,202301,871278,2.02E+12,630,390,1,690,69,0,1920,1080,120,247000,1,500000,4,5,1,5,660,MALE,2,6,8,883,2,200,0,0,2,0,1,0,0,9999999,99999,99999,501,0
2023,202301,871278,2.02E+12,630,390,1,690,69,0,1920,1080,120,247000,1,500000,4,5,1,6,490,FEMALE,63,5,6,600,0,0,2,4,1,8,81,1,10,80000,0,0,501,0
2023,202301,1111788,2.02E+12,360,390,1,1400,25,0,1440,9993,9993,14800,1,500000,15,4,1,1,350,FEMALE,72,5,1,100,0,0,0,3,1,6,65,1,10,14800,14200,0,82,0
2023,202301,1111788,2.02E+12,360,390,1,1400,25,0,1440,9993,9993,14800,1,500000,15,4,1,2,240,FEMALE,53,6,8,826,0,0,0,3,2,6,65,3,30,0,0,0,82,0
2023,202301,1114798,2.02E+12,1110,390,1,850,64,0,960,2160,2400,170600,1,500000,7,5,1,1,1110,FEMALE,40,1,1,100,0,0,0,3,1,10,101,1,10,106000,0,0,478,0
2023,202301,1114798,2.02E+12,1110,390,1,850,64,0,960,2160,2400,170600,1,500000,7,5,1,2,2520,MALE,43,1,9,982,2,200,0,3,4,8,81,1,10,64600,0,0,478,0
2023,202301,1114798,2.02E+12,1110,390,1,850,64,0,960,2160,2400,170600,1,500000,7,5,1,3,2050,MALE,15,6,8,826,2,200,0,3,2,2,26,0,0,0,0,0,478,0
2023,202301,1114798,2.02E+12,1110,390,1,850,64,0,960,2160,2400,170600,1,500000,7,5,1,4,2060,MALE,15,6,8,826,2,200,0,3,2,2,26,0,0,0,0,0,478,0
2023,202301,1114798,2.02E+12,1110,390,1,850,64,0,960,2160,2400,170600,1,500000,7,5,1,5,1870,MALE,11,6,8,826,2,200,0,3,2,1,17,0,0,9999999,99999,99999,478,0
2023,202301,1116608,2.02E+12,250,390,1,1400,50,0,4200,9993,9993,74800,2,500000,5,5,1,1,250,MALE,77,4,1,100,0,0,0,3,1,8,81,3,30,22000,22000,0,184,0
2023,202301,1116608,2.02E+12,250,390,1,1400,50,0,4200,9993,9993,74800,2,500000,5,5,1,2,250,FEMALE,70,6,1,100,0,0,0,3,1,10,101,3,30,11200,6600,0,184,0
2023,202301,1116608,2.02E+12,250,390,1,1400,50,0,4200,9993,9993,74800,2,500000,5,5,1,3,250,FEMALE,74,6,1,100,0,0,0,3,1,10,101,3,30,6600,6600,0,46,0
2023,202301,1116608,2.02E+12,250,390,1,1400,50,0,4200,9993,9993,74800,2,500000,5,5,1,4,250,FEMALE,74,2,1,100,0,0,0,3,1,7,71,3,30,35000,0,0,244,0
2023,202301,1123348,2.02E+12,830,390,1,8900,34,0,1440,1440,9993,88300,1,500000,2,4,1,1,830,MALE,75,1,1,100,0,0,0,3,1,6,63,3,30,56400,13200,0,489,0
2023,202301,1123348,2.02E+12,830,390,1,8900,34,0,1440,1440,9993,88300,1,500000,2,4,1,2,1080,FEMALE,70,1,1,100,0,0,0,3,1,8,81,3,30,31900,10900,0,489,0
2023,202301,1289808,2.02E+12,1550,390,1,3000,69,0,9993,480,100,208800,1,500000,25,5,1,1,1550,FEMALE,48,1,6,600,0,0,2,4,1,11,114,1,10,100300,0,0,501,0
2023,202301,1289808,2.02E+12,1550,390,1,3000,69,0,9993,480,100,208800,1,500000,25,5,1,2,1280,MALE,52,1,6,600,0,0,2,5,1,10,101,1,10,108500,0,0,501,0
2023,202301,1289808,2.02E+12,1550,390,1,3000,69,0,9993,480,100,208800,1,500000,25,5,1,3,1460,FEMALE,23,6,6,600,0,0,0,3,1,6,63,3,30,0,0,0,501,0
2023,202301,1289808,2.02E+12,1550,390,1,3000,69,0,9993,480,100,208800,1,500000,25,5,1,4,2220,FEMALE,17,6,6,600,0,0,0,4,1,5,50,3,30,0,0,0,501,0
2023,202301,1365568,2.02E+12,170,390,1,2600,64,0,1440,600,9993,231000,1,500000,9,5,1,1,170,MALE,36,1,1,100,0,0,0,3,1,10,101,1,10,174000,0,0,501,0
2023,202301,1365568,2.02E+12,170,390,1,2600,64,0,1440,600,9993,231000,1,500000,9,5,1,2,190,FEMALE,38,1,1,100,0,0,0,3,1,11,114,1,10,57000,0,0,501,0
2023,202301,1365568,2.02E+12,170,390,1,2600,64,0,1440,600,9993,231000,1,500000,9,5,1,3,170,MALE,6,6,1,100,0,0,0,3,1,1,11,0,0,9999999,99999,99999,501,0
2023,202301,1365568,2.02E+12,170,390,1,2600,64,0,1440,600,9993,231000,1,500000,9,5,1,4,210,FEMALE,4,6,1,100,0,0,0,0,1,0,2,0,0,9999999,99999,99999,501,0
2023,202301,1365568,2.02E+12,170,390,1,2600,64,0,1440,600,9993,231000,1,500000,9,5,1,5,210,FEMALE,0,6,1,100,0,0,0,0,1,0,1,0,0,9999999,99999,99999,501,0
2023,202301,1483978,2.02E+12,220,390,1,780,25,0,2160,1800,1400,199800,1,500000,7,4,1,1,220,MALE,60,1,1,100,0,0,0,3,1,6,63,1,10,22800,0,0,501,0
2023,202301,1483978,2.02E+12,220,390,1,780,25,0,2160,1800,1400,199800,1,500000,7,4,1,2,200,FEMALE,56,1,1,100,0,0,0,3,1,6,63,1,10,177000,0,0,501,0
2023,202301,858718,2.02E+12,530,390,1,280,68,0,3000,9992,600,116000,1,515000,9,4,1,1,520,MALE,26,1,8,826,1,100,0,4,2,4,40,1,10,53000,0,0,383,0
2023,202301,858718,2.02E+12,530,390,1,280,68,0,3000,9992,600,116000,1,515000,9,4,1,2,440,FEMALE,25,1,8,826,4,424,3,4,2,8,81,1,10,63000,0,0,383,0
2023,202301,858718,2.02E+12,530,390,1,280,68,0,3000,9992,600,116000,1,515000,9,4,1,3,730,FEMALE,4,6,8,826,1,100,0,0,2,0,2,0,0,9999999,99999,99999,383,0
2023,202301,858718,2.02E+12,530,390,1,280,68,0,3000,9992,600,116000,1,515000,9,4,1,4,730,FEMALE,1,6,8,826,1,100,0,0,2,0,1,0,0,9999999,99999,99999,383,0
2023,202301,1110758,2.02E+12,580,390,1,700,54,0,1200,9993,9993,50700,1,520000,5,4,1,1,580,MALE,67,1,1,100,0,0,0,3,1,8,81,3,30,43000,17800,0,217,0
2023,202301,1110758,2.02E+12,580,390,1,700,54,0,1200,9993,9993,50700,1,520000,5,4,1,2,650,FEMALE,60,1,1,100,0,0,0,3,1,10,101,3,30,0,0,0,217,0
2023,202301,1110758,2.02E+12,580,390,1,700,54,0,1200,9993,9993,50700,1,520000,5,4,1,3,470,FEMALE,81,4,1,100,0,0,0,3,1,6,61,3,30,7700,7700,0,217,0
2023,202301,1122398,2.02E+12,420,390,1,650,41,0,2640,600,50,24000,1,520000,5,4,1,1,410,MALE,80,5,1,100,0,0,0,3,1,7,71,3,30,24000,24000,0,167,0
2023,202301,528528,2.02E+12,230,390,1,2200,63,0,1440,1680,110,260000,1,525000,15,6,1,1,220,MALE,44,1,1,100,0,0,0,3,1,11,114,1,10,230000,0,0,501,0
2023,202301,528528,2.02E+12,230,390,1,2200,63,0,1440,1680,110,260000,1,525000,15,6,1,2,250,FEMALE,43,1,1,100,0,0,0,3,1,10,101,1,10,30000,0,0,501,0
2023,202301,528528,2.02E+12,230,390,1,2200,63,0,1440,1680,110,260000,1,525000,15,6,1,3,220,FEMALE,13,6,1,100,0,0,0,3,1,2,25,0,0,9999999,99999,99999,501,0
2023,202301,1116408,2.02E+12,570,390,1,800,9,0,3120,600,500,30000,1,525000,15,4,1,1,570,MALE,61,4,1,100,0,0,0,3,1,10,101,3,30,30000,0,0,193,0
2023,202301,1125328,2.02E+12,710,390,1,1000,66,0,1800,360,1500,221000,1,525000,7,5,1,1,710,MALE,55,1,8,826,0,0,0,3,2,10,101,1,10,166000,0,0,501,0
2023,202301,1125328,2.02E+12,710,390,1,1000,66,0,1800,360,1500,221000,1,525000,7,5,1,2,570,FEMALE,58,1,8,883,0,0,0,3,2,10,101,1,10,51000,0,0,501,0
2023,202301,1125328,2.02E+12,710,390,1,1000,66,0,1800,360,1500,221000,1,525000,7,5,1,3,1590,FEMALE,23,6,8,813,0,0,0,3,2,10,101,1,10,4000,0,0,501,0
2023,202301,1124668,2.02E+12,580,390,1,100,46,0,3840,9993,900,143000,1,529000,5,6,1,1,570,FEMALE,32,4,1,100,0,0,0,3,1,6,64,1,10,63000,0,0,358,0
2023,202301,1124668,2.02E+12,580,390,1,100,46,0,3840,9993,900,143000,1,529000,5,6,1,2,550,MALE,37,4,1,100,0,0,0,3,1,7,71,1,10,80000,0,0,358,0
2023,202301,1124668,2.02E+12,580,390,1,100,46,0,3840,9993,900,143000,1,529000,5,6,1,3,490,MALE,14,6,1,100,0,0,0,3,1,2,26,0,0,9999999,99999,99999,358,0
2023,202301,1124668,2.02E+12,580,390,1,100,46,0,3840,9993,900,143000,1,529000,5,6,1,4,490,MALE,10,6,1,100,0,0,0,3,1,1,17,0,0,9999999,99999,99999,358,0
2023,202301,1124668,2.02E+12,580,390,1,100,46,0,3840,9993,900,143000,1,529000,5,6,1,5,490,MALE,5,6,1,100,0,0,0,3,1,0,2,0,0,9999999,99999,99999,358,0
2023,202301,1124668,2.02E+12,580,390,1,100,46,0,3840,9993,900,143000,1,529000,5,6,1,6,510,MALE,13,6,1,100,0,0,0,3,1,2,23,0,0,9999999,99999,99999,358,0
2023,202301,851948,2.02E+12,750,390,1,1100,69,0,720,1440,410,57700,1,530000,4,4,1,1,750,MALE,80,1,8,826,3,300,2,6,2,7,71,3,30,48300,28800,0,319,0
2023,202301,851948,2.02E+12,750,390,1,1100,69,0,720,1440,410,57700,1,530000,4,4,1,2,560,FEMALE,77,1,8,826,3,300,2,1,2,6,65,3,30,9400,9400,0,319,0
2023,202301,1116558,2.02E+12,1080,390,1,8900,42,0,2520,720,9993,412100,1,530000,7,4,1,1,1080,FEMALE,69,1,1,100,0,0,0,3,1,10,101,3,30,347500,0,0,501,0
2023,202301,1116558,2.02E+12,1080,390,1,8900,42,0,2520,720,9993,412100,1,530000,7,4,1,2,960,MALE,71,1,1,100,0,0,0,3,1,8,81,3,30,64600,0,0,501,0
2023,202301,1305658,2.02E+12,1760,390,1,2500,69,0,1680,1080,960,24000,1,540000,7,5,1,1,1760,MALE,60,5,2,200,0,0,0,3,1,8,81,3,30,24000,24000,0,116,0
2023,202301,1305658,2.02E+12,1760,390,1,2500,69,0,1680,1080,960,24000,1,540000,7,5,1,2,2000,MALE,15,6,2,200,0,0,0,3,1,3,30,0,0,0,0,0,116,0
2023,202301,1279358,2.02E+12,770,390,1,8000,68,0,3000,960,1200,585600,1,545000,9,5,1,1,770,FEMALE,35,1,6,600,0,0,0,4,1,11,114,3,30,0,0,0,501,0
2023,202301,1279358,2.02E+12,770,390,1,8000,68,0,3000,960,1200,585600,1,545000,9,5,1,2,550,MALE,35,1,6,600,0,0,2,4,1,11,115,1,10,574000,0,0,501,0
2023,202301,1279358,2.02E+12,770,390,1,8000,68,0,3000,960,1200,585600,1,545000,9,5,1,3,780,FEMALE,4,6,6,600,0,0,0,0,1,0,2,0,0,9999999,99999,99999,501,0
2023,202301,1279358,2.02E+12,770,390,1,8000,68,0,3000,960,1200,585600,1,545000,9,5,1,4,640,FEMALE,69,5,6,600,0,0,2,6,1,10,101,3,30,6000,0,0,501,0
2023,202301,1279358,2.02E+12,770,390,1,8000,68,0,3000,960,1200,585600,1,545000,9,5,1,5,470,MALE,67,3,6,600,0,0,2,4,1,10,101,3,30,5600,0,0,501,0
2023,202301,851628,2.02E+12,480,390,1,1000,69,0,1440,1440,70,138300,1,550000,1,4,1,1,480,FEMALE,44,1,1,100,0,0,2,4,1,8,81,1,12,33300,0,0,456,0
2023,202301,851628,2.02E+12,480,390,1,1000,69,0,1440,1440,70,138300,1,550000,1,4,1,2,520,MALE,47,1,8,801,0,0,3,4,2,8,81,1,10,100000,0,0,456,0
2023,202301,851628,2.02E+12,480,390,1,1000,69,0,1440,1440,70,138300,1,550000,1,4,1,3,800,MALE,17,6,1,100,0,0,0,3,1,5,50,1,10,5000,0,0,456,0
2023,202301,851628,2.02E+12,480,390,1,1000,69,0,1440,1440,70,138300,1,550000,1,4,1,4,650,MALE,14,6,1,100,0,0,0,3,1,2,25,0,0,9999999,99999,99999,456,0
2023,202301,857938,2.02E+12,490,390,1,1,68,0,9993,360,420,164000,1,550000,1,6,1,1,490,FEMALE,36,4,8,826,0,0,3,6,2,1,11,1,10,4000,0,0,26,0
2023,202301,857938,2.02E+12,490,390,1,1,68,0,9993,360,420,164000,1,550000,1,6,1,2,530,MALE,48,2,8,826,0,0,2,3,2,8,81,1,10,70000,0,0,450,0
2023,202301,857938,2.02E+12,490,390,1,1,68,0,9993,360,420,164000,1,550000,1,6,1,3,390,FEMALE,34,1,8,826,0,0,3,5,2,6,65,1,10,24000,0,0,200,0
2023,202301,857938,2.02E+12,490,390,1,1,68,0,9993,360,420,164000,1,550000,1,6,1,4,810,MALE,21,1,8,826,0,0,0,4,2,7,71,1,10,16000,0,0,200,0
2023,202301,857938,2.02E+12,490,390,1,1,68,0,9993,360,420,164000,1,550000,1,6,1,5,810,MALE,21,2,8,826,0,0,3,4,2,6,63,1,10,50000,0,0,322,0
2023,202301,861208,2.02E+12,520,390,1,2500,69,0,1080,480,480,124300,1,550000,2,4,3,1,510,FEMALE,77,6,1,100,0,0,0,3,1,10,101,3,30,124300,30100,0,501,0
2023,202301,869278,2.02E+12,620,390,1,1200,69,0,1200,480,1500,255400,1,550000,1,4,1,1,620,FEMALE,35,1,1,100,0,0,0,3,1,11,114,1,10,80400,0,0,501,0
2023,202301,869278,2.02E+12,620,390,1,1200,69,0,1200,480,1500,255400,1,550000,1,4,1,2,800,MALE,38,1,1,100,0,0,0,4,1,10,101,1,10,175000,0,0,501,0
2023,202301,869278,2.02E+12,620,390,1,1200,69,0,1200,480,1500,255400,1,550000,1,4,1,3,630,FEMALE,8,6,1,100,0,0,0,3,1,1,15,0,0,9999999,99999,99999,501,0
2023,202301,869278,2.02E+12,620,390,1,1200,69,0,1200,480,1500,255400,1,550000,1,4,1,4,620,FEMALE,5,6,1,100,0,0,0,3,1,1,11,0,0,9999999,99999,99999,501,0
2023,202301,869278,2.02E+12,620,390,1,1200,69,0,1200,480,1500,255400,1,550000,1,4,1,5,410,FEMALE,2,6,1,100,0,0,0,0,1,0,1,0,0,9999999,99999,99999,501,0
2023,202301,1111238,2.02E+12,670,390,1,700,60,0,2400,600,100,117000,1,550000,9,4,1,1,670,MALE,43,6,1,100,0,0,0,3,1,10,101,1,10,74000,0,0,500,0
2023,202301,1111238,2.02E+12,670,390,1,700,60,0,2400,600,100,117000,1,550000,9,4,1,2,710,FEMALE,39,4,1,100,0,0,0,3,1,6,63,1,10,38000,0,0,500,0
2023,202301,1111238,2.02E+12,670,390,1,700,60,0,2400,600,100,117000,1,550000,9,4,1,3,740,MALE,20,6,1,100,0,0,0,3,1,6,63,2,20,5000,0,0,500,0
2023,202301,1116298,2.02E+12,500,390,1,2000,52,0,1560,9993,9993,71500,1,550000,5,5,1,1,500,MALE,72,1,1,100,0,0,0,3,1,7,71,1,10,28400,8400,0,396,0
2023,202301,1116298,2.02E+12,500,390,1,2000,52,0,1560,9993,9993,71500,1,550000,5,5,1,2,600,FEMALE,73,1,1,100,0,0,0,3,1,11,115,3,30,43100,21100,0,396,0
2023,202301,1116548,2.02E+12,1080,390,1,2000,42,0,2160,9993,9993,280000,1,550000,4,2,1,1,1080,FEMALE,49,4,1,100,0,0,0,3,1,10,101,1,10,250000,0,0,501,0
2023,202301,1116548,2.02E+12,1080,390,1,2000,42,0,2160,9993,9993,280000,1,550000,4,2,1,2,1270,MALE,26,3,1,100,0,0,0,3,1,5,50,1,10,30000,0,0,501,0
2023,202301,1125558,2.02E+12,560,390,1,300,42,0,3600,9993,80,96000,1,550000,4,4,1,1,570,FEMALE,41,1,1,100,0,0,0,3,1,7,71,1,10,4000,0,0,311,0
2023,202301,1125558,2.02E+12,560,390,1,300,42,0,3600,9993,80,96000,1,550000,4,4,1,2,600,MALE,62,1,1,100,0,0,0,3,1,6,65,1,10,80000,0,0,311,0
2023,202301,1125558,2.02E+12,560,390,1,300,42,0,3600,9993,80,96000,1,550000,4,4,1,3,570,FEMALE,22,6,1,100,0,0,0,3,1,10,101,3,30,0,0,0,311,0
2023,202301,1125558,2.02E+12,560,390,1,300,42,0,3600,9993,80,96000,1,550000,4,4,1,4,590,MALE,20,6,1,100,0,0,0,3,1,6,65,1,10,12000,0,0,311,0
2023,202301,1127038,2.02E+12,680,390,1,1500,65,0,2400,9993,2500,52000,1,550000,1,3,1,1,670,FEMALE,71,1,1,100,0,0,0,3,1,10,101,3,30,25000,25000,0,222,0
2023,202301,1127038,2.02E+12,680,390,1,1500,65,0,2400,9993,2500,52000,1,550000,1,3,1,2,580,MALE,69,1,1,100,0,0,0,3,1,11,114,3,30,20000,20000,0,222,0
2023,202301,1127038,2.02E+12,680,390,1,1500,65,0,2400,9993,2500,52000,1,550000,1,3,1,3,630,FEMALE,40,6,1,100,0,0,0,3,1,6,61,3,30,7000,0,0,222,0
2023,202301,1127228,2.02E+12,710,390,1,1,35,0,4200,9993,480,76100,2,550000,5,4,1,1,700,FEMALE,64,5,1,100,0,0,0,3,1,6,63,3,30,19800,0,0,245,0
2023,202301,1127228,2.02E+12,710,390,1,1,35,0,4200,9993,480,76100,2,550000,5,4,1,2,590,MALE,43,6,1,100,0,0,0,3,1,10,101,2,20,0,0,0,245,0
2023,202301,1127228,2.02E+12,710,390,1,1,35,0,4200,9993,480,76100,2,550000,5,4,1,3,940,MALE,18,6,1,100,0,0,0,3,1,6,63,1,10,20700,0,0,245,0
2023,202301,1127228,2.02E+12,710,390,1,1,35,0,4200,9993,480,76100,2,550000,5,4,1,4,620,FEMALE,38,2,1,100,0,0,0,3,1,6,63,1,10,35000,0,0,245,0
2023,202301,1127228,2.02E+12,710,390,1,1,35,0,4200,9993,480,76100,2,550000,5,4,1,5,580,MALE,42,6,1,100,0,0,0,3,1,0,2,3,30,0,0,0,3,0
2023,202301,1127228,2.02E+12,710,390,1,1,35,0,4200,9993,480,76100,2,550000,5,4,1,6,930,MALE,19,6,1,100,0,0,0,3,1,6,63,1,10,600,0,0,3,0
2023,202301,1481508,2.02E+12,1700,390,1,1500,51,0,6000,2400,1500,280000,1,550000,5,6,1,1,1700,MALE,65,1,6,610,0,0,2,4,1,11,114,1,10,125000,0,0,501,0
2023,202301,1481508,2.02E+12,1700,390,1,1500,51,0,6000,2400,1500,280000,1,550000,5,6,1,2,1750,FEMALE,61,1,6,610,0,0,2,4,1,11,116,1,10,15000,0,0,501,0
2023,202301,1481508,2.02E+12,1700,390,1,1500,51,0,6000,2400,1500,280000,1,550000,5,6,1,3,1630,MALE,26,6,6,610,0,0,0,3,1,10,101,1,10,100000,0,0,501,0
2023,202301,1481508,2.02E+12,1700,390,1,1500,51,0,6000,2400,1500,280000,1,550000,5,6,1,4,1630,MALE,23,6,6,610,0,0,0,3,1,10,101,1,10,40000,0,0,501,0
2023,202301,1333268,2.02E+12,1880,390,1,6000,69,0,2400,600,1200,266000,1,560000,15,5,1,1,1880,FEMALE,36,1,8,826,1,100,0,3,2,10,101,1,10,51000,0,0,501,0
2023,202301,1333268,2.02E+12,1880,390,1,6000,69,0,2400,600,1200,266000,1,560000,15,5,1,2,1340,MALE,40,1,1,100,0,0,0,3,1,11,114,1,10,215000,0,0,501,0
2023,202301,1333268,2.02E+12,1880,390,1,6000,69,0,2400,600,1200,266000,1,560000,15,5,1,3,1410,FEMALE,9,6,8,826,1,100,0,3,2,1,16,0,0,9999999,99999,99999,501,0
2023,202301,1333268,2.02E+12,1880,390,1,6000,69,0,2400,600,1200,266000,1,560000,15,5,1,4,1620,MALE,5,6,8,826,1,100,0,3,2,1,11,0,0,9999999,99999,99999,501,0
2023,202301,841728,2.02E+12,540,390,1,1000,69,0,2400,2400,1400,132200,1,565000,3,5,1,1,540,FEMALE,81,5,1,100,0,0,0,3,1,11,114,3,30,72200,24600,0,501,0
2023,202301,841728,2.02E+12,540,390,1,1000,69,0,2400,2400,1400,132200,1,565000,3,5,1,2,510,FEMALE,60,4,1,100,0,0,0,3,1,10,101,3,30,60000,20000,0,501,0
2023,202301,856958,2.02E+12,1020,390,1,1600,69,0,720,1080,1100,62200,1,565000,3,3,1,1,1010,MALE,65,6,1,100,0,0,0,3,1,6,63,1,10,62200,22500,0,434,0
2023,202301,839758,2.02E+12,790,390,1,1200,68,0,2760,2520,240,400000,1,570000,3,4,1,1,790,MALE,55,1,1,100,0,0,0,3,1,10,101,1,10,400000,0,0,501,0
2023,202301,839758,2.02E+12,790,390,1,1200,68,0,2760,2520,240,400000,1,570000,3,4,1,2,790,FEMALE,55,1,1,100,0,0,0,3,1,6,65,3,30,0,0,0,501,0
2023,202301,1111078,2.02E+12,820,390,1,580,64,0,2400,2760,140,277000,1,570000,4,5,1,1,820,FEMALE,59,1,1,100,0,0,0,3,1,11,116,1,10,58000,0,0,501,0
2023,202301,1111078,2.02E+12,820,390,1,580,64,0,2400,2760,140,277000,1,570000,4,5,1,2,1920,MALE,60,1,9,963,3,300,2,3,3,11,116,1,10,219000,0,0,501,0
2023,202301,851038,2.02E+12,1980,390,1,800,69,0,1800,2160,550,405600,1,575000,3,3,1,1,1980,MALE,53,1,6,610,0,0,2,3,1,11,114,1,10,293600,0,0,501,0
2023,202301,851038,2.02E+12,1980,390,1,800,69,0,1800,2160,550,405600,1,575000,3,3,1,2,2010,FEMALE,53,1,6,610,0,0,0,3,1,10,101,1,10,112000,0,0,501,0
2023,202301,1483278,2.02E+12,760,390,1,1,18,0,1200,480,70,385000,1,575000,15,6,1,1,760,MALE,38,1,1,100,0,0,0,3,1,11,116,1,10,380000,0,0,501,0
2023,202301,1483278,2.02E+12,760,390,1,1,18,0,1200,480,70,385000,1,575000,15,6,1,2,810,FEMALE,42,1,1,100,0,0,0,3,1,11,114,1,10,5000,0,0,501,0
2023,202301,1483278,2.02E+12,760,390,1,1,18,0,1200,480,70,385000,1,575000,15,6,1,3,630,FEMALE,7,6,1,100,0,0,0,3,1,1,14,0,0,9999999,99999,99999,501,0
2023,202301,1483278,2.02E+12,760,390,1,1,18,0,1200,480,70,385000,1,575000,15,6,1,4,1040,MALE,4,6,1,100,0,0,0,0,1,1,11,0,0,9999999,99999,99999,501,0
2023,202301,109758,2.02E+12,3120,390,1,6000,63,0,9993,3600,600,192900,2,595000,6,5,1,1,3120,FEMALE,70,1,1,100,0,0,2,5,1,8,81,3,30,30900,21900,0,501,0
2023,202301,109758,2.02E+12,3120,390,1,6000,63,0,9993,3600,600,192900,2,595000,6,5,1,2,2050,MALE,72,1,1,100,0,0,0,3,1,10,101,3,30,12000,12000,0,501,0
2023,202301,109758,2.02E+12,3120,390,1,6000,63,0,9993,3600,600,192900,2,595000,6,5,1,3,6670,FEMALE,42,4,1,100,0,0,1,3,1,10,101,1,10,150000,0,0,501,0
2023,202301,109758,2.02E+12,3120,390,1,6000,63,0,9993,3600,600,192900,2,595000,6,5,1,4,1640,MALE,12,6,8,826,1,100,0,4,2,2,23,0,0,9999999,99999,99999,501,0
2023,202301,109758,2.02E+12,3120,390,1,6000,63,0,9993,3600,600,192900,2,595000,6,5,1,5,1640,MALE,7,6,8,826,1,100,0,4,2,1,15,0,0,9999999,99999,99999,501,0
2023,202301,191808,2.02E+12,1430,390,1,2000,32,0,4200,2400,9993,140000,1,600000,9,4,1,1,1430,FEMALE,45,1,1,100,0,0,0,3,1,11,114,1,10,75000,0,0,501,0
2023,202301,191808,2.02E+12,1430,390,1,2000,32,0,4200,2400,9993,140000,1,600000,9,4,1,2,1360,MALE,45,1,1,100,0,0,0,3,1,6,63,1,10,65000,0,0,501,0
2023,202301,839318,2.02E+12,780,390,1,1200,69,0,2400,3600,240,197200,1,600000,4,5,1,1,780,MALE,56,1,1,100,0,0,0,3,1,1,17,1,10,43300,0,0,501,0
2023,202301,839318,2.02E+12,780,390,1,1200,69,0,2400,3600,240,197200,1,600000,4,5,1,2,770,FEMALE,58,1,1,100,0,0,2,4,1,6,61,1,10,44700,0,0,501,0
2023,202301,839318,2.02E+12,780,390,1,1200,69,0,2400,3600,240,197200,1,600000,4,5,1,3,1240,FEMALE,22,6,1,100,0,0,0,3,1,6,63,1,10,50000,0,0,501,0
2023,202301,839318,2.02E+12,780,390,1,1200,69,0,2400,3600,240,197200,1,600000,4,5,1,4,1270,MALE,20,6,1,100,0,0,0,3,1,7,71,3,30,3000,0,0,501,0
2023,202301,839318,2.02E+12,780,390,1,1200,69,0,2400,3600,240,197200,1,600000,4,5,1,5,630,FEMALE,84,4,1,100,0,0,2,3,1,11,114,3,30,56200,45700,0,501,0
2023,202301,843408,2.02E+12,960,390,1,230,69,0,1800,240,100,60000,1,600000,3,4,1,1,960,FEMALE,64,1,7,700,4,423,3,3,1,8,81,3,30,0,0,0,300,0
2023,202301,843408,2.02E+12,960,390,1,230,69,0,1800,240,100,60000,1,600000,3,4,1,2,840,MALE,65,1,7,700,4,423,2,3,1,0,2,1,10,60000,0,0,300,0
2023,202301,844648,2.02E+12,1600,390,1,4000,69,0,1680,1200,1100,91600,1,600000,2,4,1,1,1590,MALE,62,2,7,700,4,416,2,4,1,6,63,1,10,38000,0,0,297,0
2023,202301,844648,2.02E+12,1600,390,1,4000,69,0,1680,1200,1100,91600,1,600000,2,4,1,2,1380,MALE,61,6,7,700,4,416,3,4,1,6,63,3,30,21600,21600,0,297,0
2023,202301,844648,2.02E+12,1600,390,1,4000,69,0,1680,1200,1100,91600,1,600000,2,4,1,3,2060,FEMALE,90,4,7,700,4,416,2,6,1,11,115,3,30,10000,10000,0,297,0
2023,202301,844648,2.02E+12,1600,390,1,4000,69,0,1680,1200,1100,91600,1,600000,2,4,1,4,960,MALE,19,6,7,700,4,416,0,4,1,7,71,1,10,22000,0,0,297,0
2023,202301,850658,2.02E+12,2000,390,1,1900,69,0,1440,960,1200,190300,1,600000,2,5,1,1,2000,MALE,45,1,8,826,4,424,2,4,2,7,71,1,10,70300,0,0,501,0
2023,202301,850658,2.02E+12,2000,390,1,1900,69,0,1440,960,1200,190300,1,600000,2,5,1,2,1470,FEMALE,42,1,8,826,4,428,2,4,2,11,115,1,10,120000,0,0,501,0
2023,202301,850658,2.02E+12,2000,390,1,1900,69,0,1440,960,1200,190300,1,600000,2,5,1,3,1860,FEMALE,14,6,8,826,4,424,0,4,2,2,26,0,0,9999999,99999,99999,501,0
2023,202301,866768,2.02E+12,870,390,1,2500,2,0,1320,2400,90,84010,1,600000,1,4,1,1,880,MALE,66,6,6,640,0,0,0,3,1,11,114,3,30,19000,9000,0,465,0
2023,202301,866768,2.02E+12,870,390,1,2500,2,0,1320,2400,90,84010,1,600000,1,4,1,2,670,MALE,61,6,1,100,0,0,0,3,1,10,101,1,10,65010,0,0,465,0
2023,202301,1111468,2.02E+12,840,390,1,500,56,0,2400,360,600,70000,1,600000,9,4,1,1,840,MALE,52,1,6,620,0,0,3,4,1,11,116,2,20,70000,0,0,299,0
2023,202301,1111468,2.02E+12,840,390,1,500,56,0,2400,360,600,70000,1,600000,9,4,1,2,570,FEMALE,53,1,6,620,0,0,3,6,1,11,114,3,30,0,0,0,299,0
2023,202301,1111468,2.02E+12,840,390,1,500,56,0,2400,360,600,70000,1,600000,9,4,1,3,1560,FEMALE,19,6,6,620,0,0,3,4,1,6,63,3,30,0,0,0,299,0
2023,202301,1121048,2.02E+12,150,390,1,400,62,0,960,600,1900,106000,1,600000,7,4,1,1,160,MALE,36,1,1,100,0,0,0,3,1,8,81,1,10,88000,0,0,350,0
2023,202301,1121048,2.02E+12,150,390,1,400,62,0,960,600,1900,106000,1,600000,7,4,1,2,220,FEMALE,33,1,1,100,0,0,0,3,1,10,101,1,10,18000,0,0,350,0
2023,202301,1121048,2.02E+12,150,390,1,400,62,0,960,600,1900,106000,1,600000,7,4,1,3,160,MALE,6,6,1,100,0,0,0,3,1,1,12,0,0,9999999,99999,99999,350,0
2023,202301,1121048,2.02E+12,150,390,1,400,62,0,960,600,1900,106000,1,600000,7,4,1,4,170,MALE,4,6,1,100,0,0,0,0,1,0,2,0,0,9999999,99999,99999,350,0
2023,202301,1121518,2.02E+12,540,390,1,700,67,0,4800,3600,60,83200,1,600000,3,4,1,1,540,MALE,66,1,1,100,0,0,0,3,1,10,101,3,30,76000,0,0,356,0
2023,202301,1121518,2.02E+12,540,390,1,700,67,0,4800,3600,60,83200,1,600000,3,4,1,2,610,FEMALE,62,1,1,100,0,0,0,3,1,6,63,3,30,0,0,0,356,0
2023,202301,1121518,2.02E+12,540,390,1,700,67,0,4800,3600,60,83200,1,600000,3,4,1,3,640,FEMALE,21,6,1,100,0,0,0,3,1,6,63,3,30,7200,0,0,356,0
2023,202301,1121518,2.02E+12,540,390,1,700,67,0,4800,3600,60,83200,1,600000,3,4,1,4,620,FEMALE,8,6,1,100,0,0,0,3,1,1,15,0,0,9999999,99999,99999,0,0
2023,202301,1121518,2.02E+12,540,390,1,700,67,0,4800,3600,60,83200,1,600000,3,4,1,5,620,FEMALE,6,6,1,100,0,0,0,3,1,1,11,0,0,9999999,99999,99999,0,0
2023,202301,1121518,2.02E+12,540,390,1,700,67,0,4800,3600,60,83200,1,600000,3,4,1,6,500,FEMALE,4,6,1,100,0,0,0,0,1,0,2,0,0,9999999,99999,99999,0,0
2023,202301,1121518,2.02E+12,540,390,1,700,67,0,4800,3600,60,83200,1,600000,3,4,1,7,490,FEMALE,0,6,1,100,0,0,0,0,1,0,1,0,0,9999999,99999,99999,0,0
2023,202301,1362428,2.02E+12,700,390,1,690,69,0,1560,1680,110,187000,1,600000,9,5,1,1,700,FEMALE,43,1,6,600,0,0,2,4,1,10,101,1,10,105000,0,0,445,0
2023,202301,1362428,2.02E+12,700,390,1,690,69,0,1560,1680,110,187000,1,600000,9,5,1,2,500,MALE,44,1,6,600,0,0,1,4,1,7,71,1,10,70000,0,0,445,0
2023,202301,1362428,2.02E+12,700,390,1,690,69,0,1560,1680,110,187000,1,600000,9,5,1,3,520,MALE,12,6,6,600,0,0,0,3,1,2,23,0,0,9999999,99999,99999,445,0
2023,202301,1362428,2.02E+12,700,390,1,690,69,0,1560,1680,110,187000,1,600000,9,5,1,4,570,FEMALE,10,6,6,600,0,0,0,3,1,1,17,0,0,9999999,99999,99999,445,0
2023,202301,1362428,2.02E+12,700,390,1,690,69,0,1560,1680,110,187000,1,600000,9,5,1,5,400,MALE,75,1,6,600,0,0,2,4,1,10,101,3,30,6000,0,0,445,0
2023,202301,1362428,2.02E+12,700,390,1,690,69,0,1560,1680,110,187000,1,600000,9,5,1,6,590,FEMALE,69,1,6,600,0,0,2,4,1,10,101,3,30,6000,0,0,445,0
2023,202301,1482968,2.02E+12,1110,390,1,500,42,0,4080,2160,890,115200,1,600000,9,5,1,1,1100,MALE,73,1,1,100,0,0,0,3,1,6,63,3,30,88200,24000,0,501,0
2023,202301,1482968,2.02E+12,1110,390,1,500,42,0,4080,2160,890,115200,1,600000,9,5,1,2,1030,FEMALE,71,1,1,100,0,0,0,3,1,6,63,3,30,27000,27000,0,501,0
2023,202301,1485918,2.02E+12,520,390,1,1000,32,0,3120,840,1200,12800,1,600000,5,4,1,1,530,FEMALE,74,5,1,100,0,0,0,3,1,6,63,3,30,12800,11600,0,89,0
2023,202301,1369948,2.02E+12,3390,390,1,3800,69,0,2520,360,9993,210000,1,620000,7,4,1,1,3390,MALE,53,4,1,100,0,0,0,3,1,10,101,1,10,120000,0,0,383,0
2023,202301,1369948,2.02E+12,3390,390,1,3800,69,0,2520,360,9993,210000,1,620000,7,4,1,2,2970,MALE,38,1,1,100,0,0,3,6,1,10,101,2,20,0,0,0,383,0
2023,202301,1369948,2.02E+12,3390,390,1,3800,69,0,2520,360,9993,210000,1,620000,7,4,1,3,4510,FEMALE,35,1,1,100,0,0,3,6,1,11,115,3,30,0,0,0,383,0
2023,202301,1369948,2.02E+12,3390,390,1,3800,69,0,2520,360,9993,210000,1,620000,7,4,1,4,3560,FEMALE,11,6,1,100,0,0,3,6,1,1,17,0,0,9999999,99999,99999,383,0
2023,202301,1369948,2.02E+12,3390,390,1,3800,69,0,2520,360,9993,210000,1,620000,7,4,1,5,3040,FEMALE,33,4,1,100,0,0,2,5,1,10,101,1,10,90000,0,0,501,0
2023,202301,864018,2.02E+12,1160,390,1,1100,69,0,480,240,1100,51000,1,625000,1,3,1,1,1160,MALE,60,6,1,100,0,0,0,3,1,6,63,1,10,51000,0,0,328,0
2023,202301,1126788,2.02E+12,710,390,1,760,50,0,1200,9993,720,157000,1,625000,2,4,1,1,710,MALE,49,1,1,100,0,0,0,3,1,11,116,1,10,83000,0,0,501,0
2023,202301,1126788,2.02E+12,710,390,1,760,50,0,1200,9993,720,157000,1,625000,2,4,1,2,670,FEMALE,44,1,1,100,0,0,0,3,1,11,114,1,10,74000,0,0,501,0
2023,202301,1126788,2.02E+12,710,390,1,760,50,0,1200,9993,720,157000,1,625000,2,4,1,3,590,MALE,14,6,1,100,0,0,0,3,1,2,26,0,0,9999999,99999,99999,501,0
2023,202301,1126788,2.02E+12,710,390,1,760,50,0,1200,9993,720,157000,1,625000,2,4,1,4,590,MALE,12,6,1,100,0,0,1,3,1,2,23,0,0,9999999,99999,99999,501,0
2023,202301,1126218,2.02E+12,2390,390,1,900,59,0,1080,1200,1300,346000,1,630000,4,4,1,1,2390,MALE,56,1,1,100,0,0,0,3,1,7,71,1,10,346000,0,0,501,0
2023,202301,1126218,2.02E+12,2390,390,1,900,59,0,1080,1200,1300,346000,1,630000,4,4,1,2,2310,MALE,57,1,1,100,0,0,0,3,1,6,63,3,30,0,0,0,501,0
2023,202301,838948,2.02E+12,480,390,1,1600,69,0,1200,1320,480,112000,1,650000,2,5,1,1,490,FEMALE,73,5,1,100,0,0,0,3,1,8,81,3,30,112000,36000,0,501,0
2023,202301,850008,2.02E+12,2570,390,1,1000,68,0,960,480,320,48600,1,650000,1,4,1,1,2560,FEMALE,74,5,8,826,4,450,2,3,2,6,64,3,30,21900,0,0,269,0
2023,202301,850008,2.02E+12,2570,390,1,1000,68,0,960,480,320,48600,1,650000,1,4,1,2,1910,MALE,76,4,1,100,0,0,0,3,1,7,71,3,30,26700,23700,0,269,0
2023,202301,850978,2.02E+12,890,390,1,7000,69,0,2160,2160,9993,193000,1,650000,3,4,1,1,890,FEMALE,36,1,1,100,0,0,0,3,1,10,101,1,10,88000,0,0,501,0
2023,202301,850978,2.02E+12,890,390,1,7000,69,0,2160,2160,9993,193000,1,650000,3,4,1,2,1020,MALE,37,1,1,100,0,0,0,3,1,10,101,1,10,105000,0,0,501,0
2023,202301,850978,2.02E+12,890,390,1,7000,69,0,2160,2160,9993,193000,1,650000,3,4,1,3,960,FEMALE,5,6,1,100,0,0,0,3,1,1,12,0,0,9999999,99999,99999,501,0
2023,202301,850978,2.02E+12,890,390,1,7000,69,0,2160,2160,9993,193000,1,650000,3,4,1,4,920,MALE,5,6,1,100,0,0,0,3,1,1,11,0,0,9999999,99999,99999,501,0
2023,202301,850978,2.02E+12,890,390,1,7000,69,0,2160,2160,9993,193000,1,650000,3,4,1,5,780,MALE,1,6,1,100,0,0,0,0,1,0,1,0,0,9999999,99999,99999,501,0
2023,202301,852468,2.02E+12,1310,390,1,1400,68,0,1200,1800,900,293000,1,650000,2,5,1,1,1310,FEMALE,40,6,6,600,0,0,0,4,1,11,114,1,10,138000,0,0,501,0
2023,202301,852468,2.02E+12,1310,390,1,1400,68,0,1200,1800,900,293000,1,650000,2,5,1,2,1240,FEMALE,73,5,6,600,0,0,2,4,1,7,71,1,10,135000,0,0,501,0
2023,202301,852468,2.02E+12,1310,390,1,1400,68,0,1200,1800,900,293000,1,650000,2,5,1,3,1420,MALE,70,5,6,600,0,0,2,4,1,7,71,3,30,20000,20000,0,501,0
2023,202301,853628,2.02E+12,470,390,1,1,69,0,1200,48,250,292500,1,650000,1,5,1,1,460,FEMALE,34,1,1,100,0,0,0,3,1,10,101,1,10,152500,0,0,501,0
2023,202301,853628,2.02E+12,470,390,1,1,69,0,1200,48,250,292500,1,650000,1,5,1,2,510,MALE,34,1,1,100,0,0,0,3,1,10,101,1,10,140000,0,0,501,0
2023,202301,860078,2.02E+12,500,390,1,100,69,0,2160,720,80,180000,1,650000,4,4,1,1,490,MALE,56,1,1,100,0,0,0,3,1,6,65,1,10,75000,0,0,501,0
2023,202301,860078,2.02E+12,500,390,1,100,69,0,2160,720,80,180000,1,650000,4,4,1,2,470,FEMALE,59,1,1,100,0,0,0,3,1,6,63,1,10,45000,0,0,501,0
2023,202301,860078,2.02E+12,500,390,1,100,69,0,2160,720,80,180000,1,650000,4,4,1,3,400,MALE,31,6,1,100,0,0,0,3,1,10,101,1,10,50000,0,0,501,0
2023,202301,860078,2.02E+12,500,390,1,100,69,0,2160,720,80,180000,1,650000,4,4,1,4,820,FEMALE,21,6,1,100,0,0,0,3,1,7,71,1,10,10000,0,0,501,0
2023,202301,1114838,2.02E+12,660,390,1,600,1,0,1440,9993,60,451000,1,650000,3,4,1,1,660,MALE,50,1,1,100,0,0,0,3,1,10,101,1,10,120000,0,0,501,0
2023,202301,1114838,2.02E+12,660,390,1,600,1,0,1440,9993,60,451000,1,650000,3,4,1,2,750,FEMALE,45,1,1,100,0,0,0,3,1,10,101,1,10,331000,0,0,501,0
2023,202301,1124918,2.02E+12,600,390,1,1500,66,0,3000,1560,2500,145000,1,650000,9,5,1,1,600,MALE,56,1,6,657,0,0,3,5,1,10,101,1,10,100000,0,0,501,0
2023,202301,1124918,2.02E+12,600,390,1,1500,66,0,3000,1560,2500,145000,1,650000,9,5,1,2,470,FEMALE,55,1,6,657,0,0,2,4,1,10,101,1,10,45000,0,0,501,0
2023,202301,1124918,2.02E+12,600,390,1,1500,66,0,3000,1560,2500,145000,1,650000,9,5,1,3,420,FEMALE,13,6,6,657,0,0,2,6,1,2,25,0,0,9999999,99999,99999,501,0
2023,202301,867598,2.02E+12,450,390,1,1700,69,0,4560,2400,1200,174700,1,660000,4,4,1,1,450,FEMALE,47,1,1,100,0,0,0,4,1,11,114,1,10,24700,0,0,501,0
2023,202301,867598,2.02E+12,450,390,1,1700,69,0,4560,2400,1200,174700,1,660000,4,4,1,2,600,MALE,46,1,1,100,0,0,0,4,1,6,65,1,10,150000,0,0,501,0
2023,202301,867598,2.02E+12,450,390,1,1700,69,0,4560,2400,1200,174700,1,660000,4,4,1,3,660,MALE,13,6,1,100,0,0,0,3,1,2,25,0,0,9999999,99999,99999,501,0
2023,202301,867598,2.02E+12,450,390,1,1700,69,0,4560,2400,1200,174700,1,660000,4,4,1,4,680,MALE,10,6,1,100,0,0,0,3,1,1,17,0,0,9999999,99999,99999,501,0
2023,202301,236298,2.02E+12,560,390,1,1700,63,0,1680,1200,1200,26520,1,700000,6,4,1,1,570,MALE,65,6,8,802,4,498,0,3,2,6,64,1,10,26520,17700,0,185,0
2023,202301,843328,2.02E+12,740,390,1,1300,69,0,1680,240,610,267200,1,700000,3,5,1,1,740,MALE,48,1,1,100,0,0,0,3,1,11,114,1,10,242000,0,0,501,0
2023,202301,843328,2.02E+12,740,390,1,1300,69,0,1680,240,610,267200,1,700000,3,5,1,2,610,FEMALE,39,1,5,500,0,0,3,3,1,10,101,1,10,25200,0,0,501,0
2023,202301,851908,2.02E+12,860,390,1,600,69,0,1800,240,480,110000,1,700000,15,3,1,1,870,MALE,35,6,1,100,0,0,2,4,1,11,114,1,10,110000,0,0,501,0
2023,202301,864918,2.02E+12,870,390,1,200,69,0,2880,1800,100,208000,1,700000,5,5,1,1,870,MALE,34,1,1,100,0,0,0,3,1,10,101,1,10,120000,0,0,501,0
2023,202301,864918,2.02E+12,870,390,1,200,69,0,2880,1800,100,208000,1,700000,5,5,1,2,780,FEMALE,34,1,1,100,0,0,0,3,1,10,101,1,10,88000,0,0,501,0
2023,202301,864918,2.02E+12,870,390,1,200,69,0,2880,1800,100,208000,1,700000,5,5,1,3,460,FEMALE,3,6,1,100,0,0,0,0,1,1,11,0,0,9999999,99999,99999,501,0
2023,202301,864918,2.02E+12,870,390,1,200,69,0,2880,1800,100,208000,1,700000,5,5,1,4,700,MALE,0,6,1,100,0,0,0,0,1,0,1,0,0,9999999,99999,99999,501,0
2023,202301,1110358,2.02E+12,330,390,1,1200,47,0,3600,9993,9993,121600,1,700000,2,3,1,1,320,FEMALE,65,1,1,100,0,0,0,3,1,11,114,1,10,100000,0,0,501,0
2023,202301,1110358,2.02E+12,330,390,1,1200,47,0,3600,9993,9993,121600,1,700000,2,3,1,2,290,MALE,68,1,1,100,0,0,2,3,1,6,64,1,10,21600,7100,0,501,0
2023,202301,1110898,2.02E+12,720,390,1,970,68,0,1200,1440,70,222000,1,700000,9,5,1,1,720,MALE,56,1,1,100,0,0,0,3,1,10,101,1,10,200000,0,0,501,0
2023,202301,1110898,2.02E+12,720,390,1,970,68,0,1200,1440,70,222000,1,700000,9,5,1,2,670,FEMALE,55,1,1,100,0,0,0,3,1,6,65,1,10,22000,0,0,501,0
2023,202301,1113628,2.02E+12,980,390,1,1400,61,0,4440,9993,9993,146000,1,700000,15,4,1,1,970,FEMALE,46,1,1,100,0,0,0,3,1,6,65,1,10,16000,0,0,501,0
2023,202301,1113628,2.02E+12,980,390,1,1400,61,0,4440,9993,9993,146000,1,700000,15,4,1,2,1020,MALE,49,1,8,826,0,0,0,3,2,11,114,1,10,130000,0,0,501,0
2023,202301,1113628,2.02E+12,980,390,1,1400,61,0,4440,9993,9993,146000,1,700000,15,4,1,3,1010,MALE,17,6,8,826,0,0,0,3,2,4,40,3,30,0,0,0,501,0
2023,202301,1114328,2.02E+12,740,390,1,600,65,0,2640,2280,1300,145560,1,700000,15,5,1,1,730,FEMALE,40,1,1,100,0,0,0,3,1,10,101,1,10,136000,0,0,480,0
2023,202301,1114328,2.02E+12,740,390,1,600,65,0,2640,2280,1300,145560,1,700000,15,5,1,2,680,MALE,39,1,1,100,0,0,0,3,1,7,71,1,10,9560,0,0,480,0
2023,202301,1114328,2.02E+12,740,390,1,600,65,0,2640,2280,1300,145560,1,700000,15,5,1,3,740,FEMALE,10,6,1,100,0,0,0,3,1,1,17,0,0,9999999,99999,99999,480,0
2023,202301,1114328,2.02E+12,740,390,1,600,65,0,2640,2280,1300,145560,1,700000,15,5,1,4,720,FEMALE,6,6,1,100,0,0,0,3,1,0,2,0,0,9999999,99999,99999,480,0
2023,202301,1122048,2.02E+12,500,390,1,1800,51,0,1560,9993,9993,73500,1,700000,9,4,1,1,510,MALE,70,1,1,100,0,0,0,3,1,10,101,3,30,59900,28600,0,407,0
2023,202301,1122048,2.02E+12,500,390,1,1800,51,0,1560,9993,9993,73500,1,700000,9,4,1,2,590,FEMALE,69,1,1,100,0,0,3,3,1,8,81,3,30,13600,13600,0,407,0
2023,202301,1125128,2.02E+12,2040,390,1,1100,67,0,5640,9993,80,162100,2,700000,2,6,1,1,2040,FEMALE,77,4,1,100,0,0,0,3,1,7,71,3,30,17200,17200,0,430,0
2023,202301,1125128,2.02E+12,2040,390,1,1100,67,0,5640,9993,80,162100,2,700000,2,6,1,2,2030,FEMALE,53,1,1,100,0,0,0,3,1,11,115,1,10,100000,0,0,430,0
2023,202301,1125128,2.02E+12,2040,390,1,1100,67,0,5640,9993,80,162100,2,700000,2,6,1,3,3280,MALE,24,6,7,700,1,100,0,3,1,6,63,1,10,35000,0,0,430,0
2023,202301,1125128,2.02E+12,2040,390,1,1100,67,0,5640,9993,80,162100,2,700000,2,6,1,4,2140,MALE,1,6,1,100,0,0,0,0,1,0,1,0,0,9999999,99999,99999,430,0
2023,202301,1125128,2.02E+12,2040,390,1,1100,67,0,5640,9993,80,162100,2,700000,2,6,1,5,2390,MALE,47,1,1,100,0,0,0,3,1,7,71,3,30,9900,9900,0,430,0
2023,202301,1125128,2.02E+12,2040,390,1,1100,67,0,5640,9993,80,162100,2,700000,2,6,1,6,2110,FEMALE,29,4,1,100,0,0,0,3,1,6,65,3,30,0,0,0,1,0
2023,202301,1126338,2.02E+12,700,390,1,1,67,0,1200,720,1200,200000,1,700000,7,4,1,1,690,MALE,57,4,1,100,0,0,0,3,1,10,101,1,10,100000,0,0,501,0
2023,202301,1126338,2.02E+12,700,390,1,1,67,0,1200,720,1200,200000,1,700000,7,4,1,2,610,FEMALE,48,4,1,100,0,0,0,3,1,8,81,1,10,100000,0,0,501,0
2023,202301,1125778,2.02E+12,390,390,1,1200,48,0,3840,120,9993,172600,1,720000,9,4,1,1,390,MALE,31,1,1,100,0,0,0,3,1,10,101,1,10,117600,0,0,501,0
2023,202301,1125778,2.02E+12,390,390,1,1200,48,0,3840,120,9993,172600,1,720000,9,4,1,2,470,FEMALE,31,1,1,100,0,0,0,3,1,7,71,1,10,55000,0,0,501,0
2023,202301,1125778,2.02E+12,390,390,1,1200,48,0,3840,120,9993,172600,1,720000,9,4,1,3,290,FEMALE,0,6,1,100,0,0,0,0,1,0,1,0,0,9999999,99999,99999,501,0
2023,202301,1117238,2.02E+12,710,390,1,430,65,0,1920,360,940,127600,1,725000,1,4,1,1,720,FEMALE,74,1,1,100,0,0,0,3,1,11,114,3,30,61700,35000,0,501,0
2023,202301,1117238,2.02E+12,710,390,1,430,65,0,1920,360,940,127600,1,725000,1,4,1,2,500,MALE,76,1,1,100,0,0,0,3,1,10,101,3,30,65900,32000,0,501,0
2023,202301,1118068,2.02E+12,650,390,1,1,66,0,960,1440,500,172800,1,730000,15,5,1,1,650,MALE,41,1,1,100,0,0,0,3,1,8,81,1,10,93800,0,0,501,0
2023,202301,1118068,2.02E+12,650,390,1,1,66,0,960,1440,500,172800,1,730000,15,5,1,2,700,FEMALE,39,1,1,100,0,0,0,3,1,8,81,1,10,79000,0,0,501,0
2023,202301,189368,2.02E+12,1240,390,1,8500,67,0,1200,9993,9993,182000,1,740000,9,5,1,1,1240,MALE,41,1,8,826,1,100,0,4,2,8,81,1,10,182000,0,0,456,0
2023,202301,189368,2.02E+12,1240,390,1,8500,67,0,1200,9993,9993,182000,1,740000,9,5,1,2,1280,FEMALE,37,1,8,826,1,100,3,5,2,2,26,3,30,0,0,0,456,0
2023,202301,189368,2.02E+12,1240,390,1,8500,67,0,1200,9993,9993,182000,1,740000,9,5,1,3,1810,FEMALE,16,6,8,826,1,100,0,4,2,4,40,3,30,0,0,0,456,0
2023,202301,189368,2.02E+12,1240,390,1,8500,67,0,1200,9993,9993,182000,1,740000,9,5,1,4,1030,MALE,15,6,8,826,1,100,0,4,2,2,26,0,0,0,0,0,456,0
2023,202301,189368,2.02E+12,1240,390,1,8500,67,0,1200,9993,9993,182000,1,740000,9,5,1,5,1240,MALE,7,6,8,826,1,100,0,3,2,1,14,0,0,9999999,99999,99999,456,0
2023,202301,189368,2.02E+12,1240,390,1,8500,67,0,1200,9993,9993,182000,1,740000,9,5,1,6,1480,FEMALE,6,6,8,826,1,100,0,3,2,1,11,0,0,9999999,99999,99999,456,0
2023,202301,843648,2.02E+12,770,390,1,3000,69,0,2160,2160,500,1452000,1,750000,3,5,1,1,780,FEMALE,46,1,1,100,0,0,0,3,1,10,101,1,10,726000,0,0,501,0
2023,202301,843648,2.02E+12,770,390,1,3000,69,0,2160,2160,500,1452000,1,750000,3,5,1,2,1190,MALE,45,1,1,100,0,0,0,3,1,10,101,1,10,726000,0,0,501,0
2023,202301,843648,2.02E+12,770,390,1,3000,69,0,2160,2160,500,1452000,1,750000,3,5,1,3,900,MALE,12,6,1,100,0,0,0,3,1,2,23,0,0,9999999,99999,99999,501,0
2023,202301,843648,2.02E+12,770,390,1,3000,69,0,2160,2160,500,1452000,1,750000,3,5,1,4,890,MALE,9,6,1,100,0,0,0,3,1,1,15,0,0,9999999,99999,99999,501,0
2023,202301,845588,2.02E+12,530,390,1,1500,69,0,4680,2040,450,102000,1,750000,2,5,1,1,530,MALE,57,1,8,826,4,498,0,3,2,10,101,2,20,42000,0,0,424,0
2023,202301,845588,2.02E+12,530,390,1,1500,69,0,4680,2040,450,102000,1,750000,2,5,1,2,550,FEMALE,55,1,1,100,0,0,0,3,1,10,101,1,10,60000,0,0,424,0
2023,202301,845588,2.02E+12,530,390,1,1500,69,0,4680,2040,450,102000,1,750000,2,5,1,3,490,FEMALE,17,6,8,826,4,498,0,3,2,5,50,3,30,0,0,0,424,0
2023,202301,849398,2.02E+12,1580,390,1,2000,69,0,1440,960,1200,159700,1,750000,4,4,1,1,1570,MALE,35,6,8,826,4,460,2,4,2,6,65,1,10,112000,0,0,501,0
2023,202301,849398,2.02E+12,1580,390,1,2000,69,0,1440,960,1200,159700,1,750000,4,4,1,2,1550,FEMALE,36,6,8,826,4,413,1,4,2,7,71,1,10,47700,0,0,501,0
2023,202301,849398,2.02E+12,1580,390,1,2000,69,0,1440,960,1200,159700,1,750000,4,4,1,3,1960,FEMALE,10,6,8,826,4,460,0,6,2,1,16,0,0,9999999,99999,99999,501,0
2023,202301,849398,2.02E+12,1580,390,1,2000,69,0,1440,960,1200,159700,1,750000,4,4,1,4,1590,MALE,6,6,8,826,4,460,0,6,2,1,12,0,0,9999999,99999,99999,501,0
2023,202301,860018,2.02E+12,570,390,1,1500,69,0,600,3360,800,152000,1,750000,3,4,1,1,570,FEMALE,55,1,1,100,0,0,0,3,1,6,63,1,10,52000,0,0,501,0
2023,202301,860018,2.02E+12,570,390,1,1500,69,0,600,3360,800,152000,1,750000,3,4,1,2,570,MALE,58,1,1,100,0,0,0,3,1,7,71,1,10,100000,0,0,501,0
2023,202301,870208,2.02E+12,1620,390,1,1400,69,0,4560,4560,4500,130000,1,750000,1,4,1,1,1610,MALE,36,1,1,100,0,0,2,4,1,6,63,1,10,130000,0,0,429,0
2023,202301,870208,2.02E+12,1620,390,1,1400,69,0,4560,4560,4500,130000,1,750000,1,4,1,2,2440,FEMALE,34,1,2,200,0,0,0,3,1,10,101,3,30,0,0,0,429,0
2023,202301,870208,2.02E+12,1620,390,1,1400,69,0,4560,4560,4500,130000,1,750000,1,4,1,3,1800,FEMALE,4,6,8,801,0,0,0,0,2,0,2,0,0,9999999,99999,99999,429,0
2023,202301,870208,2.02E+12,1620,390,1,1400,69,0,4560,4560,4500,130000,1,750000,1,4,1,4,1670,MALE,2,6,8,801,0,0,0,0,2,0,1,0,0,9999999,99999,99999,429,0
2023,202301,1110978,2.02E+12,600,390,1,1400,28,0,2040,9993,9993,76520,1,750000,5,4,1,1,600,MALE,75,1,1,100,0,0,0,3,1,11,114,3,30,66600,21600,0,424,0
2023,202301,1110978,2.02E+12,600,390,1,1400,28,0,2040,9993,9993,76520,1,750000,5,4,1,2,770,FEMALE,74,1,1,100,0,0,0,3,1,6,63,1,10,9920,9000,0,424,0
2023,202301,1115528,2.02E+12,370,390,1,2500,65,0,720,600,1200,35000,1,750000,7,5,1,1,370,FEMALE,57,1,1,100,0,0,0,3,1,11,114,3,30,20000,0,0,175,0
2023,202301,1115528,2.02E+12,370,390,1,2500,65,0,720,600,1200,35000,1,750000,7,5,1,2,410,MALE,64,1,1,100,0,0,0,3,1,10,101,1,10,15000,0,0,175,0
2023,202301,1116418,2.02E+12,1780,390,1,750,65,0,1920,1680,30,155000,1,750000,3,5,1,1,1780,FEMALE,48,1,1,100,4,423,0,3,1,10,101,1,10,75000,0,0,495,0
2023,202301,1116418,2.02E+12,1780,390,1,750,65,0,1920,1680,30,155000,1,750000,3,5,1,2,1130,MALE,50,1,1,100,0,0,0,3,1,10,101,1,10,70000,0,0,495,0
2023,202301,1116418,2.02E+12,1780,390,1,750,65,0,1920,1680,30,155000,1,750000,3,5,1,3,1410,MALE,18,6,1,100,4,423,0,3,1,6,65,1,10,10000,0,0,495,0
2023,202301,1116418,2.02E+12,1780,390,1,750,65,0,1920,1680,30,155000,1,750000,3,5,1,4,1870,MALE,15,6,1,100,4,423,0,3,1,3,30,0,0,0,0,0,495,0
2023,202301,207738,2.02E+12,630,390,1,1300,64,0,4200,4200,110,285000,1,770000,9,5,1,1,620,FEMALE,33,1,1,100,0,0,0,3,1,10,101,1,10,100000,0,0,501,0
2023,202301,207738,2.02E+12,630,390,1,1300,64,0,4200,4200,110,285000,1,770000,9,5,1,2,680,MALE,37,1,1,100,0,0,0,3,1,6,63,1,10,185000,0,0,501,0
2023,202301,207738,2.02E+12,630,390,1,1300,64,0,4200,4200,110,285000,1,770000,9,5,1,3,1210,FEMALE,6,6,1,100,0,0,0,3,1,1,12,0,0,9999999,99999,99999,501,0
2023,202301,113808,2.02E+12,150,390,1,3000,1,0,7440,9993,2100,14000,1,800000,1,1,1,1,150,MALE,72,2,1,100,0,0,0,3,1,8,81,3,30,14000,14000,0,98,0
2023,202301,185828,2.02E+12,430,390,1,1000,31,0,8400,9992,9993,84400,1,800000,7,4,1,1,430,FEMALE,58,4,8,826,1,100,0,5,2,6,61,3,30,20700,20700,0,274,0
2023,202301,185828,2.02E+12,430,390,1,1000,31,0,8400,9992,9993,84400,1,800000,7,4,1,2,640,MALE,86,3,8,826,1,100,2,3,2,6,63,1,12,38900,0,0,274,0
2023,202301,185828,2.02E+12,430,390,1,1000,31,0,8400,9992,9993,84400,1,800000,7,4,1,3,640,FEMALE,82,5,8,826,1,100,2,5,2,2,26,3,30,13800,10600,0,274,0
2023,202301,185828,2.02E+12,430,390,1,1000,31,0,8400,9992,9993,84400,1,800000,7,4,1,4,640,FEMALE,77,6,8,826,1,100,2,5,2,3,30,3,30,11000,0,11000,274,0
2023,202301,192558,2.02E+12,240,390,1,3600,65,0,4800,1200,9993,7500,1,800000,9,5,1,1,240,FEMALE,58,1,8,802,0,0,0,3,2,8,81,3,30,0,0,0,37,0
2023,202301,192558,2.02E+12,240,390,1,3600,65,0,4800,1200,9993,7500,1,800000,9,5,1,2,360,MALE,57,1,1,100,0,0,0,3,1,7,71,1,10,7500,0,0,37,0
2023,202301,517798,2.02E+12,740,390,1,1,67,0,9993,6000,2000,500000,1,800000,7,4,1,1,740,MALE,52,1,1,100,0,0,0,4,1,2,26,1,10,270000,0,0,501,0
2023,202301,517798,2.02E+12,740,390,1,1,67,0,9993,6000,2000,500000,1,800000,7,4,1,2,680,FEMALE,49,1,1,100,0,0,0,4,1,2,26,3,30,0,0,0,501,0
2023,202301,517798,2.02E+12,740,390,1,1,67,0,9993,6000,2000,500000,1,800000,7,4,1,3,1000,MALE,26,6,1,100,0,0,0,4,1,6,63,2,20,0,0,0,501,0
2023,202301,517798,2.02E+12,740,390,1,1,67,0,9993,6000,2000,500000,1,800000,7,4,1,4,1380,MALE,21,6,1,100,0,0,0,4,1,2,26,1,10,110000,0,0,501,0
2023,202301,517798,2.02E+12,740,390,1,1,67,0,9993,6000,2000,500000,1,800000,7,4,1,5,1370,MALE,20,6,1,100,0,0,0,4,1,2,26,1,10,90000,0,0,501,0
2023,202301,517798,2.02E+12,740,390,1,1,67,0,9993,6000,2000,500000,1,800000,7,4,1,6,720,FEMALE,17,6,1,100,0,0,0,4,1,2,26,1,10,30000,0,0,501,0
2023,202301,517798,2.02E+12,740,390,1,1,67,0,9993,6000,2000,500000,1,800000,7,4,1,7,700,FEMALE,13,6,1,100,0,0,0,4,1,2,25,0,0,9999999,99999,99999,501,0
2023,202301,866198,2.02E+12,500,390,1,1000,69,0,1200,1200,2000,125000,1,800000,1,5,1,1,500,FEMALE,66,5,1,100,0,0,2,4,1,1,16,1,10,20000,0,0,297,0
2023,202301,866198,2.02E+12,500,390,1,1000,69,0,1200,1200,2000,125000,1,800000,1,5,1,2,480,FEMALE,44,1,1,100,0,0,0,4,1,6,63,1,10,30000,0,0,297,0
2023,202301,866198,2.02E+12,500,390,1,1000,69,0,1200,1200,2000,125000,1,800000,1,5,1,3,460,FEMALE,36,6,1,100,0,0,0,4,1,6,64,1,10,25000,0,0,297,0
2023,202301,866198,2.02E+12,500,390,1,1000,69,0,1200,1200,2000,125000,1,800000,1,5,1,4,680,MALE,14,6,1,100,0,0,0,4,1,2,26,0,0,9999999,99999,99999,297,0
2023,202301,866198,2.02E+12,500,390,1,1000,69,0,1200,1200,2000,125000,1,800000,1,5,1,5,660,MALE,8,6,1,100,0,0,0,4,1,1,16,0,0,9999999,99999,99999,297,0
2023,202301,866198,2.02E+12,500,390,1,1000,69,0,1200,1200,2000,125000,1,800000,1,5,1,6,580,MALE,45,1,1,100,0,0,2,4,1,6,61,1,10,50000,0,0,297,0
2023,202301,869568,2.02E+12,990,390,1,1,69,0,9990,9992,1500,1700,1,800000,5,4,1,1,990,FEMALE,70,5,2,200,0,0,0,3,1,11,114,3,30,0,0,0,9,0
2023,202301,869568,2.02E+12,990,390,1,1,69,0,9990,9992,1500,1700,1,800000,5,4,1,2,690,MALE,19,6,2,200,0,0,0,3,1,6,63,1,10,1700,0,0,9,0
2023,202301,869958,2.02E+12,1240,390,1,600,67,0,4800,9992,120,45000,1,800000,9,5,1,1,1240,MALE,50,1,7,700,4,416,3,6,1,3,30,1,10,45000,0,0,121,0
2023,202301,869958,2.02E+12,1240,390,1,600,67,0,4800,9992,120,45000,1,800000,9,5,1,2,1220,FEMALE,41,1,7,700,4,416,3,6,1,6,63,3,30,0,0,0,121,0
2023,202301,869958,2.02E+12,1240,390,1,600,67,0,4800,9992,120,45000,1,800000,9,5,1,3,920,FEMALE,21,6,7,700,4,416,0,4,1,6,63,3,30,0,0,0,121,0
2023,202301,869958,2.02E+12,1240,390,1,600,67,0,4800,9992,120,45000,1,800000,9,5,1,4,910,MALE,19,6,7,700,4,416,0,4,1,6,63,3,30,0,0,0,121,0
2023,202301,869958,2.02E+12,1240,390,1,600,67,0,4800,9992,120,45000,1,800000,9,5,1,5,890,MALE,18,6,7,700,4,416,0,4,1,6,63,3,30,0,0,0,121,0
2023,202301,1352918,2.02E+12,750,390,1,6000,69,0,5400,3000,180,574000,1,800000,9,6,1,1,750,FEMALE,41,1,6,610,0,0,2,4,1,10,101,3,30,0,0,0,501,0
2023,202301,1352918,2.02E+12,750,390,1,6000,69,0,5400,3000,180,574000,1,800000,9,6,1,2,560,MALE,44,1,6,610,0,0,2,4,1,11,115,1,10,574000,0,0,501,0
2023,202301,1352918,2.02E+12,750,390,1,6000,69,0,5400,3000,180,574000,1,800000,9,6,1,3,610,FEMALE,10,6,6,610,0,0,0,3,1,2,23,0,0,9999999,99999,99999,501,0
2023,202301,1352918,2.02E+12,750,390,1,6000,69,0,5400,3000,180,574000,1,800000,9,6,1,4,620,FEMALE,6,6,6,610,0,0,0,3,1,1,15,0,0,9999999,99999,99999,501,0
2023,202301,1377838,2.02E+12,490,390,1,1,69,0,2040,9993,9993,65900,1,800000,15,3,1,1,500,FEMALE,30,1,8,826,1,100,3,4,2,6,63,1,10,22500,0,0,329,0
2023,202301,1377838,2.02E+12,490,390,1,1,69,0,2040,9993,9993,65900,1,800000,15,3,1,2,700,MALE,34,1,8,826,1,100,3,6,2,5,50,1,10,43400,0,0,329,0
2023,202301,865888,2.02E+12,500,390,1,1200,69,0,1080,4200,1300,178000,1,825000,6,5,1,1,500,FEMALE,34,1,1,100,0,0,0,3,1,11,114,1,10,68000,0,0,499,0
2023,202301,865888,2.02E+12,500,390,1,1200,69,0,1080,4200,1300,178000,1,825000,6,5,1,2,560,MALE,34,1,1,100,0,0,0,3,1,10,101,1,10,110000,0,0,499,0
2023,202301,865888,2.02E+12,500,390,1,1200,69,0,1080,4200,1300,178000,1,825000,6,5,1,3,540,FEMALE,5,6,1,100,0,0,0,3,1,1,11,0,0,9999999,99999,99999,499,0
2023,202301,865888,2.02E+12,500,390,1,1200,69,0,1080,4200,1300,178000,1,825000,6,5,1,4,310,FEMALE,3,6,1,100,0,0,0,0,1,0,2,0,0,9999999,99999,99999,499,0
2023,202301,865888,2.02E+12,500,390,1,1200,69,0,1080,4200,1300,178000,1,825000,6,5,1,5,460,MALE,0,6,1,100,0,0,0,0,1,0,1,0,0,9999999,99999,99999,499,0
2023,202301,850558,2.02E+12,500,390,1,3900,69,0,6360,6360,1800,145900,1,850000,3,5,1,1,500,FEMALE,82,1,1,100,0,0,0,3,1,11,114,3,30,79200,19200,0,501,0
2023,202301,850558,2.02E+12,500,390,1,3900,69,0,6360,6360,1800,145900,1,850000,3,5,1,2,470,MALE,85,1,1,100,0,0,2,3,1,10,101,3,30,66700,45700,0,501,0
2023,202301,855638,2.02E+12,950,390,1,800,69,0,1440,2280,2100,170600,1,850000,26,4,1,1,940,MALE,34,1,7,700,4,460,0,4,1,6,63,1,10,100000,0,0,326,0
2023,202301,855638,2.02E+12,950,390,1,800,69,0,1440,2280,2100,170600,1,850000,26,4,1,2,1450,FEMALE,32,1,7,700,0,0,0,3,1,6,63,1,10,55000,0,0,326,0
2023,202301,855638,2.02E+12,950,390,1,800,69,0,1440,2280,2100,170600,1,850000,26,4,1,3,1000,FEMALE,10,6,7,700,4,460,0,4,1,2,22,0,0,9999999,99999,99999,326,0
2023,202301,855638,2.02E+12,950,390,1,800,69,0,1440,2280,2100,170600,1,850000,26,4,1,4,760,FEMALE,38,6,7,700,4,460,0,4,1,7,71,2,20,0,0,0,326,0
2023,202301,855638,2.02E+12,950,390,1,800,69,0,1440,2280,2100,170600,1,850000,26,4,1,5,910,FEMALE,19,6,7,700,4,460,0,4,1,6,63,1,10,15600,0,0,326,0
2023,202301,855638,2.02E+12,950,390,1,800,69,0,1440,2280,2100,170600,1,850000,26,4,1,6,1010,FEMALE,14,6,7,700,4,460,0,4,1,3,30,0,0,9999999,99999,99999,326,0
2023,202301,855638,2.02E+12,950,390,1,800,69,0,1440,2280,2100,170600,1,850000,26,4,1,7,1000,FEMALE,13,6,7,700,4,460,0,3,1,2,23,0,0,9999999,99999,99999,326,0
2023,202301,855638,2.02E+12,950,390,1,800,69,0,1440,2280,2100,170600,1,850000,26,4,1,8,930,MALE,11,6,7,700,4,460,0,4,1,2,22,0,0,9999999,99999,99999,326,0
2023,202301,1112048,2.02E+12,780,390,1,1200,58,0,7200,9993,30,185000,1,875000,5,4,1,1,770,FEMALE,34,1,7,700,4,460,2,3,1,11,114,1,10,85000,0,0,501,0
2023,202301,1112048,2.02E+12,780,390,1,1200,58,0,7200,9993,30,185000,1,875000,5,4,1,2,550,MALE,34,1,2,200,0,0,1,3,1,11,114,1,10,100000,0,0,501,0
2023,202301,185668,2.02E+12,220,390,1,1,63,0,2160,2040,80,99200,1,890000,5,4,3,1,220,FEMALE,74,1,7,700,1,100,2,5,1,8,81,3,30,13200,13200,0,501,0
2023,202301,185668,2.02E+12,220,390,1,1,63,0,2160,2040,80,99200,1,890000,5,4,3,2,210,MALE,74,1,7,700,1,100,2,5,1,0,2,3,30,86000,18000,0,501,0
2023,202301,204268,2.02E+12,550,390,1,600,66,0,4440,600,170,25300,1,900000,5,4,2,1,540,MALE,76,1,8,826,4,450,0,3,2,6,65,3,30,12800,12800,0,140,0
2023,202301,204268,2.02E+12,550,390,1,600,66,0,4440,600,170,25300,1,900000,5,4,2,2,670,FEMALE,80,1,1,100,0,0,0,3,1,8,81,3,30,12500,12500,0,140,0
2023,202301,869208,2.02E+12,1080,390,1,1200,69,0,840,1680,50,290000,1,900000,1,5,1,1,1080,MALE,43,1,4,400,0,0,2,4,1,11,116,1,10,160000,0,0,501,0
2023,202301,869208,2.02E+12,1080,390,1,1200,69,0,840,1680,50,290000,1,900000,1,5,1,2,960,FEMALE,42,1,4,400,0,0,2,4,1,11,116,1,10,130000,0,0,501,0
2023,202301,869208,2.02E+12,1080,390,1,1200,69,0,840,1680,50,290000,1,900000,1,5,1,3,910,FEMALE,8,6,4,400,0,0,0,4,1,1,15,0,0,9999999,99999,99999,501,0
2023,202301,869208,2.02E+12,1080,390,1,1200,69,0,840,1680,50,290000,1,900000,1,5,1,4,840,MALE,6,6,4,400,0,0,0,4,1,1,12,0,0,9999999,99999,99999,501,0
2023,202301,869208,2.02E+12,1080,390,1,1200,69,0,840,1680,50,290000,1,900000,1,5,1,5,1030,MALE,75,1,4,400,0,0,3,1,1,6,63,3,30,0,0,0,501,0
2023,202301,869208,2.02E+12,1080,390,1,1200,69,0,840,1680,50,290000,1,900000,1,5,1,6,750,FEMALE,73,1,4,400,0,0,3,1,1,6,63,3,30,0,0,0,501,0
2023,202301,871318,2.02E+12,1110,390,1,1200,69,0,1920,3240,1300,319000,1,900000,4,5,1,1,1110,FEMALE,44,1,6,600,0,0,0,3,1,10,101,1,10,65000,0,0,501,0
2023,202301,871318,2.02E+12,1110,390,1,1200,69,0,1920,3240,1300,319000,1,900000,4,5,1,2,1220,MALE,40,1,6,600,0,0,0,3,1,11,114,1,10,254000,0,0,501,0
2023,202301,871318,2.02E+12,1110,390,1,1200,69,0,1920,3240,1300,319000,1,900000,4,5,1,3,1040,FEMALE,10,6,6,600,0,0,0,3,1,1,17,0,0,9999999,99999,99999,501,0
2023,202301,871318,2.02E+12,1110,390,1,1200,69,0,1920,3240,1300,319000,1,900000,4,5,1,4,960,MALE,7,6,6,600,0,0,0,3,1,1,14,0,0,9999999,99999,99999,501,0
2023,202301,871318,2.02E+12,1110,390,1,1200,69,0,1920,3240,1300,319000,1,900000,4,5,1,5,1030,FEMALE,5,6,6,600,0,0,0,3,1,1,11,0,0,9999999,99999,99999,501,0
2023,202301,1119098,2.02E+12,690,390,1,2200,47,0,3600,600,9993,152860,1,900000,6,3,1,1,690,FEMALE,70,1,1,100,0,0,0,3,1,10,101,3,30,57720,22800,0,501,0
2023,202301,1119098,2.02E+12,690,390,1,2200,47,0,3600,600,9993,152860,1,900000,6,3,1,2,620,MALE,71,1,1,100,0,0,0,3,1,10,101,3,30,95140,44900,0,501,0
2023,202301,1114878,2.02E+12,160,390,1,2000,69,0,840,9993,9993,0,1,920000,2,3,3,1,160,FEMALE,62,5,8,802,0,0,0,3,2,6,64,3,30,0,0,0,1,0
2023,202301,1114878,2.02E+12,160,390,1,2000,69,0,840,9993,9993,0,1,920000,2,3,3,2,580,FEMALE,3,6,8,802,0,0,0,0,2,0,2,0,0,9999999,99999,99999,1,0
2023,202301,862158,2.02E+12,600,390,1,1600,69,0,1440,240,2900,14740,1,950000,9,5,1,1,600,FEMALE,72,1,1,100,0,0,0,3,1,10,101,3,30,6500,2200,0,63,0
2023,202301,862158,2.02E+12,600,390,1,1600,69,0,1440,240,2900,14740,1,950000,9,5,1,2,660,MALE,72,1,1,100,0,0,0,3,1,10,101,3,30,7800,2700,0,63,0
2023,202301,862158,2.02E+12,600,390,1,1600,69,0,1440,240,2900,14740,1,950000,9,5,1,3,630,MALE,39,6,1,100,0,0,0,3,1,10,101,3,30,440,0,0,63,0
2023,202301,1119318,2.02E+12,610,390,1,500,65,0,6000,600,750,75600,1,950000,9,4,1,1,600,MALE,70,1,1,100,0,0,0,3,1,10,101,3,30,20000,20000,0,418,0
2023,202301,1119318,2.02E+12,610,390,1,500,65,0,6000,600,750,75600,1,950000,9,4,1,2,710,FEMALE,70,1,1,100,0,0,0,3,1,10,101,3,30,55600,24000,0,418,0
2023,202301,1113528,2.02E+12,280,390,1,1600,47,0,4200,9993,9993,29710,1,999000,7,4,1,1,280,FEMALE,72,1,4,400,0,0,0,3,1,8,81,3,30,15000,0,0,127,0
2023,202301,1113528,2.02E+12,280,390,1,1600,47,0,4200,9993,9993,29710,1,999000,7,4,1,2,260,MALE,75,1,1,100,0,0,0,3,1,10,101,3,30,14700,6000,0,127,0
2023,202301,1113528,2.02E+12,280,390,1,1600,47,0,4200,9993,9993,29710,1,999000,7,4,1,3,310,MALE,37,6,8,811,0,0,0,3,2,10,101,2,20,10,0,0,127,0
2023,202301,527608,2.02E+12,650,390,1,1400,69,0,4200,9993,50,80000,1,1000000,7,5,1,1,650,MALE,61,1,1,100,0,0,0,3,1,7,71,1,10,70000,0,0,400,0
2023,202301,527608,2.02E+12,650,390,1,1400,69,0,4200,9993,50,80000,1,1000000,7,5,1,2,600,FEMALE,61,1,1,100,0,0,0,3,1,10,101,1,10,10000,0,0,400,0
2023,202301,843118,2.02E+12,740,390,1,3000,68,0,3000,2280,720,125000,1,1000000,2,3,1,1,740,FEMALE,85,4,2,200,0,0,0,3,1,6,63,3,30,25000,0,0,138,0
2023,202301,843118,2.02E+12,740,390,1,3000,68,0,3000,2280,720,125000,1,1000000,2,3,1,2,1130,MALE,60,6,2,200,0,0,0,3,1,6,63,2,20,0,0,0,138,0
2023,202301,843118,2.02E+12,740,390,1,3000,68,0,3000,2280,720,125000,1,1000000,2,3,1,3,900,MALE,41,6,8,830,0,0,0,3,2,7,71,1,10,100000,0,0,501,0
2023,202301,855098,2.02E+12,610,390,1,1,69,0,840,9992,360,44200,2,1000000,1,7,1,1,610,MALE,63,1,1,100,0,0,2,5,1,10,101,3,30,42000,22000,0,95,0
2023,202301,855098,2.02E+12,610,390,1,1,69,0,840,9992,360,44200,2,1000000,1,7,1,2,570,FEMALE,48,1,1,100,0,0,2,4,1,6,63,3,30,0,0,0,95,0
2023,202301,855098,2.02E+12,610,390,1,1,69,0,840,9992,360,44200,2,1000000,1,7,1,3,600,FEMALE,18,6,1,100,0,0,0,4,1,7,71,3,30,0,0,0,95,0
2023,202301,855098,2.02E+12,610,390,1,1,69,0,840,9992,360,44200,2,1000000,1,7,1,4,410,FEMALE,17,6,1,100,0,0,0,3,1,5,50,1,10,2200,0,0,95,0
2023,202301,855098,2.02E+12,610,390,1,1,69,0,840,9992,360,44200,2,1000000,1,7,1,5,820,MALE,15,6,1,100,0,0,0,4,1,2,26,0,0,0,0,0,95,0
2023,202301,855098,2.02E+12,610,390,1,1,69,0,840,9992,360,44200,2,1000000,1,7,1,6,790,MALE,12,6,1,100,0,0,0,4,1,2,23,0,0,9999999,99999,99999,95,0
2023,202301,855098,2.02E+12,610,390,1,1,69,0,840,9992,360,44200,2,1000000,1,7,1,7,780,MALE,10,6,1,100,0,0,0,4,1,1,17,0,0,9999999,99999,99999,95,0
2023,202301,869318,2.02E+12,770,390,1,1800,69,0,1080,960,250,179100,1,1000000,1,4,1,1,770,FEMALE,70,1,1,100,0,0,0,3,1,10,101,3,30,83400,16300,0,501,0
2023,202301,869318,2.02E+12,770,390,1,1800,69,0,1080,960,250,179100,1,1000000,1,4,1,2,920,MALE,74,1,1,100,0,0,0,3,1,10,101,3,30,95700,24600,0,501,0
2023,202301,1113618,2.02E+12,270,390,1,700,66,0,1800,9993,9993,125300,1,1000000,7,4,1,1,270,FEMALE,76,6,1,100,0,0,0,3,1,11,116,3,30,58300,12700,0,501,0
2023,202301,1113618,2.02E+12,270,390,1,700,66,0,1800,9993,9993,125300,1,1000000,7,4,1,2,270,MALE,73,6,1,100,0,0,0,3,1,11,116,3,30,67000,26300,0,501,0
2023,202301,1121108,2.02E+12,990,390,1,3000,67,0,4800,1200,100,147000,1,1000000,15,6,1,1,980,FEMALE,60,1,8,826,1,100,0,4,2,11,114,3,30,17000,0,0,501,0
2023,202301,1121108,2.02E+12,990,390,1,3000,67,0,4800,1200,100,147000,1,1000000,15,6,1,2,660,MALE,58,1,1,100,0,0,0,4,1,11,114,1,10,130000,0,0,501,0
2023,202301,1307888,2.02E+12,750,390,1,6000,69,0,2880,840,9993,84300,1,1100000,7,3,1,1,760,MALE,83,1,1,100,0,0,0,3,1,6,65,3,30,35000,23000,0,467,0
2023,202301,1307888,2.02E+12,750,390,1,6000,69,0,2880,840,9993,84300,1,1100000,7,3,1,2,850,FEMALE,80,1,1,100,0,0,0,3,1,10,101,1,10,49300,41200,0,467,0
2023,202301,1345328,2.02E+12,1500,390,1,7000,69,0,3840,2040,1800,411000,1,1100000,9,6,1,1,1500,FEMALE,50,1,8,826,4,423,0,4,2,11,115,1,10,325000,0,0,501,0
2023,202301,1345328,2.02E+12,1500,390,1,7000,69,0,3840,2040,1800,411000,1,1100000,9,6,1,2,1610,MALE,45,1,1,100,0,0,0,3,1,7,71,1,10,86000,0,0,501,0
2023,202301,1345328,2.02E+12,1500,390,1,7000,69,0,3840,2040,1800,411000,1,1100000,9,6,1,3,1710,MALE,9,6,1,100,0,0,0,3,1,1,16,0,0,9999999,99999,99999,501,0
2023,202301,866928,2.02E+12,1030,390,1,150,69,0,3000,1440,70,215000,1,1200000,1,5,1,1,1020,MALE,44,1,4,400,0,0,2,4,1,11,114,1,10,95000,0,0,501,0
2023,202301,866928,2.02E+12,1030,390,1,150,69,0,3000,1440,70,215000,1,1200000,1,5,1,2,920,FEMALE,45,1,4,400,0,0,2,4,1,11,114,1,10,120000,0,0,501,0
2023,202301,866928,2.02E+12,1030,390,1,150,69,0,3000,1440,70,215000,1,1200000,1,5,1,3,530,MALE,16,6,4,400,0,0,0,3,1,4,40,3,30,0,0,0,501,0
2023,202301,866928,2.02E+12,1030,390,1,150,69,0,3000,1440,70,215000,1,1200000,1,5,1,4,1170,FEMALE,12,6,4,400,0,0,0,3,1,2,23,0,0,9999999,99999,99999,501,0
2023,202301,868718,2.02E+12,2720,390,1,1200,69,0,2640,3600,1800,107200,1,1200000,3,6,1,1,2720,MALE,55,1,1,100,0,0,0,3,1,11,116,1,10,38400,0,0,217,0
2023,202301,868718,2.02E+12,2720,390,1,1200,69,0,2640,3600,1800,107200,1,1200000,3,6,1,2,4400,FEMALE,53,1,1,100,0,0,0,3,1,8,81,1,10,45000,0,0,217,0
2023,202301,868718,2.02E+12,2720,390,1,1200,69,0,2640,3600,1800,107200,1,1200000,3,6,1,3,2990,FEMALE,25,6,1,100,0,0,0,3,1,10,101,1,10,23800,0,0,217,0
2023,202301,868718,2.02E+12,2720,390,1,1200,69,0,2640,3600,1800,107200,1,1200000,3,6,1,4,4550,FEMALE,23,6,1,100,0,0,0,3,1,11,114,3,30,0,0,0,217,0
2023,202301,868718,2.02E+12,2720,390,1,1200,69,0,2640,3600,1800,107200,1,1200000,3,6,1,5,2780,FEMALE,19,6,1,100,0,0,0,3,1,7,71,3,30,0,0,0,217,0
2023,202301,868718,2.02E+12,2720,390,1,1200,69,0,2640,3600,1800,107200,1,1200000,3,6,1,6,2780,FEMALE,19,6,1,100,0,0,0,3,1,7,71,3,30,0,0,0,217,0
2023,202301,868718,2.02E+12,2720,390,1,1200,69,0,2640,3600,1800,107200,1,1200000,3,6,1,7,1910,FEMALE,15,6,1,100,0,0,0,3,1,2,26,0,0,0,0,0,217,0
2023,202301,1122098,2.02E+12,1190,390,1,1,69,0,3840,9993,9993,200000,1,1200000,7,5,1,1,1190,FEMALE,66,1,1,100,0,0,0,5,1,11,115,3,30,100000,19000,0,501,0
2023,202301,1122098,2.02E+12,1190,390,1,1,69,0,3840,9993,9993,200000,1,1200000,7,5,1,2,1060,MALE,67,1,1,100,0,0,0,3,1,11,115,3,30,100000,30000,0,501,0
2023,202301,1126198,2.02E+12,620,390,1,8900,69,0,9993,2520,800,114800,1,1200000,15,5,1,1,620,FEMALE,79,1,2,200,0,0,0,3,1,11,114,3,30,57900,44900,0,501,0
2023,202301,1126198,2.02E+12,620,390,1,8900,69,0,9993,2520,800,114800,1,1200000,15,5,1,2,570,MALE,76,1,1,100,0,0,2,3,1,10,101,3,30,56900,44900,0,501,0
2023,202301,862688,2.02E+12,1500,390,1,1,69,0,4440,9993,1800,489500,1,1250000,5,7,1,1,1500,FEMALE,50,1,1,100,0,0,0,3,1,10,101,3,30,0,0,0,501,0
2023,202301,862688,2.02E+12,1500,390,1,1,69,0,4440,9993,1800,489500,1,1250000,5,7,1,2,890,MALE,51,1,8,826,4,498,0,3,2,10,101,1,10,486000,0,0,501,0
2023,202301,862688,2.02E+12,1500,390,1,1,69,0,4440,9993,1800,489500,1,1250000,5,7,1,3,2110,MALE,16,6,1,100,0,0,0,3,1,3,30,1,10,3500,0,0,501,0
2023,202301,862688,2.02E+12,1500,390,1,1,69,0,4440,9993,1800,489500,1,1250000,5,7,1,4,2090,MALE,16,6,1,100,0,0,0,3,1,3,30,3,30,0,0,0,501,0
2023,202301,862688,2.02E+12,1500,390,1,1,69,0,4440,9993,1800,489500,1,1250000,5,7,1,5,970,FEMALE,14,6,1,100,0,0,0,3,1,2,26,0,0,9999999,99999,99999,501,0
2023,202301,862688,2.02E+12,1500,390,1,1,69,0,4440,9993,1800,489500,1,1250000,5,7,1,6,830,FEMALE,9,6,8,826,4,498,0,3,2,1,16,0,0,9999999,99999,99999,501,0
2023,202301,862688,2.02E+12,1500,390,1,1,69,0,4440,9993,1800,489500,1,1250000,5,7,1,7,2090,MALE,15,6,1,100,0,0,0,3,1,3,30,0,0,0,0,0,501,0
2023,202301,123278,2.02E+12,640,390,1,3200,66,0,7800,2280,110,3500,1,1300000,9,4,1,1,640,FEMALE,45,1,6,600,0,0,2,4,1,10,101,1,10,1600,0,0,15,0
2023,202301,123278,2.02E+12,640,390,1,3200,66,0,7800,2280,110,3500,1,1300000,9,4,1,2,830,MALE,71,1,6,600,0,0,2,4,1,7,71,3,30,1900,1900,0,15,0
2023,202301,123278,2.02E+12,640,390,1,3200,66,0,7800,2280,110,3500,1,1300000,9,4,1,3,1140,MALE,8,6,6,600,0,0,0,3,1,1,16,0,0,9999999,99999,99999,15,0
2023,202301,852208,2.02E+12,610,390,1,910,69,0,2400,2640,9997,634500,1,1300000,9,3,1,1,610,FEMALE,78,1,1,100,0,0,0,3,1,11,116,3,30,482000,30000,0,501,0
2023,202301,852208,2.02E+12,610,390,1,910,69,0,2400,2640,9997,634500,1,1300000,9,3,1,2,570,MALE,81,1,1,100,0,0,0,3,1,11,115,1,10,152500,25000,0,501,0
2023,202301,192528,2.02E+12,1230,390,1,1,67,0,240,48,80,151000,1,1400000,27,4,1,1,1230,MALE,34,6,1,100,0,0,0,3,1,10,101,1,10,151000,0,0,501,0
2023,202301,1119808,2.02E+12,3420,390,1,8900,69,0,4800,1200,9993,282000,1,1500000,9,6,1,1,3430,MALE,55,1,1,100,0,0,0,3,1,6,65,1,10,180000,0,0,501,0
2023,202301,1119808,2.02E+12,3420,390,1,8900,69,0,4800,1200,9993,282000,1,1500000,9,6,1,2,3050,FEMALE,51,1,1,100,0,0,0,3,1,7,71,1,10,102000,0,0,501,0
2023,202301,1123288,2.02E+12,540,390,1,1200,68,0,2400,9993,800,66600,1,1500000,5,8,1,1,550,MALE,66,1,1,100,0,0,0,3,1,6,63,1,10,30600,0,0,369,0
2023,202301,1123288,2.02E+12,540,390,1,1200,68,0,2400,9993,800,66600,1,1500000,5,8,1,2,640,FEMALE,66,1,1,100,0,0,0,3,1,6,63,1,10,36000,0,0,369,0
2023,202301,1126508,2.02E+12,580,390,1,2000,68,0,2280,720,600,185000,1,1500000,9,4,1,1,580,MALE,76,1,1,100,0,0,0,3,1,10,101,3,30,170000,20000,0,501,0
2023,202301,1126508,2.02E+12,580,390,1,2000,68,0,2280,720,600,185000,1,1500000,9,4,1,2,810,FEMALE,72,1,1,100,0,0,0,3,1,6,63,3,30,15000,15000,0,501,0
2023,202301,854238,2.02E+12,510,390,1,1300,69,0,1920,360,1000,520000,1,1600000,4,6,1,1,510,MALE,40,1,1,100,0,0,0,3,1,10,101,1,10,220000,0,0,501,0
2023,202301,854238,2.02E+12,510,390,1,1300,69,0,1920,360,1000,520000,1,1600000,4,6,1,2,580,FEMALE,42,1,8,812,0,0,0,3,2,11,115,1,10,300000,0,0,501,0
2023,202301,854238,2.02E+12,510,390,1,1300,69,0,1920,360,1000,520000,1,1600000,4,6,1,3,560,MALE,10,6,8,812,0,0,0,3,2,1,17,0,0,9999999,99999,99999,501,0
2023,202301,854238,2.02E+12,510,390,1,1300,69,0,1920,360,1000,520000,1,1600000,4,6,1,4,740,FEMALE,8,6,8,812,0,0,0,3,2,1,15,0,0,9999999,99999,99999,501,0
2023,202301,1123018,2.02E+12,1680,390,1,8900,68,0,1200,840,9993,204800,1,2000000,27,5,1,1,1680,FEMALE,60,1,1,100,0,0,0,3,1,8,81,3,30,22800,0,0,501,0
2023,202301,1123018,2.02E+12,1680,390,1,8900,68,0,1200,840,9993,204800,1,2000000,27,5,1,2,1800,MALE,64,1,1,100,0,0,0,3,1,8,81,3,30,78000,24000,0,501,0
2023,202301,1123018,2.02E+12,1680,390,1,8900,68,0,1200,840,9993,204800,1,2000000,27,5,1,3,1220,MALE,35,6,1,100,0,0,0,3,1,11,114,1,10,104000,0,0,501,0
2023,202301,839738,2.02E+12,770,390,1,2000,69,0,2160,2760,980,927500,1,2100000,4,5,1,1,780,MALE,52,1,1,100,0,0,2,3,1,11,114,1,10,727500,0,0,501,0
2023,202301,839738,2.02E+12,770,390,1,2000,69,0,2160,2760,980,927500,1,2100000,4,5,1,2,620,FEMALE,47,1,6,610,0,0,2,4,1,11,114,1,10,200000,0,0,501,0
2023,202301,839738,2.02E+12,770,390,1,2000,69,0,2160,2760,980,927500,1,2100000,4,5,1,3,510,FEMALE,16,6,8,814,0,0,2,3,2,3,30,3,30,0,0,0,501,0
2023,202301,839738,2.02E+12,770,390,1,2000,69,0,2160,2760,980,927500,1,2100000,4,5,1,4,580,FEMALE,14,6,8,814,0,0,2,3,2,3,30,0,0,9999999,99999,99999,501,0
2023,202301,873768,2.02E+12,500,390,1,3300,69,0,6000,480,1900,926000,1,2200000,6,6,1,1,500,MALE,40,1,1,100,0,0,0,3,1,10,101,1,10,726000,0,0,501,0
2023,202301,873768,2.02E+12,500,390,1,3300,69,0,6000,480,1900,926000,1,2200000,6,6,1,2,510,FEMALE,39,1,1,100,0,0,0,3,1,11,116,1,10,200000,0,0,501,0
2023,202301,873768,2.02E+12,500,390,1,3300,69,0,6000,480,1900,926000,1,2200000,6,6,1,3,410,MALE,4,6,1,100,0,0,0,0,1,0,2,0,0,9999999,99999,99999,501,0
2023,202301,873768,2.02E+12,500,390,1,3300,69,0,6000,480,1900,926000,1,2200000,6,6,1,4,400,MALE,4,6,1,100,0,0,0,0,1,0,2,0,0,9999999,99999,99999,501,0
2023,202301,873768,2.02E+12,500,390,1,3300,69,0,6000,480,1900,926000,1,2200000,6,6,1,5,350,FEMALE,23,6,7,700,1,100,3,4,1,10,101,3,30,0,0,0,1,0
2023,202301,849988,2.02E+12,360,390,1,2500,69,0,6000,2400,150,265000,1,4957000,15,5,1,1,360,MALE,46,1,7,700,2,200,0,3,1,10,101,1,10,140000,0,0,501,0
2023,202301,849988,2.02E+12,360,390,1,2500,69,0,6000,2400,150,265000,1,4957000,15,5,1,2,290,FEMALE,50,1,7,700,2,200,0,3,1,6,64,1,10,70000,0,0,501,0
2023,202301,849988,2.02E+12,360,390,1,2500,69,0,6000,2400,150,265000,1,4957000,15,5,1,3,320,MALE,23,6,7,700,2,200,0,3,1,6,63,1,10,55000,0,0,501,0
2023,202301,849988,2.02E+12,360,390,1,2500,69,0,6000,2400,150,265000,1,4957000,15,5,1,4,240,FEMALE,12,6,7,700,2,200,0,3,1,2,23,0,0,9999999,99999,99999,501,0
2023,202301,860478,2.02E+12,960,390,1,650,32,0,480,2400,60,256000,1,4957000,3,3,1,1,970,MALE,47,1,6,610,0,0,2,4,1,11,114,1,10,180000,0,0,501,0
2023,202301,860478,2.02E+12,960,390,1,650,32,0,480,2400,60,256000,1,4957000,3,3,1,2,610,FEMALE,46,1,6,610,0,0,2,4,1,11,116,1,10,76000,0,0,501,0
2023,202301,860478,2.02E+12,960,390,1,650,32,0,480,2400,60,256000,1,4957000,3,3,1,3,670,MALE,11,6,6,610,0,0,2,4,1,2,22,0,0,9999999,99999,99999,501,0
2023,202301,860478,2.02E+12,960,390,1,650,32,0,480,2400,60,256000,1,4957000,3,3,1,4,660,FEMALE,9,6,6,610,0,0,2,4,1,1,16,0,0,9999999,99999,99999,501,0
2023,202301,860478,2.02E+12,960,390,1,650,32,0,480,2400,60,256000,1,4957000,3,3,1,5,650,FEMALE,8,6,6,610,0,0,2,4,1,1,15,0,0,9999999,99999,99999,501,0
2023,202301,77208,2.02E+12,750,390,3,0,0,0,0,0,0,9999999,1,9999999,0,0,0,1,750,FEMALE,30,6,9,901,0,0,0,3,3,6,65,3,30,480,0,0,0,99999
2023,202301,77658,2.02E+12,250,390,3,0,0,0,0,0,0,9999999,1,9999999,0,0,0,1,250,FEMALE,57,4,1,100,0,0,0,3,1,6,64,3,30,0,0,0,0,99999
2023,202301,78598,2.02E+12,310,390,3,0,0,0,0,0,0,9999999,1,9999999,0,0,0,1,310,FEMALE,30,6,9,901,0,0,0,3,3,6,65,3,30,480,0,0,0,99999
2023,202301,79288,2.02E+12,330,390,3,0,0,0,0,0,0,9999999,1,9999999,0,0,0,1,330,FEMALE,34,6,7,700,1,100,0,3,1,3,30,3,30,0,0,0,0,99999
2023,202301,79558,2.02E+12,320,390,3,0,0,0,0,0,0,9999999,1,9999999,0,0,0,1,320,FEMALE,37,6,1,100,0,0,0,3,1,8,81,3,30,0,0,0,0,99999
2023,202301,79778,2.02E+12,350,390,3,0,0,0,0,0,0,9999999,1,9999999,0,0,0,1,350,MALE,65,6,2,200,0,0,0,3,1,6,64,3,30,0,0,0,0,99999
2023,202301,80178,2.02E+12,660,390,3,0,0,0,0,0,0,9999999,1,9999999,0,0,0,1,660,FEMALE,51,4,1,100,0,0,0,3,1,7,71,3,30,3600,0,0,0,99999
2023,202301,80208,2.02E+12,80,390,3,0,0,0,0,0,0,9999999,1,9999999,0,0,0,1,80,MALE,24,6,7,700,1,100,0,4,1,6,63,3,30,1200,0,0,0,99999
2023,202301,83998,2.02E+12,350,390,3,0,0,0,0,0,0,9999999,1,9999999,0,0,0,1,350,MALE,48,3,7,700,1,100,0,4,1,6,61,3,30,1200,0,0,0,99999
2023,202301,85658,2.02E+12,220,390,3,0,0,0,0,0,0,9999999,1,9999999,0,0,0,1,220,FEMALE,31,6,8,826,4,416,0,3,2,7,71,3,30,25000,0,0,0,99999
2023,202301,85758,2.02E+12,40,390,3,0,0,0,0,0,0,9999999,1,9999999,0,0,0,1,40,FEMALE,94,5,1,100,0,0,0,3,1,8,81,3,30,19800,4800,0,0,99999
2023,202301,86148,2.02E+12,560,390,3,0,0,0,0,0,0,9999999,1,9999999,0,0,0,1,560,MALE,69,2,1,100,0,0,0,3,1,7,71,3,30,0,0,0,0,99999
2023,202301,88978,2.02E+12,280,390,3,0,0,0,0,0,0,9999999,1,9999999,0,0,0,1,280,FEMALE,41,6,8,893,1,100,0,4,3,6,64,3,30,54000,0,0,0,99999
2023,202301,90098,2.02E+12,790,390,3,0,0,0,0,0,0,9999999,1,9999999,0,0,0,1,790,FEMALE,42,6,2,200,0,0,0,3,1,7,71,3,30,10000,0,0,0,99999
2023,202301,90568,2.02E+12,390,390,3,0,0,0,0,0,0,9999999,1,9999999,0,0,0,1,390,MALE,40,3,7,700,1,100,3,4,1,6,61,3,30,0,0,0,0,99999
2023,202301,92258,2.02E+12,550,390,3,0,0,0,0,0,0,9999999,1,9999999,0,0,0,1,550,MALE,69,2,1,100,0,0,0,3,1,7,71,3,30,0,0,0,0,99999
2023,202301,93748,2.02E+12,300,390,3,0,0,0,0,0,0,9999999,1,9999999,0,0,0,1,300,FEMALE,56,4,7,700,1,100,0,4,1,6,61,3,30,10,0,0,0,99999
2023,202301,94318,2.02E+12,220,390,3,0,0,0,0,0,0,9999999,1,9999999,0,0,0,1,220,FEMALE,38,4,9,907,1,100,0,3,3,6,65,3,30,400,0,0,0,99999
2023,202301,95668,2.02E+12,230,390,3,0,0,0,0,0,0,9999999,2,9999999,0,0,0,1,230,FEMALE,50,6,2,200,0,0,0,3,1,5,50,3,30,8900,0,0,0,99999
2023,202301,95788,2.02E+12,250,390,3,0,0,0,0,0,0,9999999,1,9999999,0,0,0,1,250,FEMALE,69,5,4,400,0,0,2,4,1,6,63,3,30,690,0,0,0,99999
2023,202301,216688,2.02E+12,890,390,1,0,0,0,2760,9992,9997,1400,1,9999999,1,3,1,1,890,FEMALE,28,6,8,801,0,0,0,3,2,7,71,3,30,1400,0,0,9,0
2023,202301,509478,2.02E+12,860,390,4,0,0,0,0,0,0,9999999,1,9999999,0,0,0,1,860,MALE,24,6,2,200,0,0,0,3,1,7,71,3,30,0,0,0,0,99999
2023,202301,509538,2.02E+12,110,390,3,0,0,0,0,0,0,9999999,1,9999999,0,0,0,1,110,MALE,81,2,1,100,0,0,0,3,1,6,63,3,30,27000,27000,0,0,99999
2023,202301,509568,2.02E+12,310,390,4,0,0,0,0,0,0,9999999,2,9999999,0,0,0,1,310,MALE,1,6,1,100,0,0,0,0,1,0,1,0,0,9999999,99999,99999,0,99999
2023,202301,531968,2.02E+12,490,390,1,0,0,0,9993,9997,9997,26000,1,9999999,5,2,2,1,490,FEMALE,94,5,1,100,0,0,0,4,1,6,63,3,30,26000,26000,0,181,0
2023,202301,835068,2.02E+12,310,390,4,0,0,0,0,0,0,9999999,1,9999999,0,0,0,1,310,MALE,48,6,2,200,0,0,0,3,1,6,63,3,30,0,0,0,0,99999
2023,202301,835088,2.02E+12,300,390,4,0,0,0,0,0,0,9999999,1,9999999,0,0,0,1,300,MALE,39,4,1,100,0,0,0,3,1,6,63,3,30,0,0,0,0,99999
2023,202301,836258,2.02E+12,140,390,3,0,0,0,0,0,0,9999999,1,9999999,0,0,0,1,140,FEMALE,87,6,1,100,0,0,0,3,1,8,81,3,30,0,0,0,0,99999
2023,202301,836388,2.02E+12,850,390,3,0,0,0,0,0,0,9999999,1,9999999,0,0,0,1,850,FEMALE,89,5,2,200,0,0,0,3,1,7,71,3,30,0,0,0,0,99999
2023,202301,836778,2.02E+12,570,390,4,0,0,0,0,0,0,9999999,2,9999999,0,0,0,1,570,FEMALE,24,6,2,200,0,0,0,3,1,6,63,3,30,14900,0,0,0,99999
2023,202301,836808,2.02E+12,620,390,4,0,0,0,0,0,0,9999999,1,9999999,0,0,0,1,620,FEMALE,21,6,2,200,0,0,0,3,1,7,71,1,10,4600,0,0,0,99999
2023,202301,837098,2.02E+12,180,390,3,0,0,0,0,0,0,9999999,1,9999999,0,0,0,1,180,MALE,72,6,2,200,0,0,0,3,1,6,63,3,30,0,0,0,0,99999
2023,202301,837228,2.02E+12,710,390,3,0,0,0,0,0,0,9999999,1,9999999,0,0,0,1,710,FEMALE,87,6,2,200,0,0,0,3,1,6,63,3,30,0,0,0,0,99999
2023,202301,837908,2.02E+12,480,390,4,0,0,0,0,0,0,9999999,1,9999999,0,0,0,1,480,FEMALE,19,6,1,100,0,0,0,3,1,6,63,3,30,7600,0,0,0,99999
2023,202301,869868,2.02E+12,2060,390,1,0,0,0,9993,9993,1300,10800,2,9999999,6,2,1,1,2060,FEMALE,54,6,1,100,0,0,2,4,1,6,65,3,30,10800,0,0,69,0
2023,202301,1107898,2.02E+12,160,390,4,0,0,0,0,0,0,9999999,2,9999999,0,0,0,1,160,MALE,79,6,1,100,0,0,0,3,1,0,2,3,30,6000,6000,0,0,99999
2023,202301,1108058,2.02E+12,600,390,4,0,0,0,0,0,0,9999999,1,9999999,0,0,0,1,600,MALE,19,6,1,100,0,0,0,3,1,6,65,2,20,8400,0,0,0,99999
2023,202301,1108238,2.02E+12,390,390,4,0,0,0,0,0,0,9999999,2,9999999,0,0,0,1,390,MALE,59,6,9,974,0,0,0,3,2,6,65,2,20,9100,0,0,0,99999
2023,202301,1108288,2.02E+12,450,390,4,0,0,0,0,0,0,9999999,1,9999999,0,0,0,1,450,FEMALE,18,6,4,400,0,0,0,3,1,6,65,1,10,16700,0,0,0,99999
2023,202301,1108518,2.02E+12,100,390,3,0,0,0,0,0,0,9999999,1,9999999,0,0,0,1,100,FEMALE,78,4,1,100,0,0,0,3,1,6,65,3,30,20400,20400,0,0,99999
2023,202301,1108548,2.02E+12,470,390,4,0,0,0,0,0,0,9999999,1,9999999,0,0,0,1,470,MALE,19,6,1,100,0,0,0,3,1,6,63,3,30,0,0,0,0,99999
2023,202301,1108728,2.02E+12,730,390,4,0,0,0,0,0,0,9999999,1,9999999,0,0,0,1,730,MALE,19,6,8,802,0,0,0,3,2,6,63,3,30,3000,0,0,0,99999
2023,202301,1108968,2.02E+12,660,390,4,0,0,0,0,0,0,9999999,1,9999999,0,0,0,1,660,FEMALE,18,6,1,100,0,0,0,3,1,6,63,3,30,1300,0,0,0,99999
2023,202301,1109118,2.02E+12,1890,390,4,0,0,0,0,0,0,9999999,1,9999999,0,0,0,1,1890,FEMALE,19,6,8,826,1,100,0,3,2,6,65,3,30,0,0,0,0,99999
2023,202301,1109238,2.02E+12,630,390,3,0,0,0,0,0,0,9999999,1,9999999,0,0,0,1,630,MALE,71,6,1,100,0,0,0,3,1,6,63,3,30,13000,13000,0,0,99999
2023,202301,1109428,2.02E+12,420,390,4,0,0,0,0,0,0,9999999,1,9999999,0,0,0,1,420,MALE,18,6,1,100,0,0,0,4,1,6,65,3,30,2650,0,0,0,99999
2023,202301,1109518,2.02E+12,210,390,4,0,0,0,0,0,0,9999999,2,9999999,0,0,0,1,210,MALE,25,6,1,100,0,0,0,3,1,6,64,3,30,3100,0,0,0,99999
2023,202301,1109848,2.02E+12,790,390,3,0,0,0,0,0,0,9999999,1,9999999,0,0,0,1,790,FEMALE,52,6,1,100,0,0,0,3,1,4,40,3,30,0,0,0,0,99999
2023,202301,1112318,2.02E+12,570,390,1,0,0,0,1080,9993,9993,45400,1,9999999,3,3,1,1,570,MALE,85,1,1,100,0,0,0,3,1,6,63,3,30,24700,19000,0,251,0
2023,202301,1112318,2.02E+12,570,390,1,0,0,0,1080,9993,9993,45400,1,9999999,3,3,1,2,650,FEMALE,80,1,1,100,0,0,0,3,1,6,63,3,30,20700,10000,0,251,0
2023,202301,1259298,2.02E+12,210,390,4,0,0,0,0,0,0,9999999,1,9999999,0,0,0,1,210,MALE,35,5,8,801,0,0,0,3,2,7,71,1,12,20000,0,0,0,99999
2023,202301,1260038,2.02E+12,930,390,3,0,0,0,0,0,0,9999999,1,9999999,0,0,0,1,930,MALE,45,4,3,340,1,100,3,1,1,2,23,3,30,0,0,0,0,99999
2023,202301,1260378,2.02E+12,530,390,3,0,0,0,0,0,0,9999999,1,9999999,0,0,0,1,530,MALE,62,4,8,826,1,100,0,4,2,2,25,3,30,0,0,0,0,99999
2023,202301,1260998,2.02E+12,550,390,3,0,0,0,0,0,0,9999999,1,9999999,0,0,0,1,550,MALE,38,6,8,802,0,0,0,3,2,6,63,3,30,0,0,0,0,99999
2023,202301,1262138,2.02E+12,1000,390,3,0,0,0,0,0,0,9999999,1,9999999,0,0,0,1,1000,MALE,67,5,8,826,4,498,0,5,2,7,71,3,30,0,0,0,0,99999
2023,202301,1263018,2.02E+12,590,390,3,0,0,0,0,0,0,9999999,1,9999999,0,0,0,1,590,MALE,58,4,2,200,0,0,0,3,1,7,71,3,30,0,0,0,0,99999
2023,202301,1264088,2.02E+12,990,390,3,0,0,0,0,0,0,9999999,1,9999999,0,0,0,1,990,MALE,61,6,1,100,0,0,0,3,1,6,63,3,30,44400,0,0,0,99999
2023,202301,1264478,2.02E+12,470,390,3,0,0,0,0,0,0,9999999,1,9999999,0,0,0,1,470,MALE,58,2,8,802,0,0,0,3,2,6,64,3,30,0,0,0,0,99999
2023,202301,1265278,2.02E+12,1160,390,3,0,0,0,0,0,0,9999999,1,9999999,0,0,0,1,1160,MALE,60,4,2,200,0,0,0,3,1,6,64,3,30,0,0,0,0,99999
2023,202301,1265488,2.02E+12,500,390,3,0,0,0,0,0,0,9999999,1,9999999,0,0,0,1,500,FEMALE,84,5,1,100,4,498,2,5,1,2,23,3,30,0,0,0,0,99999
2023,202301,1265818,2.02E+12,460,390,3,0,0,0,0,0,0,9999999,1,9999999,0,0,0,1,460,MALE,60,4,1,100,0,0,0,4,1,6,64,3,30,0,0,0,0,99999
2023,202301,1266508,2.02E+12,720,390,3,0,0,0,0,0,0,9999999,1,9999999,0,0,0,1,720,MALE,48,2,9,907,4,413,3,1,3,4,40,3,30,0,0,0,0,99999
2023,202301,1266758,2.02E+12,730,390,3,0,0,0,0,0,0,9999999,1,9999999,0,0,0,1,730,MALE,32,6,1,100,0,0,0,3,1,6,63,3,30,0,0,0,0,99999
2023,202301,1267078,2.02E+12,890,390,3,0,0,0,0,0,0,9999999,1,9999999,0,0,0,1,890,MALE,23,6,2,200,0,0,0,3,1,7,71,3,30,0,0,0,0,99999
2023,202301,1267948,2.02E+12,980,390,3,0,0,0,0,0,0,9999999,1,9999999,0,0,0,1,980,MALE,56,4,1,100,0,0,0,4,1,6,63,3,30,360,360,0,0,99999
2023,202301,1268388,2.02E+12,100,390,3,0,0,0,0,0,0,9999999,1,9999999,0,0,0,1,100,MALE,12,6,8,826,4,498,0,3,2,2,22,0,0,9999999,99999,99999,0,99999
2023,202301,1268498,2.02E+12,120,390,3,0,0,0,0,0,0,9999999,1,9999999,0,0,0,1,120,FEMALE,77,4,1,100,0,0,0,3,1,6,63,3,30,16300,16300,0,0,99999
2023,202301,1268568,2.02E+12,730,390,3,0,0,0,0,0,0,9999999,1,9999999,0,0,0,1,730,MALE,54,6,1,100,0,0,0,3,1,6,64,3,30,0,0,0,0,99999
2023,202301,1268648,2.02E+12,720,390,3,0,0,0,0,0,0,9999999,1,9999999,0,0,0,1,720,MALE,26,2,9,907,1,100,0,4,3,6,63,3,30,0,0,0,0,99999
2023,202301,1268698,2.02E+12,870,390,3,0,0,0,0,0,0,9999999,1,9999999,0,0,0,1,870,MALE,22,6,2,200,1,100,0,3,1,3,30,3,30,0,0,0,0,99999
2023,202301,1268758,2.02E+12,1680,390,3,0,0,0,0,0,0,9999999,1,9999999,0,0,0,1,1680,MALE,31,6,8,826,1,100,0,4,2,6,64,3,30,0,0,0,0,99999
2023,202301,1269798,2.02E+12,580,390,3,0,0,0,0,0,0,9999999,1,9999999,0,0,0,1,580,MALE,56,4,1,100,0,0,0,4,1,6,63,3,30,360,360,0,0,99999
2023,202301,1270118,2.02E+12,170,390,3,0,0,0,0,0,0,9999999,1,9999999,0,0,0,1,170,FEMALE,76,4,1,100,0,0,0,3,1,6,65,3,30,33500,33500,0,0,99999
2023,202301,1270168,2.02E+12,880,390,3,0,0,0,0,0,0,9999999,1,9999999,0,0,0,1,880,MALE,35,6,2,200,0,0,0,3,1,6,64,3,30,0,0,0,0,99999
2023,202301,1270598,2.02E+12,160,390,3,0,0,0,0,0,0,9999999,1,9999999,0,0,0,1,160,FEMALE,85,5,2,200,0,0,0,3,1,10,101,3,30,55000,0,0,0,99999
2023,202301,1270628,2.02E+12,790,390,3,0,0,0,0,0,0,9999999,1,9999999,0,0,0,1,790,MALE,60,4,1,100,0,0,0,4,1,6,64,3,30,0,0,0,0,99999
2023,202301,1271678,2.02E+12,1440,390,3,0,0,0,0,0,0,9999999,1,9999999,0,0,0,1,1440,MALE,58,4,2,200,0,0,0,3,1,7,71,3,30,0,0,0,0,99999
2023,202301,1365048,2.02E+12,3440,390,1,0,0,0,3000,9993,9993,48000,1,9999999,9,4,1,1,3430,MALE,63,1,6,640,0,0,2,5,1,7,71,1,10,18000,0,0,240,0
2023,202301,1365048,2.02E+12,3440,390,1,0,0,0,3000,9993,9993,48000,1,9999999,9,4,1,2,2350,FEMALE,62,1,6,640,0,0,2,6,1,6,64,1,10,30000,0,0,240,0
2023,202301,1478598,2.02E+12,240,390,3,0,0,0,0,0,0,9999999,1,9999999,0,0,0,1,240,FEMALE,66,4,1,100,0,0,0,3,1,6,63,3,30,9900,0,0,0,99999
2023,202301,1478758,2.02E+12,1030,390,3,0,0,0,0,0,0,9999999,1,9999999,0,0,0,1,1030,MALE,83,5,1,100,0,0,0,3,1,11,114,3,30,11000,11000,0,0,99999
2023,202301,1478808,2.02E+12,80,390,3,0,0,0,0,0,0,9999999,1,9999999,0,0,0,1,80,FEMALE,18,6,1,100,0,0,0,3,1,3,30,3,30,0,0,0,0,99999
2023,202301,1478848,2.02E+12,950,390,3,0,0,0,0,0,0,9999999,1,9999999,0,0,0,1,950,MALE,42,6,1,100,0,0,0,3,1,5,50,3,30,0,0,0,0,99999
2023,202301,1479358,2.02E+12,370,390,3,0,0,0,0,0,0,9999999,1,9999999,0,0,0,1,370,MALE,73,4,1,100,0,0,0,3,1,6,63,3,30,11000,0,0,0,99999
2023,202301,1485228,2.02E+12,170,390,1,0,0,0,9997,9993,9997,88900,1,9999999,5,4,1,1,170,MALE,70,1,1,100,0,0,0,3,1,11,114,1,10,57800,14400,0,492,0
2023,202301,1485228,2.02E+12,170,390,1,0,0,0,9997,9993,9997,88900,1,9999999,5,4,1,2,80,FEMALE,70,1,8,802,0,0,0,3,2,6,63,3,30,31100,15600,0,492,0
2023,202301,1486268,2.02E+12,5380,390,1,0,0,0,840,360,1800,89500,1,9999999,2,3,1,1,5380,MALE,51,4,1,100,0,0,0,3,1,6,65,1,10,34500,0,0,295,0
2023,202301,1486268,2.02E+12,5380,390,1,0,0,0,840,360,1800,89500,1,9999999,2,3,1,2,3810,FEMALE,47,4,1,100,0,0,0,3,1,10,101,1,10,55000,0,0,295,0
2023,202301,1486268,2.02E+12,5380,390,1,0,0,0,840,360,1800,89500,1,9999999,2,3,1,3,4150,MALE,12,6,1,100,0,0,0,3,1,2,23,0,0,9999999,99999,99999,295,0
2023,202301,1486268,2.02E+12,5380,390,1,0,0,0,840,360,1800,89500,1,9999999,2,3,1,4,3240,FEMALE,12,6,1,100,0,0,0,3,1,2,22,0,0,9999999,99999,99999,295,0
2023,202301,1486888,2.02E+12,930,390,1,0,0,0,4800,1560,1200,62200,1,9999999,1,5,1,1,930,MALE,44,1,1,100,0,0,0,3,1,8,81,1,10,5200,0,0,174,0
2023,202301,1486888,2.02E+12,930,390,1,0,0,0,4800,1560,1200,62200,1,9999999,1,5,1,2,1010,FEMALE,38,1,1,100,0,0,0,3,1,7,71,1,10,57000,0,0,174,0
2023,202301,1486888,2.02E+12,930,390,1,0,0,0,4800,1560,1200,62200,1,9999999,1,5,1,3,1260,MALE,4,6,1,100,0,0,0,0,1,0,2,0,0,9999999,99999,99999,174,0
2023,202301,1486888,2.02E+12,930,390,1,0,0,0,4800,1560,1200,62200,1,9999999,1,5,1,4,1000,MALE,11,6,1,100,0,0,0,3,1,2,22,0,0,9999999,99999,99999,174,0
2023,202301,1486888,2.02E+12,930,390,1,0,0,0,4800,1560,1200,62200,1,9999999,1,5,1,5,990,MALE,10,6,1,100,0,0,0,3,1,1,16,0,0,9999999,99999,99999,174,0
2023,202301,849238,2.02E+12,910,390,1,0,0,1350,240,360,9997,536000,1,9999999,1,4,1,1,910,MALE,37,6,9,904,4,460,2,5,3,7,71,1,10,486000,0,0,501,0
2023,202301,849238,2.02E+12,910,390,1,0,0,1350,240,360,9997,536000,1,9999999,1,4,1,2,860,FEMALE,35,6,9,904,4,460,3,6,3,7,71,1,10,50000,0,0,501,0
2023,202301,849238,2.02E+12,910,390,1,0,0,1350,240,360,9997,536000,1,9999999,1,4,1,3,860,MALE,14,6,9,904,4,460,0,4,3,2,25,0,0,9999999,99999,99999,501,0
2023,202301,849238,2.02E+12,910,390,1,0,0,1350,240,360,9997,536000,1,9999999,1,4,1,4,940,FEMALE,9,6,9,904,4,460,0,4,3,1,15,0,0,9999999,99999,99999,501,0
2023,202301,525578,2.02E+12,630,390,1,0,0,1810,2400,9992,120,468000,1,9999999,15,4,1,1,630,FEMALE,43,4,1,100,0,0,0,3,1,8,81,1,10,468000,0,0,501,0
2023,202301,525578,2.02E+12,630,390,1,0,0,1810,2400,9992,120,468000,1,9999999,15,4,1,2,790,MALE,4,6,1,100,0,0,0,0,1,1,11,0,0,9999999,99999,99999,501,0
2023,202301,1308658,2.02E+12,1410,390,1,0,0,806,840,9993,550,205000,1,9999999,6,2,1,1,1400,FEMALE,57,2,1,100,0,0,0,3,1,11,114,1,10,205000,0,0,501,0
2023,202301,1124898,2.02E+12,3480,390,1,0,0,700,720,9993,9997,140000,1,9999999,4,1,1,1,3480,MALE,59,4,1,100,0,0,0,4,1,8,81,1,12,110000,0,0,501,0
2023,202301,1124898,2.02E+12,3480,390,1,0,0,700,720,9993,9997,140000,1,9999999,4,1,1,2,3020,MALE,59,4,1,100,0,0,0,4,1,8,81,1,12,30000,0,0,193,0
2023,202301,1120178,2.02E+12,930,390,1,0,0,780,600,9993,600,125450,2,9999999,5,1,2,1,930,FEMALE,48,4,1,100,0,0,0,3,1,10,101,2,20,125450,0,0,501,0
2023,202301,104898,2.02E+12,810,390,1,0,0,400,9993,9993,9993,60000,1,9999999,5,4,1,1,810,MALE,52,1,7,700,1,100,3,1,1,2,23,1,10,60000,0,0,300,0
2023,202301,104898,2.02E+12,810,390,1,0,0,400,9993,9993,9993,60000,1,9999999,5,4,1,2,720,FEMALE,51,1,7,700,1,100,3,1,1,2,25,3,30,0,0,0,300,0
2023,202301,1482248,2.02E+12,2050,390,1,0,0,1403,4560,9993,270,208000,1,9999999,9,4,1,1,2050,FEMALE,39,4,8,801,0,0,0,3,2,11,114,1,10,208000,0,0,501,0
2023,202301,1482248,2.02E+12,2050,390,1,0,0,1403,4560,9993,270,208000,1,9999999,9,4,1,2,2860,FEMALE,11,6,8,801,0,0,0,3,2,2,22,0,0,9999999,99999,99999,501,0
2023,202301,1482248,2.02E+12,2050,390,1,0,0,1403,4560,9993,270,208000,1,9999999,9,4,1,3,2870,MALE,10,6,8,801,0,0,0,3,2,1,17,0,0,9999999,99999,99999,501,0
2023,202301,854378,2.02E+12,1950,390,1,0,0,1470,1560,480,9997,170200,1,9999999,3,2,1,1,1940,MALE,70,4,1,100,0,0,0,3,1,6,63,3,30,156200,25200,0,501,0
2023,202301,854378,2.02E+12,1950,390,1,0,0,1470,1560,480,9997,170200,1,9999999,3,2,1,2,1890,FEMALE,61,4,1,100,0,0,0,3,1,6,63,2,20,14000,0,0,90,0
2023,202301,841498,2.02E+12,700,390,1,0,0,6363,3600,960,1000,726000,1,9999999,1,5,1,1,710,MALE,45,1,1,100,0,0,0,3,1,10,101,1,10,726000,0,0,501,0
2023,202301,841498,2.02E+12,700,390,1,0,0,6363,3600,960,1000,726000,1,9999999,1,5,1,2,460,FEMALE,46,1,1,100,0,0,0,3,1,10,101,3,30,0,0,0,501,0
2023,202301,841498,2.02E+12,700,390,1,0,0,6363,3600,960,1000,726000,1,9999999,1,5,1,3,550,FEMALE,12,6,1,100,0,0,0,3,1,2,23,0,0,9999999,99999,99999,501,0
2023,202301,841498,2.02E+12,700,390,1,0,0,6363,3600,960,1000,726000,1,9999999,1,5,1,4,550,FEMALE,10,6,1,100,0,0,0,3,1,1,17,0,0,9999999,99999,99999,501,0
2023,202301,108578,2.02E+12,920,390,1,0,0,734,1560,9993,9997,82800,1,9999999,2,3,1,1,910,FEMALE,37,1,1,100,0,0,0,3,1,6,63,1,10,48000,0,0,273,0
2023,202301,108578,2.02E+12,920,390,1,0,0,734,1560,9993,9997,82800,1,9999999,2,3,1,2,680,MALE,37,1,1,100,0,0,0,3,1,6,63,1,10,34800,0,0,273,0
2023,202301,108578,2.02E+12,920,390,1,0,0,734,1560,9993,9997,82800,1,9999999,2,3,1,3,540,FEMALE,15,6,1,100,0,0,0,3,1,2,26,0,0,0,0,0,273,0
2023,202301,108578,2.02E+12,920,390,1,0,0,734,1560,9993,9997,82800,1,9999999,2,3,1,4,1000,MALE,8,6,1,100,0,0,0,3,1,1,15,0,0,9999999,99999,99999,273,0
2023,202301,112768,2.02E+12,1420,390,1,0,0,640,960,720,9993,71600,1,9999999,5,1,1,1,1430,MALE,23,1,7,700,1,100,0,3,1,10,101,1,10,21600,0,0,358,0
2023,202301,112768,2.02E+12,1420,390,1,0,0,640,960,720,9993,71600,1,9999999,5,1,1,2,1520,FEMALE,24,1,7,700,1,100,0,3,1,10,101,1,10,50000,0,0,358,0
2023,202301,186938,2.02E+12,2320,390,1,0,0,2300,9600,9993,9993,240000,1,9999999,4,3,1,1,2320,FEMALE,35,2,2,200,0,0,2,4,1,6,64,1,10,240000,0,0,501,0
2023,202301,1480788,2.02E+12,940,390,1,0,0,1030,1320,9993,9997,101000,1,9999999,4,2,1,1,940,FEMALE,25,1,1,100,0,0,0,3,1,10,101,1,10,31000,0,0,501,0
2023,202301,1480788,2.02E+12,940,390,1,0,0,1030,1320,9993,9997,101000,1,9999999,4,2,1,2,560,MALE,24,1,1,100,0,0,0,3,1,6,63,1,10,70000,0,0,501,0
2023,202301,845968,2.02E+12,1580,390,1,0,0,1440,1200,480,9993,141000,1,9999999,5,2,1,1,1580,FEMALE,27,1,8,826,4,460,0,4,2,10,101,1,10,56000,0,0,501,0
2023,202301,845968,2.02E+12,1580,390,1,0,0,1440,1200,480,9993,141000,1,9999999,5,2,1,2,1570,MALE,30,1,8,826,4,426,3,4,2,11,114,1,10,85000,0,0,501,0
2023,202301,1486538,2.02E+12,670,390,1,0,0,330,1920,9993,9993,31500,2,9999999,5,2,1,1,670,MALE,58,4,1,100,0,0,0,3,1,6,65,1,10,31500,9500,0,203,0
2023,202301,1119568,2.02E+12,980,390,1,0,0,1020,1320,9993,9997,96420,1,9999999,3,3,1,1,980,MALE,30,1,1,100,0,0,0,3,1,11,114,1,10,46920,0,0,482,0
2023,202301,1119568,2.02E+12,980,390,1,0,0,1020,1320,9993,9997,96420,1,9999999,3,3,1,2,690,FEMALE,30,1,1,100,0,0,0,3,1,10,101,1,10,49500,0,0,482,0
2023,202301,840748,2.02E+12,1520,390,1,0,0,1844,1200,1680,50,174000,1,9999999,4,4,1,1,1520,MALE,26,1,1,100,0,0,0,3,1,11,114,1,10,90000,0,0,501,0
2023,202301,840748,2.02E+12,1520,390,1,0,0,1844,1200,1680,50,174000,1,9999999,4,4,1,2,1450,FEMALE,25,1,1,100,0,0,0,3,1,10,101,1,10,84000,0,0,501,0
2023,202301,1113478,2.02E+12,590,390,1,0,0,1340,1560,9993,120,124600,1,9999999,15,3,1,1,590,MALE,37,6,1,100,0,0,0,3,1,8,81,1,10,36600,0,0,501,0
2023,202301,1113478,2.02E+12,590,390,1,0,0,1340,1560,9993,120,124600,1,9999999,15,3,1,2,680,FEMALE,46,6,1,100,0,0,0,3,1,10,101,1,10,88000,0,0,501,0
2023,202301,1483748,2.02E+12,680,390,1,0,0,1193,960,1560,30,110000,1,9999999,2,3,1,1,680,MALE,62,4,1,100,0,0,0,3,1,10,101,1,10,110000,0,0,501,0
2023,202301,849378,2.02E+12,1510,390,1,0,0,3240,360,120,9997,292700,1,9999999,1,3,1,1,1510,MALE,53,6,1,100,0,0,0,3,1,7,71,1,10,213000,0,0,501,0
2023,202301,849378,2.02E+12,1510,390,1,0,0,3240,360,120,9997,292700,1,9999999,1,3,1,2,810,FEMALE,57,6,8,826,0,0,0,3,2,7,71,3,30,79700,29700,0,501,0
2023,202301,849528,2.02E+12,2500,390,1,0,0,1870,600,240,9997,168000,1,9999999,1,3,1,1,2500,FEMALE,39,4,1,100,0,0,0,3,1,10,101,1,10,82000,0,0,501,0
2023,202301,849528,2.02E+12,2500,390,1,0,0,1870,600,240,9997,168000,1,9999999,1,3,1,2,2400,MALE,38,6,1,100,0,0,0,3,1,7,71,1,10,86000,0,0,501,0
2023,202301,871798,2.02E+12,3690,390,1,0,0,1680,960,1200,9997,150000,1,9999999,5,3,1,1,3690,MALE,61,6,1,100,0,0,0,3,1,10,101,1,10,150000,0,0,501,0
2023,202301,1304258,2.02E+12,3870,390,1,0,0,1518,4800,9993,220,135000,1,9999999,9,5,1,1,3870,MALE,37,1,8,826,1,100,2,5,2,7,71,1,10,50000,0,0,431,0
2023,202301,1304258,2.02E+12,3870,390,1,0,0,1518,4800,9993,220,135000,1,9999999,9,5,1,2,2800,FEMALE,33,1,8,826,1,100,2,5,2,6,63,3,30,0,0,0,431,0
2023,202301,1304258,2.02E+12,3870,390,1,0,0,1518,4800,9993,220,135000,1,9999999,9,5,1,3,4160,FEMALE,0,6,8,826,1,100,0,0,2,0,1,0,0,9999999,99999,99999,431,0
2023,202301,1304258,2.02E+12,3870,390,1,0,0,1518,4800,9993,220,135000,1,9999999,9,5,1,4,4280,MALE,40,6,8,826,1,100,3,6,2,6,64,1,10,85000,0,0,431,0
2023,202301,518938,2.02E+12,1320,390,1,0,0,620,9997,9997,9997,55000,1,9999999,1,2,1,1,1320,FEMALE,35,6,2,200,0,0,0,3,1,6,63,1,10,55000,0,0,267,0
2023,202301,518938,2.02E+12,1320,390,1,0,0,620,9997,9997,9997,55000,1,9999999,1,2,1,2,1660,FEMALE,16,6,2,200,0,0,0,3,1,5,50,3,30,0,0,0,267,0
2023,202301,844878,2.02E+12,2060,390,1,0,0,1800,960,1440,9997,159600,1,9999999,1,3,1,1,2060,MALE,29,6,3,364,4,423,2,4,1,10,101,1,10,150000,0,0,501,0
2023,202301,844878,2.02E+12,2060,390,1,0,0,1800,960,1440,9997,159600,1,9999999,1,3,1,2,1620,FEMALE,53,4,3,364,4,423,2,1,1,6,63,3,30,9600,9600,0,501,0
2023,202301,1113548,2.02E+12,670,390,1,0,0,1540,1200,480,9997,135000,1,9999999,6,3,1,1,670,FEMALE,61,5,1,100,0,0,0,3,1,7,71,3,30,135000,0,0,501,0
2023,202301,1287948,2.02E+12,420,390,1,0,0,2311,1920,360,250,200100,1,9999999,5,5,1,1,410,FEMALE,66,1,1,100,0,0,0,3,1,8,81,1,10,29000,24000,0,501,0
2023,202301,1287948,2.02E+12,420,390,1,0,0,2311,1920,360,250,200100,1,9999999,5,5,1,2,380,MALE,70,1,1,100,0,0,0,3,1,10,101,1,10,149000,2600,0,501,0
2023,202301,1287948,2.02E+12,420,390,1,0,0,2311,1920,360,250,200100,1,9999999,5,5,1,3,570,FEMALE,87,5,1,100,0,0,0,3,1,5,50,3,30,22100,22100,0,501,0
2023,202301,1481748,2.02E+12,2560,390,1,0,0,1160,1920,1200,1200,100000,1,9999999,2,4,1,1,2550,FEMALE,39,4,1,100,0,0,0,3,1,8,81,1,10,61000,0,0,500,0
2023,202301,1481748,2.02E+12,2560,390,1,0,0,1160,1920,1200,1200,100000,1,9999999,2,4,1,2,2530,MALE,21,4,1,100,0,0,0,3,1,6,63,1,10,39000,0,0,500,0
2023,202301,855778,2.02E+12,620,390,1,0,0,1400,1200,9992,9997,118400,1,9999999,1,3,1,1,610,MALE,43,6,7,700,4,416,3,5,1,6,63,1,10,60000,0,0,314,0
2023,202301,855778,2.02E+12,620,390,1,0,0,1400,1200,9992,9997,118400,1,9999999,1,3,1,2,570,FEMALE,47,6,7,700,4,416,3,1,1,6,63,1,10,25000,0,0,314,0
2023,202301,855778,2.02E+12,620,390,1,0,0,1400,1200,9992,9997,118400,1,9999999,1,3,1,3,470,FEMALE,21,6,7,700,4,416,0,4,1,5,50,1,10,15400,0,0,314,0
2023,202301,855778,2.02E+12,620,390,1,0,0,1400,1200,9992,9997,118400,1,9999999,1,3,1,4,540,FEMALE,19,6,7,700,4,416,0,4,1,7,71,1,10,18000,0,0,314,0
2023,202301,855778,2.02E+12,620,390,1,0,0,1400,1200,9992,9997,118400,1,9999999,1,3,1,5,620,MALE,15,6,7,700,4,416,0,4,1,4,40,0,0,0,0,0,314,0
2023,202301,1272298,2.02E+12,920,390,1,0,0,2180,2640,9993,720,180000,1,9999999,15,4,1,1,920,MALE,34,1,2,200,0,0,0,3,1,8,81,1,10,80000,0,0,501,0
2023,202301,1272298,2.02E+12,920,390,1,0,0,2180,2640,9993,720,180000,1,9999999,15,4,1,2,1090,FEMALE,33,1,2,200,0,0,0,3,1,7,71,1,10,100000,0,0,501,0
2023,202301,861978,2.02E+12,1170,390,1,0,0,2550,960,2040,9993,210000,1,9999999,15,3,1,1,1160,FEMALE,40,1,2,200,0,0,0,3,1,11,115,1,10,160000,0,0,501,0
2023,202301,861978,2.02E+12,1170,390,1,0,0,2550,960,2040,9993,210000,1,9999999,15,3,1,2,1470,MALE,40,1,2,200,0,0,0,3,1,8,81,1,10,50000,0,0,501,0
2023,202301,861978,2.02E+12,1170,390,1,0,0,2550,960,2040,9993,210000,1,9999999,15,3,1,3,1360,FEMALE,11,6,2,200,0,0,0,3,1,1,17,0,0,9999999,99999,99999,501,0
2023,202301,1112878,2.02E+12,2080,390,1,0,0,1605,2400,9993,60,132000,1,9999999,3,3,1,1,2080,MALE,65,4,1,100,0,0,0,3,1,6,65,1,10,75000,0,0,501,0
2023,202301,1112878,2.02E+12,2080,390,1,0,0,1605,2400,9993,60,132000,1,9999999,3,3,1,2,2380,FEMALE,57,4,1,100,0,0,0,3,1,8,81,1,10,57000,0,0,501,0
2023,202301,1110438,2.02E+12,290,390,1,0,0,1810,1080,9993,240,148000,1,9999999,5,3,1,1,290,FEMALE,30,6,8,813,0,0,0,3,2,11,114,1,10,60000,0,0,501,0
2023,202301,1110438,2.02E+12,290,390,1,0,0,1810,1080,9993,240,148000,1,9999999,5,3,1,2,960,MALE,30,6,1,100,0,0,0,3,1,10,101,1,10,88000,0,0,501,0
2023,202301,1110438,2.02E+12,290,390,1,0,0,1810,1080,9993,240,148000,1,9999999,5,3,1,3,650,MALE,5,6,1,100,0,0,0,3,1,1,11,0,0,9999999,99999,99999,501,0
2023,202301,1120578,2.02E+12,1000,390,1,0,0,1040,1680,9993,9997,83000,1,9999999,5,3,1,1,1010,FEMALE,68,1,1,100,0,0,0,3,1,6,63,3,30,8000,0,0,459,0
2023,202301,1120578,2.02E+12,1000,390,1,0,0,1040,1680,9993,9997,83000,1,9999999,5,3,1,2,1070,MALE,59,1,1,100,0,0,0,3,1,6,63,1,10,75000,0,0,459,0
2023,202301,866848,2.02E+12,1720,390,1,0,0,1230,1560,9993,9993,96200,1,9999999,4,2,1,1,1720,MALE,26,6,7,700,4,416,3,6,1,2,26,1,10,37600,0,0,411,0
2023,202301,866848,2.02E+12,1720,390,1,0,0,1230,1560,9993,9993,96200,1,9999999,4,2,1,2,1670,FEMALE,29,6,7,700,4,416,3,5,1,6,63,1,10,37000,0,0,411,0
2023,202301,866848,2.02E+12,1720,390,1,0,0,1230,1560,9993,9993,96200,1,9999999,4,2,1,3,1390,FEMALE,29,6,7,700,4,416,3,6,1,3,30,1,10,21600,0,0,411,0
2023,202301,863868,2.02E+12,980,390,1,0,0,1493,1440,720,150,114370,1,9999999,3,2,1,1,980,FEMALE,43,6,2,200,0,0,2,4,1,10,101,1,10,114370,0,0,501,0
2023,202301,1123868,2.02E+12,220,390,1,0,0,1405,2400,9993,60,106000,1,9999999,9,3,1,1,220,FEMALE,55,4,9,901,0,0,0,3,3,7,71,1,10,106000,0,0,501,0
2023,202301,868638,2.02E+12,550,390,1,0,0,1100,9993,9993,9993,82680,1,9999999,15,2,1,1,560,FEMALE,52,4,7,700,4,423,2,5,1,6,63,3,30,11600,9300,0,222,0
2023,202301,868638,2.02E+12,550,390,1,0,0,1100,9993,9993,9993,82680,1,9999999,15,2,1,2,890,MALE,28,6,7,700,0,0,2,3,1,10,101,1,10,60000,0,0,222,0
2023,202301,868638,2.02E+12,550,390,1,0,0,1100,9993,9993,9993,82680,1,9999999,15,2,1,3,670,FEMALE,26,6,7,700,0,0,2,4,1,6,61,3,30,280,0,280,222,0
2023,202301,868638,2.02E+12,550,390,1,0,0,1100,9993,9993,9993,82680,1,9999999,15,2,1,4,830,FEMALE,21,6,7,700,0,0,2,3,1,7,71,3,30,2400,0,0,222,0
2023,202301,868638,2.02E+12,550,390,1,0,0,1100,9993,9993,9993,82680,1,9999999,15,2,1,5,520,MALE,18,6,7,700,0,0,2,3,1,6,63,3,30,8400,0,0,222,0
2023,202301,522468,2.02E+12,660,390,1,0,0,1005,1800,360,540,72000,1,9999999,6,3,1,1,650,FEMALE,57,1,2,200,0,0,0,3,1,8,81,1,10,51000,0,0,308,0
2023,202301,522468,2.02E+12,660,390,1,0,0,1005,1800,360,540,72000,1,9999999,6,3,1,2,1240,MALE,55,1,2,200,0,0,0,3,1,6,63,1,10,9000,0,0,308,0
2023,202301,522468,2.02E+12,660,390,1,0,0,1005,1800,360,540,72000,1,9999999,6,3,1,3,1260,MALE,25,6,2,200,0,0,0,3,1,10,101,1,10,12000,0,0,308,0
2023,202301,1384138,2.02E+12,2510,390,1,0,0,1080,3360,9993,1200,75000,1,9999999,3,3,1,1,2500,MALE,38,1,7,700,1,100,3,3,1,6,65,1,10,20000,0,0,375,0
2023,202301,1384138,2.02E+12,2510,390,1,0,0,1080,3360,9993,1200,75000,1,9999999,3,3,1,2,2570,MALE,34,1,7,700,1,100,0,4,1,6,63,1,10,55000,0,0,375,0
2023,202301,1299668,2.02E+12,800,390,1,0,0,1100,4200,9993,9993,75200,1,9999999,9,3,1,1,800,FEMALE,49,1,1,100,0,0,0,3,1,8,81,3,30,0,0,0,244,0
2023,202301,1299668,2.02E+12,800,390,1,0,0,1100,4200,9993,9993,75200,1,9999999,9,3,1,2,670,MALE,45,1,1,100,1,100,0,3,1,6,61,1,10,32000,0,0,244,0
2023,202301,1299668,2.02E+12,800,390,1,0,0,1100,4200,9993,9993,75200,1,9999999,9,3,1,3,650,MALE,26,6,1,100,1,100,0,3,1,6,65,1,10,30000,0,0,244,0
2023,202301,1299668,2.02E+12,800,390,1,0,0,1100,4200,9993,9993,75200,1,9999999,9,3,1,4,640,MALE,25,6,1,100,1,100,0,3,1,6,63,1,10,13200,0,0,244,0
2023,202301,200868,2.02E+12,750,390,1,0,0,1190,1680,600,9997,80500,2,9999999,6,1,1,1,740,MALE,35,6,7,700,1,100,3,1,1,6,61,1,10,58000,0,0,226,0
2023,202301,200868,2.02E+12,750,390,1,0,0,1190,1680,600,9997,80500,2,9999999,6,1,1,2,660,FEMALE,31,6,7,700,1,100,3,1,1,3,30,1,12,22500,0,0,226,0
2023,202301,200868,2.02E+12,750,390,1,0,0,1190,1680,600,9997,80500,2,9999999,6,1,1,3,880,FEMALE,10,6,7,700,1,100,0,4,1,1,17,0,0,9999999,99999,99999,226,0
2023,202301,200868,2.02E+12,750,390,1,0,0,1190,1680,600,9997,80500,2,9999999,6,1,1,4,890,FEMALE,7,6,7,700,1,100,0,4,1,1,14,0,0,9999999,99999,99999,226,0
2023,202301,200868,2.02E+12,750,390,1,0,0,1190,1680,600,9997,80500,2,9999999,6,1,1,5,760,FEMALE,1,6,7,700,1,100,0,0,1,0,1,0,0,9999999,99999,99999,226,0
2023,202301,1121718,2.02E+12,1000,390,1,0,0,2008,2400,9993,100,133000,2,9999999,5,4,1,1,990,MALE,29,1,1,100,1,100,0,3,1,6,61,1,10,34000,0,0,279,0
2023,202301,1121718,2.02E+12,1000,390,1,0,0,2008,2400,9993,100,133000,2,9999999,5,4,1,2,510,FEMALE,31,1,1,100,0,0,0,3,1,6,61,3,30,57000,0,0,279,0
2023,202301,1121718,2.02E+12,1000,390,1,0,0,2008,2400,9993,100,133000,2,9999999,5,4,1,3,510,MALE,2,6,1,100,1,100,0,0,1,0,1,0,0,9999999,99999,99999,279,0
2023,202301,1121718,2.02E+12,1000,390,1,0,0,2008,2400,9993,100,133000,2,9999999,5,4,1,4,440,FEMALE,4,6,1,100,0,0,0,0,1,0,2,0,0,9999999,99999,99999,279,0
2023,202301,1121718,2.02E+12,1000,390,1,0,0,2008,2400,9993,100,133000,2,9999999,5,4,1,5,430,MALE,37,1,1,100,0,0,0,3,1,6,61,1,10,6000,0,0,279,0
2023,202301,1121718,2.02E+12,1000,390,1,0,0,2008,2400,9993,100,133000,2,9999999,5,4,1,6,420,FEMALE,34,1,1,100,0,0,0,3,1,6,65,1,10,36000,0,0,279,0
2023,202301,1121718,2.02E+12,1000,390,1,0,0,2008,2400,9993,100,133000,2,9999999,5,4,1,7,450,MALE,12,6,1,100,0,0,0,3,1,2,25,0,0,9999999,99999,99999,279,0
2023,202301,536488,2.02E+12,3340,390,1,0,0,1275,2040,960,420,82800,1,9999999,6,4,1,1,3340,FEMALE,62,4,1,100,1,100,0,3,1,7,71,1,10,36000,0,0,207,0
2023,202301,536488,2.02E+12,3340,390,1,0,0,1275,2040,960,420,82800,1,9999999,6,4,1,2,2720,FEMALE,31,6,1,100,1,100,0,3,1,7,71,1,10,26800,0,0,207,0
2023,202301,536488,2.02E+12,3340,390,1,0,0,1275,2040,960,420,82800,1,9999999,6,4,1,3,5610,FEMALE,6,6,1,100,0,0,0,3,1,1,12,0,0,9999999,99999,99999,207,0
2023,202301,536488,2.02E+12,3340,390,1,0,0,1275,2040,960,420,82800,1,9999999,6,4,1,4,4340,MALE,2,6,1,100,0,0,0,0,1,0,1,0,0,9999999,99999,99999,207,0
2023,202301,536488,2.02E+12,3340,390,1,0,0,1275,2040,960,420,82800,1,9999999,6,4,1,5,6500,MALE,31,6,1,100,0,0,0,3,1,2,26,1,10,20000,0,0,129,0
2023,202301,846388,2.02E+12,880,390,1,0,0,1760,2400,9992,720,113000,1,9999999,2,5,1,1,870,MALE,54,2,7,700,4,412,3,6,1,2,22,1,10,24000,0,0,154,0
2023,202301,846388,2.02E+12,880,390,1,0,0,1760,2400,9992,720,113000,1,9999999,2,5,1,2,650,MALE,35,6,7,700,4,412,3,1,1,1,14,1,10,19200,0,0,192,0
2023,202301,846388,2.02E+12,880,390,1,0,0,1760,2400,9992,720,113000,1,9999999,2,5,1,3,650,MALE,35,6,7,700,4,412,3,6,1,3,30,1,10,19800,0,0,127,0
2023,202301,846388,2.02E+12,880,390,1,0,0,1760,2400,9992,720,113000,1,9999999,2,5,1,4,600,MALE,30,6,7,700,4,412,3,1,1,3,30,1,10,30800,0,0,198,0
2023,202301,846388,2.02E+12,880,390,1,0,0,1760,2400,9992,720,113000,1,9999999,2,5,1,5,600,MALE,18,6,7,700,4,412,3,1,1,0,2,1,10,19200,0,0,192,0
2023,202301,535988,2.02E+12,700,390,1,0,0,900,9997,9993,9997,57700,1,9999999,6,2,1,1,700,FEMALE,25,6,1,100,0,0,0,3,1,6,63,1,12,39700,0,0,240,0
2023,202301,535988,2.02E+12,700,390,1,0,0,900,9997,9993,9997,57700,1,9999999,6,2,1,2,650,MALE,26,6,1,100,0,0,0,3,1,6,63,1,10,18000,0,0,240,0
2023,202301,535988,2.02E+12,700,390,1,0,0,900,9997,9993,9997,57700,1,9999999,6,2,1,3,720,MALE,0,6,1,100,0,0,0,0,1,0,1,0,0,9999999,99999,99999,240,0
2023,202301,861158,2.02E+12,1660,390,1,0,0,2727,720,1200,800,169100,1,9999999,1,5,1,1,1660,FEMALE,40,1,7,700,1,100,3,5,1,1,17,1,10,48900,0,0,349,0
2023,202301,861158,2.02E+12,1660,390,1,0,0,2727,720,1200,800,169100,1,9999999,1,5,1,2,2230,MALE,47,1,7,700,1,100,3,5,1,1,17,1,10,39000,0,0,349,0
2023,202301,861158,2.02E+12,1660,390,1,0,0,2727,720,1200,800,169100,1,9999999,1,5,1,3,1350,MALE,21,6,7,700,1,100,3,4,1,6,63,1,10,27400,0,0,349,0
2023,202301,861158,2.02E+12,1660,390,1,0,0,2727,720,1200,800,169100,1,9999999,1,5,1,4,1740,FEMALE,15,6,7,700,1,100,0,4,1,5,50,0,0,0,0,0,349,0
2023,202301,861158,2.02E+12,1660,390,1,0,0,2727,720,1200,800,169100,1,9999999,1,5,1,5,1650,MALE,7,6,7,700,1,100,0,5,1,1,15,0,0,9999999,99999,99999,349,0
2023,202301,861158,2.02E+12,1660,390,1,0,0,2727,720,1200,800,169100,1,9999999,1,5,1,6,1350,MALE,26,6,7,700,1,100,3,6,1,2,23,1,10,24000,0,0,349,0
2023,202301,861158,2.02E+12,1660,390,1,0,0,2727,720,1200,800,169100,1,9999999,1,5,1,7,1340,FEMALE,25,6,7,700,1,100,3,1,1,7,71,1,10,29800,0,0,349,0
2023,202301,853938,2.02E+12,2280,390,1,0,0,2770,1200,2040,9993,164000,1,9999999,3,3,1,1,2270,FEMALE,41,1,2,200,0,0,0,3,1,8,81,1,10,54000,0,0,449,0
2023,202301,853938,2.02E+12,2280,390,1,0,0,2770,1200,2040,9993,164000,1,9999999,3,3,1,2,3100,MALE,44,1,2,200,0,0,0,3,1,8,81,1,10,110000,0,0,449,0
2023,202301,853938,2.02E+12,2280,390,1,0,0,2770,1200,2040,9993,164000,1,9999999,3,3,1,3,3080,FEMALE,19,6,2,200,0,0,0,3,1,6,65,3,30,0,0,0,449,0
2023,202301,853938,2.02E+12,2280,390,1,0,0,2770,1200,2040,9993,164000,1,9999999,3,3,1,4,2040,FEMALE,17,6,2,200,0,0,0,3,1,5,50,3,30,0,0,0,449,0
2023,202301,853938,2.02E+12,2280,390,1,0,0,2770,1200,2040,9993,164000,1,9999999,3,3,1,5,2590,MALE,10,6,2,200,0,0,0,3,1,1,17,0,0,9999999,99999,99999,449,0
2023,202301,1120468,2.02E+12,1070,390,1,0,0,1740,2160,9993,720,103000,1,9999999,5,3,1,1,1070,FEMALE,48,4,1,100,0,0,0,3,1,10,101,1,10,58000,0,0,501,0
2023,202301,1120468,2.02E+12,1070,390,1,0,0,1740,2160,9993,720,103000,1,9999999,5,3,1,2,1350,MALE,24,6,1,100,0,0,0,3,1,7,71,1,10,45000,0,0,501,0
2023,202301,854008,2.02E+12,870,390,1,0,0,1830,360,9997,9997,108200,1,9999999,3,1,1,1,870,FEMALE,43,4,8,826,3,300,0,4,2,11,114,1,10,96000,0,0,501,0
2023,202301,854008,2.02E+12,870,390,1,0,0,1830,360,9997,9997,108200,1,9999999,3,1,1,2,880,FEMALE,33,6,2,200,3,300,3,5,1,10,101,1,10,12200,0,0,501,0
2023,202301,856738,2.02E+12,630,390,1,0,0,1170,840,9992,9993,69000,1,9999999,3,2,1,1,620,MALE,55,4,2,200,0,0,0,3,1,10,101,1,10,69000,0,0,444,0
2023,202301,1114608,2.02E+12,1020,390,1,0,0,1290,960,9993,120,75200,1,9999999,7,4,1,1,1020,FEMALE,68,5,1,100,0,0,0,3,1,11,114,1,10,75200,10000,0,501,0
2023,202301,1111508,2.02E+12,570,390,1,0,0,2213,3960,9993,1000,129000,1,9999999,5,4,1,1,570,MALE,39,1,1,100,0,0,1,4,1,7,71,1,10,29000,0,0,501,0
2023,202301,1111508,2.02E+12,570,390,1,0,0,2213,3960,9993,1000,129000,1,9999999,5,4,1,2,620,FEMALE,41,1,1,100,0,0,0,3,1,8,81,1,10,100000,0,0,501,0
2023,202301,1111508,2.02E+12,570,390,1,0,0,2213,3960,9993,1000,129000,1,9999999,5,4,1,3,510,MALE,1,6,1,100,0,0,0,0,1,0,1,0,0,9999999,99999,99999,501,0
2023,202301,1357308,2.02E+12,1510,390,1,0,0,700,9997,9997,9997,40400,2,9999999,9,2,1,1,1510,FEMALE,29,6,8,801,0,0,0,3,2,6,63,1,10,40400,0,0,168,0
2023,202301,1357308,2.02E+12,1510,390,1,0,0,700,9997,9997,9997,40400,2,9999999,9,2,1,2,1880,FEMALE,7,6,8,801,0,0,0,3,2,1,14,0,0,9999999,99999,99999,168,0
2023,202301,1357308,2.02E+12,1510,390,1,0,0,700,9997,9997,9997,40400,2,9999999,9,2,1,3,2600,MALE,2,6,8,801,0,0,0,0,2,0,1,0,0,9999999,99999,99999,168,0
2023,202301,1479528,2.02E+12,880,390,1,0,0,1090,840,1320,960,62500,1,9999999,3,3,1,1,890,MALE,59,1,1,100,0,0,0,3,1,6,64,1,10,35000,0,0,312,0
2023,202301,1479528,2.02E+12,880,390,1,0,0,1090,840,1320,960,62500,1,9999999,3,3,1,2,800,FEMALE,60,1,1,100,0,0,0,3,1,4,40,3,30,27500,15600,0,312,0
2023,202301,866438,2.02E+12,720,390,1,0,0,1710,1320,9992,9997,97000,1,9999999,3,3,1,1,720,MALE,48,4,7,700,4,416,3,4,1,6,61,1,10,60000,0,0,320,0
2023,202301,866438,2.02E+12,720,390,1,0,0,1710,1320,9992,9997,97000,1,9999999,3,3,1,2,580,FEMALE,35,4,7,700,4,416,2,4,1,6,63,1,10,37000,0,0,320,0
2023,202301,866438,2.02E+12,720,390,1,0,0,1710,1320,9992,9997,97000,1,9999999,3,3,1,3,690,FEMALE,9,6,7,700,0,0,0,6,1,1,15,0,0,9999999,99999,99999,320,0
2023,202301,866438,2.02E+12,720,390,1,0,0,1710,1320,9992,9997,97000,1,9999999,3,3,1,4,740,MALE,7,6,7,700,0,0,0,3,1,1,14,0,0,9999999,99999,99999,320,0
2023,202301,1486638,2.02E+12,710,390,1,0,0,621,1200,9993,850,35000,1,9999999,15,3,1,1,710,MALE,40,3,1,100,0,0,0,3,1,7,71,1,10,35000,0,0,145,0
2023,202301,1486638,2.02E+12,710,390,1,0,0,621,1200,9993,850,35000,1,9999999,15,3,1,2,710,MALE,14,6,1,100,0,0,0,3,1,2,26,0,0,9999999,99999,99999,145,0
2023,202301,1486638,2.02E+12,710,390,1,0,0,621,1200,9993,850,35000,1,9999999,15,3,1,3,560,FEMALE,12,6,1,100,0,0,0,3,1,2,23,0,0,9999999,99999,99999,145,0
2023,202301,1306978,2.02E+12,3020,390,1,0,0,780,1800,9993,9997,43900,1,9999999,5,3,1,1,3020,MALE,34,6,1,100,0,0,0,3,1,7,71,1,10,22100,0,0,219,0
2023,202301,1306978,2.02E+12,3020,390,1,0,0,780,1800,9993,9997,43900,1,9999999,5,3,1,2,3300,FEMALE,29,6,8,801,0,0,0,3,2,7,71,1,10,21800,0,0,219,0
2023,202301,868728,2.02E+12,430,390,1,0,0,1550,840,960,9993,87000,1,9999999,1,2,1,1,430,FEMALE,69,1,1,100,0,0,0,3,1,10,101,3,30,0,0,0,278,0
2023,202301,868728,2.02E+12,430,390,1,0,0,1550,840,960,9993,87000,1,9999999,1,2,1,2,420,MALE,79,1,1,100,0,0,3,3,1,6,63,3,30,16000,16000,0,278,0
2023,202301,868728,2.02E+12,430,390,1,0,0,1550,840,960,9993,87000,1,9999999,1,2,1,3,440,FEMALE,42,4,1,100,0,0,0,3,1,6,63,1,10,71000,0,6000,278,0
2023,202301,868728,2.02E+12,430,390,1,0,0,1550,840,960,9993,87000,1,9999999,1,2,1,4,580,FEMALE,5,6,1,100,0,0,1,3,1,1,11,0,0,9999999,99999,99999,278,0
2023,202301,1117418,2.02E+12,480,390,1,0,0,898,1440,9993,100,50000,1,9999999,1,3,1,1,480,FEMALE,44,6,6,610,0,0,0,3,1,10,101,1,10,50000,0,0,322,0
2023,202301,1287508,2.02E+12,1040,390,1,0,0,1525,1200,960,540,84600,1,9999999,15,2,1,1,1040,FEMALE,35,1,2,200,0,0,0,3,1,10,101,1,10,50000,0,0,423,0
2023,202301,1287508,2.02E+12,1040,390,1,0,0,1525,1200,960,540,84600,1,9999999,15,2,1,2,770,MALE,34,1,2,200,0,0,0,3,1,7,71,1,10,34600,0,0,423,0
2023,202301,1115858,2.02E+12,770,390,1,0,0,1400,9997,9993,9997,77600,1,9999999,7,2,1,1,770,MALE,84,1,1,100,0,0,1,4,1,11,114,3,30,68000,18200,0,430,0
2023,202301,1115858,2.02E+12,770,390,1,0,0,1400,9997,9993,9997,77600,1,9999999,7,2,1,2,900,FEMALE,87,1,1,100,0,0,0,3,1,6,63,3,30,9600,12000,0,430,0
2023,202301,1123138,2.02E+12,1710,390,1,0,0,2550,3000,9992,9997,140000,1,9999999,6,4,1,1,1720,FEMALE,47,1,7,700,1,100,0,3,1,6,63,1,10,30000,0,0,454,0
2023,202301,1123138,2.02E+12,1710,390,1,0,0,2550,3000,9992,9997,140000,1,9999999,6,4,1,2,1400,MALE,45,1,7,700,1,100,0,3,1,4,40,1,10,50000,0,0,454,0
2023,202301,1123138,2.02E+12,1710,390,1,0,0,2550,3000,9992,9997,140000,1,9999999,6,4,1,3,1380,MALE,23,6,7,700,1,100,0,3,1,6,63,1,10,30000,0,0,454,0
2023,202301,1123138,2.02E+12,1710,390,1,0,0,2550,3000,9992,9997,140000,1,9999999,6,4,1,4,820,FEMALE,21,6,7,700,1,100,0,3,1,6,63,1,10,30000,0,0,454,0
2023,202301,1116158,2.02E+12,1030,390,1,0,0,1060,720,9993,9997,58000,1,9999999,6,3,1,1,1030,MALE,51,6,1,100,0,0,0,3,1,8,81,1,10,58000,0,0,373,0
2023,202301,850958,2.02E+12,1520,390,1,0,0,1550,480,120,9993,84000,1,9999999,5,2,1,1,1510,FEMALE,42,6,1,100,0,0,0,3,1,10,101,1,10,84000,0,0,501,0
2023,202301,1110328,2.02E+12,1140,390,1,0,0,1030,960,9993,9997,55800,1,9999999,6,4,2,1,1140,MALE,37,1,4,400,0,0,3,5,1,10,101,1,12,8800,0,0,184,0
2023,202301,1110328,2.02E+12,1140,390,1,0,0,1030,960,9993,9997,55800,1,9999999,6,4,2,2,1010,FEMALE,38,1,4,400,0,0,3,5,1,11,114,1,10,47000,0,0,184,0
2023,202301,1110328,2.02E+12,1140,390,1,0,0,1030,960,9993,9997,55800,1,9999999,6,4,2,3,1440,FEMALE,3,6,4,400,0,0,0,0,1,0,2,0,0,9999999,99999,99999,184,0
2023,202301,1110328,2.02E+12,1140,390,1,0,0,1030,960,9993,9997,55800,1,9999999,6,4,2,4,1440,MALE,1,6,4,400,0,0,0,0,1,0,1,0,0,9999999,99999,99999,184,0
2023,202301,1296668,2.02E+12,2240,390,1,0,0,2123,3600,1200,280,114400,1,9999999,6,4,1,1,2240,MALE,30,1,2,200,0,0,0,3,1,11,116,1,10,76000,0,0,377,0
2023,202301,1296668,2.02E+12,2240,390,1,0,0,2123,3600,1200,280,114400,1,9999999,6,4,1,2,1490,FEMALE,28,1,2,200,0,0,0,3,1,10,101,1,10,38400,0,0,377,0
2023,202301,1296668,2.02E+12,2240,390,1,0,0,2123,3600,1200,280,114400,1,9999999,6,4,1,3,2260,FEMALE,8,6,2,200,0,0,0,3,1,1,15,0,0,9999999,99999,99999,377,0
2023,202301,1296668,2.02E+12,2240,390,1,0,0,2123,3600,1200,280,114400,1,9999999,6,4,1,4,2260,FEMALE,5,6,2,200,0,0,0,3,1,0,2,0,0,9999999,99999,99999,377,0
2023,202301,205138,2.02E+12,800,390,1,0,0,1280,3600,9992,9997,68800,2,9999999,6,4,1,1,790,FEMALE,47,2,7,700,1,100,0,4,1,7,71,1,10,28800,0,0,193,0
2023,202301,205138,2.02E+12,800,390,1,0,0,1280,3600,9992,9997,68800,2,9999999,6,4,1,2,1380,FEMALE,27,6,7,700,1,100,0,4,1,6,65,1,10,40000,0,0,193,0
2023,202301,205138,2.02E+12,800,390,1,0,0,1280,3600,9992,9997,68800,2,9999999,6,4,1,3,620,MALE,17,6,7,700,1,100,0,3,1,4,40,3,30,0,0,0,193,0
2023,202301,205138,2.02E+12,800,390,1,0,0,1280,3600,9992,9997,68800,2,9999999,6,4,1,4,610,MALE,15,6,7,700,1,100,0,4,1,4,40,0,0,0,0,0,193,0
2023,202301,205138,2.02E+12,800,390,1,0,0,1280,3600,9992,9997,68800,2,9999999,6,4,1,5,890,FEMALE,8,6,7,700,1,100,0,3,1,1,15,0,0,9999999,99999,99999,193,0
2023,202301,1479938,2.02E+12,780,390,1,0,0,260,9993,9993,9993,13700,2,9999999,7,2,1,1,780,MALE,81,2,1,100,0,0,0,3,1,0,2,3,30,13700,13700,0,96,1289
2023,202301,1479928,2.02E+12,700,390,1,0,0,820,1920,480,840,42800,1,9999999,2,3,1,1,700,FEMALE,46,4,1,100,0,0,0,3,1,0,2,1,10,42800,0,0,275,0
2023,202301,1118948,2.02E+12,280,390,1,0,0,400,9997,9997,9993,20700,2,9999999,6,1,1,1,280,FEMALE,60,5,1,100,0,0,0,3,1,7,71,3,30,20700,0,0,133,0
2023,202301,1486668,2.02E+12,1910,390,1,0,0,1262,1080,9993,860,65000,1,9999999,15,3,1,1,1910,FEMALE,50,4,6,610,0,0,2,4,1,11,116,1,10,65000,0,0,418,0
2023,202301,857358,2.02E+12,1030,390,1,0,0,1911,840,9992,490,98000,1,9999999,25,2,1,1,1040,MALE,36,6,1,100,0,0,2,5,1,7,71,1,10,98000,0,0,501,0
2023,202301,872628,2.02E+12,590,390,1,0,0,1360,1920,9992,9997,69000,1,9999999,4,2,1,1,590,MALE,60,1,7,700,4,423,2,4,1,6,63,1,10,69000,0,0,287,0
2023,202301,872628,2.02E+12,590,390,1,0,0,1360,1920,9992,9997,69000,1,9999999,4,2,1,2,460,FEMALE,35,1,7,700,4,460,3,6,1,10,101,2,20,0,0,0,287,0
2023,202301,872628,2.02E+12,590,390,1,0,0,1360,1920,9992,9997,69000,1,9999999,4,2,1,3,600,MALE,4,6,7,700,4,460,3,0,1,1,11,0,0,9999999,99999,99999,287,0
2023,202301,848238,2.02E+12,1440,390,1,0,0,2230,1800,960,9993,109900,1,9999999,3,3,1,1,1440,MALE,19,6,7,700,1,100,3,4,1,6,63,1,10,24900,0,0,261,0
2023,202301,848238,2.02E+12,1440,390,1,0,0,2230,1800,960,9993,109900,1,9999999,3,3,1,2,2210,MALE,2,6,7,700,1,100,0,0,1,0,1,0,0,9999999,99999,99999,261,0
2023,202301,848238,2.02E+12,1440,390,1,0,0,2230,1800,960,9993,109900,1,9999999,3,3,1,3,2210,MALE,1,6,7,700,1,100,0,0,1,0,1,0,0,9999999,99999,99999,261,0
2023,202301,848238,2.02E+12,1440,390,1,0,0,2230,1800,960,9993,109900,1,9999999,3,3,1,4,1220,MALE,18,6,7,700,1,100,0,4,1,5,50,1,10,15600,0,0,261,0
2023,202301,848238,2.02E+12,1440,390,1,0,0,2230,1800,960,9993,109900,1,9999999,3,3,1,5,1480,FEMALE,48,6,7,700,1,100,3,5,1,1,16,1,10,50000,0,0,261,0
2023,202301,848238,2.02E+12,1440,390,1,0,0,2230,1800,960,9993,109900,1,9999999,3,3,1,6,1950,MALE,45,6,7,700,1,100,3,4,1,2,22,2,20,19400,0,0,261,0
2023,202301,1115088,2.02E+12,1390,390,1,0,0,1550,840,360,600,75000,1,9999999,6,3,1,1,1390,FEMALE,32,4,1,100,0,0,0,3,1,10,101,1,10,75000,0,0,482,0
2023,202301,531288,2.02E+12,1670,390,1,0,0,1250,1320,480,9997,60000,1,9999999,6,3,1,1,1670,MALE,26,6,1,100,0,0,0,3,1,10,101,1,10,60000,0,0,386,0
2023,202301,1110628,2.02E+12,700,390,1,0,0,1160,720,9997,9993,55500,1,9999999,4,3,1,1,690,FEMALE,25,1,1,100,0,0,0,3,1,10,101,1,10,33000,0,0,277,0
2023,202301,1110628,2.02E+12,700,390,1,0,0,1160,720,9997,9993,55500,1,9999999,4,3,1,2,1100,MALE,29,1,1,100,1,100,0,3,1,8,81,1,10,22500,0,0,277,0
2023,202301,863098,2.02E+12,850,390,1,0,0,2290,840,1440,9997,108500,1,9999999,15,3,1,1,850,FEMALE,43,6,3,364,4,426,3,5,1,6,63,1,10,19500,0,0,195,0
2023,202301,863098,2.02E+12,850,390,1,0,0,2290,840,1440,9997,108500,1,9999999,15,3,1,2,720,MALE,20,6,3,364,4,426,0,4,1,7,71,1,10,8000,0,0,195,0
2023,202301,863098,2.02E+12,850,390,1,0,0,2290,840,1440,9997,108500,1,9999999,15,3,1,3,850,FEMALE,18,6,3,364,4,426,0,4,1,6,65,1,10,6000,0,0,195,0
2023,202301,863098,2.02E+12,850,390,1,0,0,2290,840,1440,9997,108500,1,9999999,15,3,1,4,960,FEMALE,10,6,3,364,4,426,0,4,1,2,22,0,0,9999999,99999,99999,195,0
2023,202301,863098,2.02E+12,850,390,1,0,0,2290,840,1440,9997,108500,1,9999999,15,3,1,5,990,MALE,47,6,3,364,4,426,3,6,1,6,63,1,10,50000,0,0,195,0
2023,202301,863098,2.02E+12,850,390,1,0,0,2290,840,1440,9997,108500,1,9999999,15,3,1,6,1090,MALE,72,1,3,364,4,426,3,1,1,6,63,3,30,0,0,0,195,0
2023,202301,863098,2.02E+12,850,390,1,0,0,2290,840,1440,9997,108500,1,9999999,15,3,1,7,1030,FEMALE,68,1,3,364,4,426,3,1,1,6,61,3,30,0,0,0,195,0
2023,202301,863098,2.02E+12,850,390,1,0,0,2290,840,1440,9997,108500,1,9999999,15,3,1,8,720,FEMALE,24,6,3,364,4,426,0,4,1,6,65,1,10,25000,0,0,195,0
2023,202301,1124148,2.02E+12,900,390,1,0,0,1060,720,9993,9993,50000,1,9999999,5,2,1,1,900,MALE,33,1,1,100,0,0,0,3,1,11,114,1,10,50000,0,0,250,0
2023,202301,1124148,2.02E+12,900,390,1,0,0,1060,720,9993,9993,50000,1,9999999,5,2,1,2,840,MALE,27,1,1,100,0,0,0,3,1,5,50,3,30,0,0,0,250,0
2023,202301,840158,2.02E+12,1600,390,1,0,0,560,1320,240,9993,26000,1,9999999,9,3,3,1,1600,FEMALE,64,5,2,200,0,0,0,3,1,4,40,1,10,26000,0,0,167,0
2023,202301,856438,2.02E+12,1060,390,1,0,0,2100,1800,600,9997,97200,1,9999999,3,3,1,1,1060,MALE,45,1,8,826,4,423,2,3,2,6,65,1,10,65000,0,0,416,0
2023,202301,856438,2.02E+12,1060,390,1,0,0,2100,1800,600,9997,97200,1,9999999,3,3,1,2,790,FEMALE,46,1,8,826,4,423,3,3,2,10,101,1,10,30000,0,0,416,0
2023,202301,856438,2.02E+12,1060,390,1,0,0,2100,1800,600,9997,97200,1,9999999,3,3,1,3,630,FEMALE,21,6,8,826,4,423,3,3,2,6,65,1,10,2200,0,0,416,0
2023,202301,850158,2.02E+12,3770,390,1,0,0,4314,8400,1200,170,199600,1,9999999,3,5,1,1,3780,MALE,47,4,7,700,4,411,2,6,1,2,23,1,10,60000,0,0,501,0
2023,202301,850158,2.02E+12,3770,390,1,0,0,4314,8400,1200,170,199600,1,9999999,3,5,1,2,2270,MALE,22,6,7,700,4,411,3,4,1,6,63,1,10,48000,0,0,501,0
2023,202301,850158,2.02E+12,3770,390,1,0,0,4314,8400,1200,170,199600,1,9999999,3,5,1,3,2340,MALE,62,4,7,700,4,411,2,6,1,10,101,1,10,25000,0,0,501,0
2023,202301,850158,2.02E+12,3770,390,1,0,0,4314,8400,1200,170,199600,1,9999999,3,5,1,4,2280,MALE,41,4,7,700,4,411,3,6,1,3,30,1,10,47000,0,0,501,0
2023,202301,850158,2.02E+12,3770,390,1,0,0,4314,8400,1200,170,199600,1,9999999,3,5,1,5,2580,MALE,52,2,7,700,4,411,3,1,1,3,30,1,10,19600,0,0,126,0
2023,202301,1115128,2.02E+12,1970,390,1,0,0,1583,960,9993,30,72600,1,9999999,7,3,2,1,1980,MALE,36,1,1,100,1,100,0,3,1,0,2,1,10,40000,0,0,240,0
2023,202301,1115128,2.02E+12,1970,390,1,0,0,1583,960,9993,30,72600,1,9999999,7,3,2,2,810,FEMALE,33,1,1,100,0,0,0,3,1,7,71,1,10,32600,0,0,240,0
2023,202301,1115128,2.02E+12,1970,390,1,0,0,1583,960,9993,30,72600,1,9999999,7,3,2,3,710,MALE,6,6,1,100,0,0,0,3,1,1,12,0,0,9999999,99999,99999,240,0
2023,202301,1115128,2.02E+12,1970,390,1,0,0,1583,960,9993,30,72600,1,9999999,7,3,2,4,770,MALE,4,6,1,100,0,0,0,0,1,1,11,0,0,9999999,99999,99999,240,0
2023,202301,175788,2.02E+12,2290,390,1,0,0,1280,2160,1200,9997,58000,1,9999999,6,4,1,1,2290,MALE,60,5,1,100,0,0,0,3,1,7,71,3,30,25000,0,0,290,0
2023,202301,175788,2.02E+12,2290,390,1,0,0,1280,2160,1200,9997,58000,1,9999999,6,4,1,2,5160,FEMALE,24,6,1,100,0,0,0,3,1,7,71,1,10,33000,0,0,290,0
2023,202301,873238,2.02E+12,1540,390,1,0,0,1460,1200,720,9997,65800,1,9999999,3,4,1,1,1540,MALE,52,4,7,700,4,460,2,5,1,5,50,1,10,31200,0,0,281,0
2023,202301,873238,2.02E+12,1540,390,1,0,0,1460,1200,720,9997,65800,1,9999999,3,4,1,2,1120,FEMALE,50,3,7,700,4,423,2,5,1,1,16,1,10,19000,0,0,281,0
2023,202301,873238,2.02E+12,1540,390,1,0,0,1460,1200,720,9997,65800,1,9999999,3,4,1,3,1010,MALE,30,6,7,700,4,423,0,4,1,6,65,1,10,15600,0,0,281,0
2023,202301,860418,2.02E+12,1480,390,1,0,0,960,480,9997,9997,43000,1,9999999,4,2,1,1,1490,MALE,76,1,7,700,4,412,2,6,1,0,2,3,30,33000,21000,0,238,0
2023,202301,860418,2.02E+12,1480,390,1,0,0,960,480,9997,9997,43000,1,9999999,4,2,1,2,1170,FEMALE,83,1,7,700,4,416,2,3,1,0,2,3,30,10000,10000,0,238,0
2023,202301,845848,2.02E+12,1540,390,1,0,0,2930,3000,3360,9997,130400,1,9999999,7,4,1,1,1540,MALE,41,4,7,700,4,424,3,1,1,2,23,1,10,28800,0,0,197,0
2023,202301,845848,2.02E+12,1540,390,1,0,0,2930,3000,3360,9997,130400,1,9999999,7,4,1,2,1710,MALE,0,6,7,700,4,424,0,0,1,0,1,0,0,9999999,99999,99999,197,0
2023,202301,845848,2.02E+12,1540,390,1,0,0,2930,3000,3360,9997,130400,1,9999999,7,4,1,3,1040,MALE,27,5,7,700,4,424,3,1,1,6,63,1,10,43200,0,0,197,0
2023,202301,845848,2.02E+12,1540,390,1,0,0,2930,3000,3360,9997,130400,1,9999999,7,4,1,4,1330,FEMALE,18,6,7,700,4,424,3,1,1,6,63,2,20,0,0,0,197,0
2023,202301,845848,2.02E+12,1540,390,1,0,0,2930,3000,3360,9997,130400,1,9999999,7,4,1,5,2300,FEMALE,4,6,7,700,4,424,3,0,1,0,2,0,0,9999999,99999,99999,197,0
2023,202301,845848,2.02E+12,1540,390,1,0,0,2930,3000,3360,9997,130400,1,9999999,7,4,1,6,1430,FEMALE,30,6,7,700,4,424,3,1,1,6,63,3,30,0,0,0,1,0
2023,202301,845848,2.02E+12,1540,390,1,0,0,2930,3000,3360,9997,130400,1,9999999,7,4,1,7,990,FEMALE,28,4,7,700,4,424,3,1,1,6,63,1,10,38000,0,0,244,0
2023,202301,845848,2.02E+12,1540,390,1,0,0,2930,3000,3360,9997,130400,1,9999999,7,4,1,8,1130,FEMALE,21,2,7,700,4,424,3,5,1,3,30,1,10,20400,0,0,131,0
2023,202301,1111328,2.02E+12,230,390,1,0,0,2020,2640,9993,1200,89500,1,9999999,5,3,1,1,230,MALE,25,6,1,100,0,0,0,3,1,6,63,1,10,89500,0,0,501,0
2023,202301,1111498,2.02E+12,3700,390,1,0,0,790,2880,9993,9993,35000,1,9999999,5,4,1,1,3700,FEMALE,48,4,1,100,0,0,0,3,1,6,63,1,10,35000,0,0,170,0
2023,202301,1111498,2.02E+12,3700,390,1,0,0,790,2880,9993,9993,35000,1,9999999,5,4,1,2,4630,FEMALE,14,6,1,100,0,0,0,3,1,2,26,0,0,9999999,99999,99999,170,0
2023,202301,1317788,2.02E+12,110,390,1,0,0,360,720,9993,9993,15900,2,9999999,3,3,3,1,110,FEMALE,65,3,1,100,1,100,0,5,1,3,30,3,30,15900,8900,0,111,3238
2023,202301,866008,2.02E+12,900,390,1,0,0,1050,600,9997,9997,45100,1,9999999,4,2,1,1,890,MALE,76,4,2,200,0,0,3,3,1,6,61,3,30,45100,29300,0,315,0
2023,202301,230928,2.02E+12,390,390,1,0,0,750,1800,9993,9993,31700,2,9999999,5,3,1,1,390,MALE,68,6,3,361,0,0,0,3,1,7,71,3,30,17300,17300,0,175,0
2023,202301,230928,2.02E+12,390,390,1,0,0,750,1800,9993,9993,31700,2,9999999,5,3,1,2,730,FEMALE,77,2,3,361,0,0,0,3,1,6,63,3,30,14400,13000,1400,175,0
2023,202301,1483918,2.02E+12,2690,390,1,0,0,1470,2280,120,840,62000,1,9999999,1,3,1,1,2700,FEMALE,33,4,1,100,0,0,0,3,1,11,115,1,10,62000,0,0,399,0
2023,202301,843798,2.02E+12,2500,390,1,0,0,2040,480,9993,9997,85800,1,9999999,2,3,1,1,2510,MALE,47,1,7,700,4,411,3,6,1,5,50,1,10,45000,0,0,357,0
2023,202301,843798,2.02E+12,2500,390,1,0,0,2040,480,9993,9997,85800,1,9999999,2,3,1,2,1810,FEMALE,39,1,7,700,4,411,2,5,1,3,30,1,10,33600,0,0,357,0
2023,202301,843798,2.02E+12,2500,390,1,0,0,2040,480,9993,9997,85800,1,9999999,2,3,1,3,1920,FEMALE,16,6,7,700,4,411,0,4,1,3,30,2,20,7200,0,0,357,0
2023,202301,841428,2.02E+12,2330,390,1,0,0,1360,360,360,9997,56400,1,9999999,2,3,1,1,2340,MALE,35,6,7,700,4,424,2,5,1,6,61,1,10,46400,0,0,186,0
2023,202301,841428,2.02E+12,2330,390,1,0,0,1360,360,360,9997,56400,1,9999999,2,3,1,2,2230,FEMALE,31,6,7,700,4,424,3,3,1,6,64,1,10,10000,0,0,186,0
2023,202301,841428,2.02E+12,2330,390,1,0,0,1360,360,360,9997,56400,1,9999999,2,3,1,3,2220,MALE,10,6,7,700,4,424,0,4,1,1,17,0,0,9999999,99999,99999,186,0
2023,202301,841428,2.02E+12,2330,390,1,0,0,1360,360,360,9997,56400,1,9999999,2,3,1,4,2230,MALE,5,6,7,700,4,424,0,4,1,1,12,0,0,9999999,99999,99999,186,0
2023,202301,863958,2.02E+12,1180,390,1,0,0,1000,1200,960,9993,40700,1,9999999,15,2,1,1,1190,FEMALE,60,4,8,826,3,300,3,6,2,10,101,1,10,35900,0,0,169,0
2023,202301,863958,2.02E+12,1180,390,1,0,0,1000,1200,960,9993,40700,1,9999999,15,2,1,2,720,FEMALE,31,6,8,826,3,300,3,4,2,7,71,2,20,4800,0,0,169,0
2023,202301,863958,2.02E+12,1180,390,1,0,0,1000,1200,960,9993,40700,1,9999999,15,2,1,3,940,FEMALE,7,6,8,826,3,300,0,6,2,1,14,0,0,9999999,99999,99999,169,0
2023,202301,1359188,2.02E+12,1560,390,1,0,0,710,2520,9993,9993,28800,2,9999999,7,3,1,1,1560,FEMALE,32,6,8,826,3,300,3,6,2,6,63,1,12,28800,0,0,120,0
2023,202301,1359188,2.02E+12,1560,390,1,0,0,710,2520,9993,9993,28800,2,9999999,7,3,1,2,2320,FEMALE,4,6,1,100,0,0,0,0,1,0,2,0,0,9999999,99999,99999,120,0
2023,202301,1359188,2.02E+12,1560,390,1,0,0,710,2520,9993,9993,28800,2,9999999,7,3,1,3,2310,FEMALE,1,6,1,100,0,0,0,0,1,0,1,0,0,9999999,99999,99999,120,0
2023,202301,870368,2.02E+12,740,390,1,0,0,1310,480,480,360,53000,1,9999999,15,2,2,1,740,FEMALE,53,6,8,801,0,0,0,3,2,6,65,1,10,53000,0,0,341,0
2023,202301,1486428,2.02E+12,490,390,1,0,0,330,600,9993,9993,13300,2,9999999,3,2,3,1,490,FEMALE,79,5,1,100,0,0,0,3,1,6,64,3,30,13300,13300,0,93,1409
2023,202301,163958,2.02E+12,1680,390,1,0,0,1500,3600,9992,9997,60000,2,9999999,9,5,1,1,1670,MALE,46,1,8,826,1,100,3,1,2,6,63,1,10,60000,0,0,122,0
2023,202301,163958,2.02E+12,1680,390,1,0,0,1500,3600,9992,9997,60000,2,9999999,9,5,1,2,1770,FEMALE,34,1,8,826,1,100,3,1,2,6,63,3,30,0,0,0,122,0
2023,202301,163958,2.02E+12,1680,390,1,0,0,1500,3600,9992,9997,60000,2,9999999,9,5,1,3,2000,MALE,11,6,8,826,1,100,0,4,2,2,23,0,0,9999999,99999,99999,122,0
2023,202301,163958,2.02E+12,1680,390,1,0,0,1500,3600,9992,9997,60000,2,9999999,9,5,1,4,2370,FEMALE,9,6,8,826,1,100,0,4,2,1,16,0,0,9999999,99999,99999,122,0
2023,202301,163958,2.02E+12,1680,390,1,0,0,1500,3600,9992,9997,60000,2,9999999,9,5,1,5,2370,FEMALE,5,6,8,826,1,100,0,4,2,1,11,0,0,9999999,99999,99999,122,0
2023,202301,163958,2.02E+12,1680,390,1,0,0,1500,3600,9992,9997,60000,2,9999999,9,5,1,6,2040,FEMALE,3,6,8,826,1,100,0,0,2,0,2,0,0,9999999,99999,99999,122,0
2023,202301,163958,2.02E+12,1680,390,1,0,0,1500,3600,9992,9997,60000,2,9999999,9,5,1,7,2040,FEMALE,1,6,8,826,1,100,0,0,2,0,1,0,0,9999999,99999,99999,122,0
2023,202301,163958,2.02E+12,1680,390,1,0,0,1500,3600,9992,9997,60000,2,9999999,9,5,1,8,2120,MALE,0,6,8,826,1,100,0,0,2,0,1,0,0,9999999,99999,99999,122,0
2023,202301,1125638,2.02E+12,930,390,1,0,0,460,9997,9993,9997,18400,2,9999999,4,1,1,1,920,MALE,72,4,1,100,0,0,0,3,1,7,71,3,30,18400,17300,0,128,2157
2023,202301,1113248,2.02E+12,700,390,1,0,0,1180,960,9993,9993,46800,2,9999999,4,3,3,1,700,FEMALE,25,1,1,100,0,0,0,3,1,8,81,1,10,1800,0,0,234,0
2023,202301,1113248,2.02E+12,700,390,1,0,0,1180,960,9993,9993,46800,2,9999999,4,3,3,2,800,MALE,29,1,1,100,0,0,0,3,1,6,65,1,10,45000,0,0,234,0
2023,202301,857948,2.02E+12,880,390,1,0,0,1580,3600,3600,9993,61900,2,9999999,15,4,1,1,880,FEMALE,47,4,8,826,2,200,0,4,2,6,63,1,10,45000,0,0,147,0
2023,202301,857948,2.02E+12,880,390,1,0,0,1580,3600,3600,9993,61900,2,9999999,15,4,1,2,700,MALE,27,6,8,826,2,200,0,4,2,6,63,2,20,0,0,0,147,0
2023,202301,857948,2.02E+12,880,390,1,0,0,1580,3600,3600,9993,61900,2,9999999,15,4,1,3,710,FEMALE,22,6,8,826,2,200,0,4,2,7,71,2,20,16900,0,0,147,0
2023,202301,857948,2.02E+12,880,390,1,0,0,1580,3600,3600,9993,61900,2,9999999,15,4,1,4,700,MALE,20,6,8,826,2,200,0,3,2,6,63,2,20,0,0,0,147,0
2023,202301,857948,2.02E+12,880,390,1,0,0,1580,3600,3600,9993,61900,2,9999999,15,4,1,5,1090,MALE,3,6,8,826,2,200,0,0,2,0,2,0,0,9999999,99999,99999,147,0
2023,202301,857948,2.02E+12,880,390,1,0,0,1580,3600,3600,9993,61900,2,9999999,15,4,1,6,1100,MALE,2,6,8,826,2,200,0,0,2,0,1,0,0,9999999,99999,99999,147,0
2023,202301,1122068,2.02E+12,3040,390,1,0,0,860,720,9993,9993,33600,1,9999999,15,2,1,1,3050,MALE,36,6,1,100,0,0,0,3,1,4,40,1,10,33600,0,0,216,0
2023,202301,1121338,2.02E+12,3650,390,1,0,0,1333,1440,9993,150,52000,1,9999999,7,4,1,1,3650,MALE,50,1,6,610,0,0,2,4,1,6,63,1,10,26000,0,0,172,0
2023,202301,1121338,2.02E+12,3650,390,1,0,0,1333,1440,9993,150,52000,1,9999999,7,4,1,2,2490,FEMALE,45,1,6,610,0,0,2,5,1,10,101,1,10,26000,0,0,172,0
2023,202301,1121338,2.02E+12,3650,390,1,0,0,1333,1440,9993,150,52000,1,9999999,7,4,1,3,2320,MALE,9,6,6,610,0,0,0,3,1,1,16,0,0,9999999,99999,99999,172,0
2023,202301,1121338,2.02E+12,3650,390,1,0,0,1333,1440,9993,150,52000,1,9999999,7,4,1,4,2330,MALE,7,6,6,610,0,0,0,3,1,1,14,0,0,9999999,99999,99999,172,0
2023,202301,858368,2.02E+12,1560,390,1,0,0,2180,1200,960,9993,84900,1,9999999,1,3,1,1,1560,MALE,36,6,7,700,4,460,3,6,1,8,81,1,10,43900,0,0,280,0
2023,202301,858368,2.02E+12,1560,390,1,0,0,2180,1200,960,9993,84900,1,9999999,1,3,1,2,1490,FEMALE,31,6,7,700,4,460,3,4,1,8,81,1,10,41000,0,0,280,0
2023,202301,858368,2.02E+12,1560,390,1,0,0,2180,1200,960,9993,84900,1,9999999,1,3,1,3,1490,MALE,12,6,7,700,4,460,0,4,1,1,17,0,0,9999999,99999,99999,280,0
2023,202301,858368,2.02E+12,1560,390,1,0,0,2180,1200,960,9993,84900,1,9999999,1,3,1,4,1480,MALE,9,6,7,700,4,460,0,4,1,2,23,0,0,9999999,99999,99999,280,0
2023,202301,1286918,2.02E+12,910,390,1,0,0,2654,1800,1200,50,103000,1,9999999,9,5,1,1,910,FEMALE,42,6,2,200,0,0,0,3,1,11,114,1,10,50000,0,0,322,0
2023,202301,1286918,2.02E+12,910,390,1,0,0,2654,1800,1200,50,103000,1,9999999,9,5,1,2,1040,FEMALE,40,6,2,200,0,0,0,3,1,8,81,3,30,53000,0,0,257,0
2023,202301,1286918,2.02E+12,910,390,1,0,0,2654,1800,1200,50,103000,1,9999999,9,5,1,3,690,MALE,12,6,7,700,0,0,0,3,1,2,25,0,0,9999999,99999,99999,257,0
2023,202301,863368,2.02E+12,610,390,1,0,0,510,9997,9997,9997,19700,2,9999999,9,1,1,1,620,FEMALE,66,1,6,600,0,0,2,5,1,10,101,3,30,10200,4800,0,109,8859
2023,202301,863368,2.02E+12,610,390,1,0,0,510,9997,9997,9997,19700,2,9999999,9,1,1,2,720,MALE,74,1,6,600,0,0,2,5,1,6,63,3,30,9500,9500,0,109,8859
2023,202301,1356778,2.02E+12,1340,390,1,0,0,1147,1800,9997,200,44240,1,9999999,6,2,1,1,1330,MALE,74,1,1,100,0,0,0,3,1,10,101,3,30,43300,28700,0,245,0
2023,202301,1356778,2.02E+12,1340,390,1,0,0,1147,1800,9997,200,44240,1,9999999,6,2,1,2,1500,FEMALE,70,1,1,100,0,0,0,3,1,10,101,1,10,940,0,0,245,0
2023,202301,1311338,2.02E+12,1100,390,1,0,0,919,1560,9993,470,35000,1,9999999,7,2,1,1,1100,FEMALE,31,6,1,100,0,0,0,3,1,10,101,1,10,35000,0,0,225,0
2023,202301,1121088,2.02E+12,710,390,1,0,0,2450,1800,9993,9997,92000,1,9999999,27,3,1,1,700,FEMALE,63,6,1,100,0,0,0,3,1,11,116,1,10,92000,0,0,501,0
2023,202301,1122258,2.02E+12,660,390,1,0,0,670,840,9993,9997,24900,2,9999999,4,3,1,1,670,FEMALE,69,5,8,826,0,0,0,3,2,7,71,3,30,24900,0,0,174,0
2023,202301,540848,2.02E+12,840,390,1,0,0,740,1320,9993,9997,27000,1,9999999,6,2,1,1,840,FEMALE,23,6,1,100,0,0,0,3,1,7,71,1,10,27000,0,0,174,0
2023,202301,843738,2.02E+12,1060,390,1,0,0,1190,1080,1200,9997,43200,1,9999999,15,3,1,1,1050,FEMALE,73,5,2,200,0,0,0,3,1,7,71,3,30,36000,20400,0,239,0
2023,202301,843738,2.02E+12,1060,390,1,0,0,1190,1080,1200,9997,43200,1,9999999,15,3,1,2,950,FEMALE,27,6,2,200,0,0,0,3,1,6,63,2,20,7200,0,0,239,0
2023,202301,523798,2.02E+12,1100,390,1,0,0,1100,3600,600,9997,39800,2,9999999,5,3,1,1,1090,FEMALE,34,4,8,801,0,0,0,3,2,6,63,1,10,24800,0,17800,131,0
2023,202301,523798,2.02E+12,1100,390,1,0,0,1100,3600,600,9997,39800,2,9999999,5,3,1,2,1520,MALE,6,6,8,801,0,0,0,3,2,1,14,0,0,9999999,99999,99999,131,0
2023,202301,523798,2.02E+12,1100,390,1,0,0,1100,3600,600,9997,39800,2,9999999,5,3,1,3,1520,FEMALE,3,6,8,801,0,0,0,0,2,0,2,0,0,9999999,99999,99999,131,0
2023,202301,523798,2.02E+12,1100,390,1,0,0,1100,3600,600,9997,39800,2,9999999,5,3,1,4,420,FEMALE,58,4,2,200,0,0,0,3,1,6,63,1,10,15000,0,0,131,0
2023,202301,846658,2.02E+12,4040,390,1,0,0,1560,600,120,9997,55000,1,9999999,15,2,1,1,4050,MALE,46,6,1,100,1,100,0,3,1,6,63,1,10,55000,0,0,354,0
2023,202301,1375368,2.02E+12,2550,390,1,0,0,1960,1920,9993,9997,69000,1,9999999,9,3,1,1,2550,FEMALE,37,1,7,700,1,100,2,4,1,6,63,1,10,40000,0,0,193,0
2023,202301,1375368,2.02E+12,2550,390,1,0,0,1960,1920,9993,9997,69000,1,9999999,9,3,1,2,2430,MALE,37,1,7,700,1,100,3,5,1,5,50,1,10,26000,0,0,193,0
2023,202301,1375368,2.02E+12,2550,390,1,0,0,1960,1920,9993,9997,69000,1,9999999,9,3,1,3,1530,MALE,17,6,7,700,1,100,0,4,1,5,50,1,10,3000,0,0,193,0
2023,202301,1375368,2.02E+12,2550,390,1,0,0,1960,1920,9993,9997,69000,1,9999999,9,3,1,4,3010,FEMALE,15,6,7,700,1,100,0,4,1,3,30,0,0,0,0,0,193,0
2023,202301,1375368,2.02E+12,2550,390,1,0,0,1960,1920,9993,9997,69000,1,9999999,9,3,1,5,1740,FEMALE,7,6,7,700,1,100,0,3,1,1,15,0,0,9999999,99999,99999,193,0
2023,202301,1114288,2.02E+12,820,390,1,0,0,1290,1680,9993,600,45000,1,9999999,9,3,1,1,810,FEMALE,35,6,1,100,0,0,0,3,1,7,71,1,10,45000,0,0,218,0
2023,202301,1114288,2.02E+12,820,390,1,0,0,1290,1680,9993,600,45000,1,9999999,9,3,1,2,690,MALE,8,6,1,100,0,0,0,3,1,1,14,0,0,9999999,99999,99999,218,0
2023,202301,170408,2.02E+12,2190,390,1,0,0,1400,1200,9992,9997,48500,2,9999999,6,3,1,1,2190,FEMALE,24,6,1,100,1,100,0,5,1,6,63,1,10,48500,0,0,235,0
2023,202301,170408,2.02E+12,2190,390,1,0,0,1400,1200,9992,9997,48500,2,9999999,6,3,1,2,1950,MALE,6,6,1,100,1,100,0,3,1,1,14,0,0,9999999,99999,99999,235,0
2023,202301,857188,2.02E+12,540,390,1,0,0,1750,360,1440,9997,60000,1,9999999,6,2,1,1,550,MALE,57,6,1,100,0,0,0,3,1,11,114,1,10,60000,0,0,386,0
2023,202301,857398,2.02E+12,3120,390,1,0,0,1750,360,240,9997,60000,1,9999999,6,2,1,1,3110,FEMALE,24,6,1,100,0,0,0,4,1,7,71,1,10,60000,0,0,386,0
2023,202301,1116948,2.02E+12,530,390,1,0,0,3200,9997,9997,9997,108900,2,9999999,5,5,1,1,530,FEMALE,22,6,1,100,0,0,0,3,1,7,71,1,10,7000,0,0,45,0
2023,202301,1116948,2.02E+12,530,390,1,0,0,3200,9997,9997,9997,108900,2,9999999,5,5,1,2,90,FEMALE,22,6,6,630,0,0,0,3,1,6,63,1,10,78000,0,0,501,0
2023,202301,1116948,2.02E+12,530,390,1,0,0,3200,9997,9997,9997,108900,2,9999999,5,5,1,3,380,FEMALE,21,6,7,700,1,100,0,3,1,6,63,1,10,8000,0,0,51,0
2023,202301,1116948,2.02E+12,530,390,1,0,0,3200,9997,9997,9997,108900,2,9999999,5,5,1,4,400,FEMALE,20,6,1,100,0,0,0,3,1,7,71,1,10,15900,0,0,102,0
2023,202301,855718,2.02E+12,950,390,1,0,0,2203,720,120,400,74000,1,9999999,3,2,1,1,960,MALE,67,4,1,100,0,0,0,3,1,6,63,3,30,74000,24000,0,501,0
2023,202301,1483998,2.02E+12,600,390,1,0,0,600,9993,9993,9993,20000,2,9999999,6,3,1,1,600,MALE,20,1,1,100,0,0,0,3,1,6,63,1,10,20000,0,0,83,0
2023,202301,1483998,2.02E+12,600,390,1,0,0,600,9993,9993,9993,20000,2,9999999,6,3,1,2,590,FEMALE,22,1,1,100,0,0,0,3,1,6,63,3,30,0,0,0,83,0
2023,202301,1483998,2.02E+12,600,390,1,0,0,600,9993,9993,9993,20000,2,9999999,6,3,1,3,940,FEMALE,0,6,1,100,0,0,0,0,1,0,1,0,0,9999999,99999,99999,83,0
2023,202301,865648,2.02E+12,860,390,1,0,0,1560,720,9997,9997,51800,2,9999999,2,2,1,1,860,FEMALE,73,4,7,700,2,200,0,6,1,6,63,3,30,22800,20400,2400,222,7140
2023,202301,865648,2.02E+12,860,390,1,0,0,1560,720,9997,9997,51800,2,9999999,2,2,1,2,610,MALE,56,6,7,700,2,200,0,4,1,6,63,1,10,29000,0,0,222,7140
2023,202301,865648,2.02E+12,860,390,1,0,0,1560,720,9997,9997,51800,2,9999999,2,2,1,3,620,MALE,44,4,7,700,2,200,0,4,1,2,26,3,30,0,0,0,222,7140
2023,202301,1288518,2.02E+12,570,390,1,0,0,2048,2880,9993,100,68000,1,9999999,9,3,1,1,580,FEMALE,34,4,1,100,0,0,0,3,1,6,65,1,10,68000,0,0,224,0
2023,202301,1288518,2.02E+12,570,390,1,0,0,2048,2880,9993,100,68000,1,9999999,9,3,1,2,760,MALE,15,6,1,100,0,0,0,3,1,4,40,0,0,0,0,0,224,0
2023,202301,1288518,2.02E+12,570,390,1,0,0,2048,2880,9993,100,68000,1,9999999,9,3,1,3,570,MALE,10,6,1,100,0,0,0,3,1,1,17,0,0,9999999,99999,99999,224,0
2023,202301,1288518,2.02E+12,570,390,1,0,0,2048,2880,9993,100,68000,1,9999999,9,3,1,4,590,FEMALE,7,6,1,100,0,0,0,3,1,1,14,0,0,9999999,99999,99999,224,0
2023,202301,1124038,2.02E+12,670,390,1,0,0,1170,2160,9993,9993,38000,1,9999999,3,3,1,1,670,FEMALE,67,1,1,100,0,0,0,3,1,7,71,3,30,20200,15400,0,163,0
2023,202301,1124038,2.02E+12,670,390,1,0,0,1170,2160,9993,9993,38000,1,9999999,3,3,1,2,540,MALE,71,1,1,100,0,0,0,3,1,6,64,3,30,13000,13000,0,163,0
2023,202301,1124038,2.02E+12,670,390,1,0,0,1170,2160,9993,9993,38000,1,9999999,3,3,1,3,480,FEMALE,35,6,1,100,0,0,0,3,1,7,71,3,30,4800,0,0,163,0
2023,202301,864528,2.02E+12,1730,390,1,0,0,2210,1080,1440,9993,71200,1,9999999,3,3,1,1,1730,FEMALE,45,6,2,200,0,0,0,3,1,6,63,1,10,26800,0,0,305,0
2023,202301,864528,2.02E+12,1730,390,1,0,0,2210,1080,1440,9993,71200,1,9999999,3,3,1,2,1750,MALE,37,6,2,200,0,0,0,3,1,11,114,1,10,35000,0,0,305,0
2023,202301,864528,2.02E+12,1730,390,1,0,0,2210,1080,1440,9993,71200,1,9999999,3,3,1,3,1960,FEMALE,20,6,2,200,0,0,0,3,1,7,71,1,10,9400,0,0,305,0
2023,202301,1118148,2.02E+12,1500,390,1,0,0,1420,1440,9993,9997,45400,1,9999999,7,2,1,1,1500,FEMALE,24,6,1,100,0,0,0,3,1,11,114,1,10,45400,0,0,292,0
2023,202301,534698,2.02E+12,3090,390,1,0,0,780,720,240,9993,24700,1,9999999,7,3,1,1,3090,FEMALE,75,4,2,200,0,0,0,3,1,6,63,3,30,24700,23000,0,172,0
2023,202301,870468,2.02E+12,770,390,1,0,0,840,600,120,9993,25700,1,9999999,5,2,1,1,770,FEMALE,65,6,2,200,0,0,0,3,1,6,63,3,30,25700,25700,0,179,1938
2023,202301,1115558,2.02E+12,660,390,1,0,0,1510,1080,9993,240,45400,2,9999999,7,3,1,1,660,MALE,19,6,1,100,0,0,0,3,1,6,63,1,10,36400,0,0,234,0
2023,202301,1115558,2.02E+12,660,390,1,0,0,1510,1080,9993,240,45400,2,9999999,7,3,1,2,390,MALE,20,6,1,100,0,0,0,3,1,6,63,1,10,9000,0,0,58,0
2023,202301,1358608,2.02E+12,290,390,1,0,0,1597,1080,2400,80,48000,1,9999999,2,4,1,1,290,FEMALE,27,1,1,100,0,0,0,3,1,6,63,1,10,19000,0,0,200,0
2023,202301,1358608,2.02E+12,290,390,1,0,0,1597,1080,2400,80,48000,1,9999999,2,4,1,2,280,MALE,26,1,1,100,0,0,0,3,1,6,63,1,10,29000,0,0,200,0
2023,202301,1358608,2.02E+12,290,390,1,0,0,1597,1080,2400,80,48000,1,9999999,2,4,1,3,320,MALE,6,6,1,100,0,0,0,3,1,1,12,0,0,9999999,99999,99999,200,0
2023,202301,1118398,2.02E+12,1440,390,1,0,0,750,9997,9993,9997,22500,2,9999999,7,4,1,1,1440,MALE,20,6,1,100,0,0,0,3,1,7,71,3,30,10000,0,0,64,0
2023,202301,1118398,2.02E+12,1440,390,1,0,0,750,9997,9993,9997,22500,2,9999999,7,4,1,2,1260,MALE,21,6,1,100,0,0,0,3,1,7,71,3,30,3500,0,0,23,0
2023,202301,1118398,2.02E+12,1440,390,1,0,0,750,9997,9993,9997,22500,2,9999999,7,4,1,3,1260,MALE,20,6,1,100,0,0,0,3,1,7,71,3,30,4000,0,0,26,0
2023,202301,1118398,2.02E+12,1440,390,1,0,0,750,9997,9993,9997,22500,2,9999999,7,4,1,4,1240,MALE,20,6,1,100,0,0,0,3,1,7,71,1,10,5000,0,0,32,0
2023,202301,151368,2.02E+12,560,390,1,0,0,1530,3000,960,9997,45600,2,9999999,5,5,2,1,560,FEMALE,57,6,7,700,1,100,0,3,1,4,40,1,10,36600,0,7800,128,0
2023,202301,151368,2.02E+12,560,390,1,0,0,1530,3000,960,9997,45600,2,9999999,5,5,2,2,1250,FEMALE,38,6,7,700,1,100,0,3,1,6,63,2,20,9000,0,9000,128,0
2023,202301,151368,2.02E+12,560,390,1,0,0,1530,3000,960,9997,45600,2,9999999,5,5,2,3,930,FEMALE,15,6,7,700,1,100,0,3,1,5,50,0,0,0,0,0,128,0
2023,202301,151368,2.02E+12,560,390,1,0,0,1530,3000,960,9997,45600,2,9999999,5,5,2,4,930,FEMALE,15,6,7,700,1,100,0,3,1,3,30,0,0,0,0,0,128,0
2023,202301,151368,2.02E+12,560,390,1,0,0,1530,3000,960,9997,45600,2,9999999,5,5,2,5,640,MALE,13,6,7,700,1,100,0,3,1,2,25,0,0,9999999,99999,99999,128,0
2023,202301,174758,2.02E+12,1570,390,1,0,0,1288,3000,9992,700,37000,1,9999999,3,3,1,1,1570,MALE,60,1,7,700,1,100,3,1,1,2,23,1,10,37000,0,0,185,0
2023,202301,174758,2.02E+12,1570,390,1,0,0,1288,3000,9992,700,37000,1,9999999,3,3,1,2,1350,FEMALE,58,1,7,700,1,100,3,1,1,2,23,3,30,0,0,0,185,0
2023,202301,1311138,2.02E+12,1770,390,1,0,0,1475,1560,9993,540,40000,1,9999999,15,2,1,1,1770,FEMALE,25,6,2,200,0,0,0,3,1,7,71,1,10,40000,0,0,257,0
2023,202301,191078,2.02E+12,110,390,1,0,0,480,120,840,9993,13000,1,9999999,15,3,1,1,100,MALE,21,6,3,361,1,100,0,3,1,6,63,1,10,13000,0,0,84,0
2023,202301,1116778,2.02E+12,3430,390,1,0,0,1445,1440,9993,300,38700,1,9999999,6,3,1,1,3420,MALE,28,6,1,100,0,0,0,3,1,10,101,1,10,38700,0,0,249,0
2023,202301,1123488,2.02E+12,630,390,1,0,0,594,840,48,9997,15800,2,9999999,7,2,3,1,620,FEMALE,67,5,1,100,0,0,0,3,1,6,63,3,30,15800,15800,0,110,2937
2023,202301,1481978,2.02E+12,570,390,1,0,0,320,9997,9993,9997,8500,1,9999999,4,3,1,1,560,FEMALE,66,4,2,200,0,0,0,3,1,6,63,3,30,8500,8500,0,59,2849
2023,202301,869508,2.02E+12,1390,390,1,0,0,1258,480,120,90,33000,1,9999999,15,1,1,1,1390,MALE,50,6,8,826,0,0,3,3,2,6,63,3,30,33000,33000,0,212,0
2023,202301,840668,2.02E+12,940,390,1,0,0,1750,720,1080,9997,45000,1,9999999,4,4,1,1,940,FEMALE,38,4,8,826,4,427,2,4,2,6,64,3,30,20000,0,0,144,0
2023,202301,840668,2.02E+12,940,390,1,0,0,1750,720,1080,9997,45000,1,9999999,4,4,1,2,970,MALE,40,4,8,826,4,427,3,4,2,6,63,1,10,25000,0,0,144,0
2023,202301,840668,2.02E+12,940,390,1,0,0,1750,720,1080,9997,45000,1,9999999,4,4,1,3,770,FEMALE,21,6,8,826,4,427,2,4,2,7,71,3,30,0,0,0,144,0
2023,202301,840668,2.02E+12,940,390,1,0,0,1750,720,1080,9997,45000,1,9999999,4,4,1,4,1020,FEMALE,12,6,8,826,4,427,0,4,2,2,25,0,0,9999999,99999,99999,144,0
2023,202301,840878,2.02E+12,860,390,1,0,0,490,2400,9993,9993,12600,2,9999999,4,2,1,1,860,FEMALE,67,4,7,700,4,423,2,5,1,6,64,3,30,12600,0,0,88,4284
2023,202301,514568,2.02E+12,600,390,1,0,0,270,9997,9993,9997,6900,1,9999999,7,4,1,1,600,FEMALE,75,4,1,100,0,0,0,3,1,7,71,3,30,6900,6900,0,48,0
2023,202301,850798,2.02E+12,1350,390,1,0,0,1225,2400,960,540,30700,2,9999999,7,2,1,1,1350,MALE,69,6,8,845,3,300,3,5,2,2,25,3,30,25800,13800,0,170,0
2023,202301,850798,2.02E+12,1350,390,1,0,0,1225,2400,960,540,30700,2,9999999,7,2,1,2,1250,FEMALE,69,6,8,826,3,300,2,1,2,2,23,3,30,4900,0,0,170,0
2023,202301,1346428,2.02E+12,2360,390,1,0,0,3021,8880,840,130,75000,1,9999999,9,5,1,1,2360,FEMALE,44,6,1,100,0,0,0,4,1,11,114,1,10,75000,0,0,482,0
2023,202301,1378618,2.02E+12,2560,390,1,0,0,2035,3720,9993,300,50000,1,9999999,4,4,1,1,2570,FEMALE,39,6,2,200,0,0,0,3,1,11,114,1,10,50000,0,0,165,0
2023,202301,1378618,2.02E+12,2560,390,1,0,0,2035,3720,9993,300,50000,1,9999999,4,4,1,2,2600,MALE,19,6,2,200,0,0,0,3,1,6,63,3,30,0,0,0,165,0
2023,202301,1378618,2.02E+12,2560,390,1,0,0,2035,3720,9993,300,50000,1,9999999,4,4,1,3,2040,FEMALE,6,6,2,200,0,0,0,3,1,1,12,0,0,9999999,99999,99999,165,0
2023,202301,1378618,2.02E+12,2560,390,1,0,0,2035,3720,9993,300,50000,1,9999999,4,4,1,4,2050,FEMALE,6,6,2,200,0,0,0,3,1,1,12,0,0,9999999,99999,99999,165,0
2023,202301,855408,2.02E+12,710,390,1,0,0,683,1800,9993,400,16600,2,9999999,3,2,1,1,700,FEMALE,90,5,8,826,3,300,2,6,2,6,63,3,30,16600,14500,0,116,5529
2023,202301,534548,2.02E+12,690,390,1,0,0,3030,3960,9990,9993,73100,1,9999999,1,5,1,1,680,FEMALE,40,1,1,100,0,0,0,3,1,8,81,3,30,12600,0,0,205,0
2023,202301,534548,2.02E+12,690,390,1,0,0,3030,3960,9990,9993,73100,1,9999999,1,5,1,2,710,MALE,41,1,1,100,0,0,0,3,1,6,63,1,10,35500,0,0,205,0
2023,202301,534548,2.02E+12,690,390,1,0,0,3030,3960,9990,9993,73100,1,9999999,1,5,1,3,830,MALE,4,6,1,100,0,0,0,0,1,0,2,0,0,9999999,99999,99999,205,0
2023,202301,534548,2.02E+12,690,390,1,0,0,3030,3960,9990,9993,73100,1,9999999,1,5,1,4,670,FEMALE,17,6,1,100,0,0,0,3,1,2,26,1,10,25000,0,0,205,0
2023,202301,534548,2.02E+12,690,390,1,0,0,3030,3960,9990,9993,73100,1,9999999,1,5,1,5,660,FEMALE,14,6,1,100,0,0,0,3,1,2,26,0,0,9999999,99999,99999,205,0
2023,202301,1284078,2.02E+12,350,390,1,0,0,960,1920,9993,9993,23000,1,9999999,5,3,1,1,350,FEMALE,31,1,1,100,0,0,0,3,1,6,63,3,30,0,0,0,96,0
2023,202301,1284078,2.02E+12,350,390,1,0,0,960,1920,9993,9993,23000,1,9999999,5,3,1,2,260,MALE,34,1,1,100,0,0,0,3,1,6,63,1,10,23000,0,0,96,0
2023,202301,1284078,2.02E+12,350,390,1,0,0,960,1920,9993,9993,23000,1,9999999,5,3,1,3,320,MALE,8,6,1,100,0,0,0,3,1,1,14,0,0,9999999,99999,99999,96,0
2023,202301,846458,2.02E+12,970,390,1,0,0,2540,360,120,9993,60000,1,9999999,1,4,1,1,970,FEMALE,69,4,1,100,0,0,0,3,1,8,81,1,10,60000,30000,0,419,0
2023,202301,1122208,2.02E+12,140,390,1,0,0,554,1200,9993,650,13000,2,9999999,3,5,2,1,150,FEMALE,66,4,1,100,0,0,0,3,1,5,50,3,30,13000,0,0,91,0
2023,202301,534238,2.02E+12,1860,390,1,0,0,1000,9997,9997,9993,23000,1,9999999,4,2,1,1,1860,MALE,60,4,1,100,0,0,0,3,1,6,63,3,30,23000,23000,0,148,0
2023,202301,201928,2.02E+12,360,390,1,0,0,1530,4680,4680,9997,35000,1,9999999,2,3,3,1,360,MALE,43,6,7,700,1,100,3,4,1,6,61,1,10,35000,0,0,175,0
2023,202301,201928,2.02E+12,360,390,1,0,0,1530,4680,4680,9997,35000,1,9999999,2,3,3,2,1070,MALE,50,6,7,700,1,100,3,3,1,0,2,3,30,0,0,0,175,0
2023,202301,1365638,2.02E+12,190,390,1,0,0,1600,4800,9997,9993,35000,2,9999999,2,3,1,1,190,FEMALE,32,3,1,100,0,0,0,3,1,6,63,1,10,18000,0,6000,115,0
2023,202301,1365638,2.02E+12,190,390,1,0,0,1600,4800,9997,9993,35000,2,9999999,2,3,1,2,160,MALE,38,4,1,100,0,0,0,3,1,7,71,1,10,17000,0,0,115,0
2023,202301,1365638,2.02E+12,190,390,1,0,0,1600,4800,9997,9993,35000,2,9999999,2,3,1,3,200,MALE,11,6,1,100,1,100,0,3,1,2,23,0,0,9999999,99999,99999,115,0
2023,202301,1365638,2.02E+12,190,390,1,0,0,1600,4800,9997,9993,35000,2,9999999,2,3,1,4,200,MALE,10,6,1,100,1,100,0,3,1,1,17,0,0,9999999,99999,99999,115,0
2023,202301,139558,2.02E+12,520,390,1,0,0,3600,9990,9992,9993,78400,1,9999999,4,1,1,1,520,FEMALE,62,1,1,100,1,100,2,5,1,6,63,1,10,8400,0,0,259,0
2023,202301,139558,2.02E+12,520,390,1,0,0,3600,9990,9992,9993,78400,1,9999999,4,1,1,2,620,MALE,63,1,1,100,1,100,0,3,1,1,14,1,10,70000,0,0,259,0
2023,202301,139558,2.02E+12,520,390,1,0,0,3600,9990,9992,9993,78400,1,9999999,4,1,1,3,610,MALE,5,6,1,100,1,100,0,4,1,1,12,0,0,9999999,99999,99999,259,0
2023,202301,139558,2.02E+12,520,390,1,0,0,3600,9990,9992,9993,78400,1,9999999,4,1,1,4,650,MALE,2,6,1,100,1,100,0,0,1,0,1,0,0,9999999,99999,99999,259,0
2023,202301,1356628,2.02E+12,1200,390,1,0,0,1404,1200,9992,50,30000,1,9999999,15,2,1,1,1210,FEMALE,34,6,1,100,0,0,0,3,1,8,81,1,10,30000,0,0,193,0
2023,202301,1121148,2.02E+12,560,390,1,0,0,1260,960,9993,3000,26900,2,9999999,5,3,1,1,560,MALE,59,1,2,200,0,0,0,3,1,7,71,3,30,18000,12000,6000,115,0
2023,202301,1121148,2.02E+12,560,390,1,0,0,1260,960,9993,3000,26900,2,9999999,5,3,1,2,650,FEMALE,44,1,1,100,0,0,0,3,1,7,71,3,30,5000,0,5000,115,0
2023,202301,1121148,2.02E+12,560,390,1,0,0,1260,960,9993,3000,26900,2,9999999,5,3,1,3,830,MALE,20,6,2,200,0,0,0,3,1,6,63,3,30,3900,0,900,115,0
2023,202301,223028,2.02E+12,1490,390,1,0,0,1700,9997,9993,9997,36000,1,9999999,9,2,3,1,1490,FEMALE,94,5,1,100,0,0,0,3,1,6,63,3,30,36000,6000,0,251,0
2023,202301,1485678,2.02E+12,710,390,1,0,0,812,2040,9993,860,16800,2,9999999,2,3,1,1,720,FEMALE,58,4,1,100,0,0,0,3,1,10,101,3,30,16800,0,0,108,0
2023,202301,848088,2.02E+12,1650,390,1,0,0,1760,720,9992,9993,36200,2,9999999,5,3,1,1,1660,FEMALE,49,3,7,700,4,412,3,1,1,1,15,1,10,22800,0,2800,150,0
2023,202301,848088,2.02E+12,1650,390,1,0,0,1760,720,9992,9993,36200,2,9999999,5,3,1,2,1670,MALE,24,6,7,700,4,412,0,4,1,2,26,1,10,13400,0,0,150,0
2023,202301,848088,2.02E+12,1650,390,1,0,0,1760,720,9992,9993,36200,2,9999999,5,3,1,3,2080,FEMALE,15,6,7,700,4,412,0,4,1,2,26,0,0,0,0,0,150,0
2023,202301,869348,2.02E+12,800,390,1,0,0,2500,720,480,9993,51000,1,9999999,15,3,1,1,810,MALE,52,4,1,100,0,0,0,3,1,10,101,1,10,51000,0,0,328,0
2023,202301,1483878,2.02E+12,1550,390,1,0,0,1740,9990,9993,3000,33100,2,9999999,6,4,1,1,1550,MALE,49,1,1,100,0,0,0,3,1,8,81,3,30,0,0,0,106,0
2023,202301,1483878,2.02E+12,1550,390,1,0,0,1740,9990,9993,3000,33100,2,9999999,6,4,1,2,1560,FEMALE,48,1,1,100,0,0,0,3,1,6,65,1,10,25900,0,0,106,0
2023,202301,1483878,2.02E+12,1550,390,1,0,0,1740,9990,9993,3000,33100,2,9999999,6,4,1,3,1340,FEMALE,12,6,1,100,0,0,0,3,1,2,23,0,0,9999999,99999,99999,106,0
2023,202301,1483878,2.02E+12,1550,390,1,0,0,1740,9990,9993,3000,33100,2,9999999,6,4,1,4,1640,FEMALE,21,6,1,100,0,0,0,3,1,6,63,1,10,7200,0,0,106,0
2023,202301,1482318,2.02E+12,790,390,1,0,0,550,9997,9997,9997,10300,1,9999999,4,2,1,1,790,FEMALE,93,5,1,100,0,0,0,3,1,7,71,3,30,10300,1600,0,72,4249
2023,202301,1481298,2.02E+12,360,390,1,0,0,910,720,1800,9997,17000,1,9999999,5,3,1,1,360,FEMALE,69,4,1,100,0,0,0,3,1,8,81,3,30,17000,17000,0,119,0
2023,202301,866578,2.02E+12,1910,390,1,0,0,2160,720,1200,9997,40000,1,9999999,7,4,1,1,1900,FEMALE,27,6,1,100,2,200,0,3,1,10,101,1,10,40000,0,0,257,0
2023,202301,849848,2.02E+12,810,390,1,0,0,1750,3000,9997,9997,31600,1,9999999,4,5,1,1,810,FEMALE,39,6,8,826,4,423,2,5,2,10,101,1,10,31600,0,0,131,0
2023,202301,849848,2.02E+12,810,390,1,0,0,1750,3000,9997,9997,31600,1,9999999,4,5,1,2,880,FEMALE,17,6,8,826,4,423,0,4,2,5,50,3,30,0,0,0,131,0
2023,202301,849848,2.02E+12,810,390,1,0,0,1750,3000,9997,9997,31600,1,9999999,4,5,1,3,880,FEMALE,15,6,8,826,4,423,0,4,2,3,30,0,0,0,0,0,131,0
2023,202301,152998,2.02E+12,2200,390,1,0,0,1538,2160,9992,700,27600,1,9999999,5,4,1,1,2200,FEMALE,51,6,7,700,1,100,3,1,1,2,23,1,10,12000,0,0,138,0
2023,202301,152998,2.02E+12,2200,390,1,0,0,1538,2160,9992,700,27600,1,9999999,5,4,1,2,2960,MALE,37,6,7,700,1,100,3,1,1,3,30,1,10,15600,0,0,138,0
2023,202301,1124068,2.02E+12,780,390,1,0,0,960,1800,9993,9997,17000,1,9999999,3,1,1,1,770,MALE,68,4,8,801,0,0,0,3,2,7,71,1,10,17000,12000,0,119,0
2023,202301,1368808,2.02E+12,910,390,1,0,0,113,1080,9993,40,2000,1,9999999,9,2,1,1,910,FEMALE,79,2,1,100,0,0,0,3,1,6,65,3,30,2000,2000,0,14,7688
2023,202301,853768,2.02E+12,1000,390,1,0,0,1300,600,600,9993,21200,1,9999999,4,2,1,1,1010,FEMALE,52,6,2,200,0,0,0,3,1,6,63,1,10,21200,0,0,136,0
2023,202301,848868,2.02E+12,630,390,1,0,0,1090,1560,1080,9997,17400,1,9999999,1,2,1,1,630,MALE,61,4,7,700,2,200,0,5,1,6,64,3,30,17400,17400,0,112,0
2023,202301,220938,2.02E+12,1190,390,1,0,0,1900,720,480,9993,29000,1,9999999,15,5,1,1,1190,FEMALE,30,1,7,700,1,100,3,1,1,4,40,3,30,0,0,0,145,0
2023,202301,220938,2.02E+12,1190,390,1,0,0,1900,720,480,9993,29000,1,9999999,15,5,1,2,1390,MALE,38,1,7,700,1,100,3,1,1,1,16,1,10,29000,0,0,145,0
2023,202301,1126448,2.02E+12,870,390,1,0,0,933,1800,9993,1000,14000,1,9999999,2,3,1,1,870,FEMALE,83,5,1,100,0,0,0,3,1,6,63,3,30,14000,14000,0,98,3477
2023,202301,859818,2.02E+12,1080,390,1,0,0,1940,1080,600,9993,26000,1,9999999,9,3,1,1,1080,MALE,85,5,2,200,0,0,0,3,1,7,71,3,30,26000,26000,0,181,1848
2023,202301,1115798,2.02E+12,160,390,1,0,0,1168,1920,9993,1300,14700,2,9999999,3,3,1,1,160,FEMALE,63,1,1,100,0,0,0,3,1,6,61,3,30,6800,6800,0,73,0
2023,202301,1115798,2.02E+12,160,390,1,0,0,1168,1920,9993,1300,14700,2,9999999,3,3,1,2,160,MALE,62,1,1,100,0,0,0,3,1,6,61,3,30,7900,7900,0,73,0
2023,202301,1127778,2.02E+12,850,390,1,0,0,1900,9997,9993,9997,22800,1,9999999,9,2,2,1,850,FEMALE,83,5,1,100,0,0,0,3,1,6,63,3,30,22800,22800,0,159,0
2023,202301,841938,2.02E+12,3660,390,1,0,0,1760,960,2160,9997,19700,2,9999999,1,1,3,1,3660,MALE,71,6,2,200,0,0,0,3,1,8,81,3,30,19700,9600,0,137,3738
2023,202301,515448,2.02E+12,860,390,1,0,0,1120,2400,2400,9997,12000,1,9999999,4,3,3,1,860,MALE,69,4,2,200,0,0,0,3,1,4,40,3,30,12000,12000,0,84,2007
2023,202301,864428,2.02E+12,1140,390,1,0,0,1680,2640,3120,9997,17100,2,9999999,4,3,1,1,1140,FEMALE,52,4,2,200,0,0,3,5,1,6,63,1,10,17100,0,4300,83,0
2023,202301,864428,2.02E+12,1140,390,1,0,0,1680,2640,3120,9997,17100,2,9999999,4,3,1,2,840,MALE,15,6,2,200,0,0,0,4,1,3,30,0,0,0,0,0,83,0
2023,202301,1124948,2.02E+12,660,390,1,0,0,1908,3600,9993,100,19200,2,9999999,4,4,1,1,670,FEMALE,42,6,1,100,0,0,1,3,1,6,65,2,20,19200,0,4800,93,0
2023,202301,1124948,2.02E+12,660,390,1,0,0,1908,3600,9993,100,19200,2,9999999,4,4,1,2,580,MALE,12,6,1,100,0,0,0,3,1,1,17,0,0,9999999,99999,99999,93,0
2023,202301,1116738,2.02E+12,750,390,1,0,0,780,600,9993,9997,7800,1,9999999,6,4,1,1,740,MALE,21,6,8,802,0,0,0,3,2,8,81,3,30,7000,0,0,45,0
2023,202301,1116738,2.02E+12,750,390,1,0,0,780,600,9993,9997,7800,1,9999999,6,4,1,2,1260,MALE,21,6,4,400,0,0,0,4,1,8,81,1,10,800,0,0,5,0
2023,202301,1116738,2.02E+12,750,390,1,0,0,780,600,9993,9997,7800,1,9999999,6,4,1,3,740,MALE,21,6,1,100,0,0,0,3,1,10,101,3,30,0,0,0,1,0
2023,202301,1481558,2.02E+12,1670,390,1,0,0,850,3240,9993,1200,8400,2,9999999,1,2,2,1,1660,MALE,59,4,2,200,0,0,0,3,1,5,50,3,30,8400,8400,0,54,2879
2023,202301,171748,2.02E+12,1010,390,1,0,0,1750,3000,9992,2400,16800,1,9999999,9,5,1,1,1010,FEMALE,52,4,3,399,1,100,3,1,1,0,2,1,12,5800,0,0,35,0
2023,202301,171748,2.02E+12,1010,390,1,0,0,1750,3000,9992,2400,16800,1,9999999,9,5,1,2,1480,FEMALE,23,6,3,399,1,100,0,4,1,7,71,3,30,2000,0,0,35,0
2023,202301,171748,2.02E+12,1010,390,1,0,0,1750,3000,9992,2400,16800,1,9999999,9,5,1,3,1420,MALE,20,6,3,399,1,100,0,3,1,7,71,3,30,0,0,0,35,0
2023,202301,171748,2.02E+12,1010,390,1,0,0,1750,3000,9992,2400,16800,1,9999999,9,5,1,4,720,FEMALE,0,6,8,802,1,100,0,0,2,0,1,0,0,9999999,99999,99999,35,0
2023,202301,171748,2.02E+12,1010,390,1,0,0,1750,3000,9992,2400,16800,1,9999999,9,5,1,5,650,FEMALE,19,2,1,100,1,100,0,3,1,7,71,1,10,9000,0,0,35,0
2023,202301,171748,2.02E+12,1010,390,1,0,0,1750,3000,9992,2400,16800,1,9999999,9,5,1,6,580,MALE,15,6,3,399,1,100,0,3,1,2,26,0,0,0,0,0,35,0
2023,202301,171748,2.02E+12,1010,390,1,0,0,1750,3000,9992,2400,16800,1,9999999,9,5,1,7,840,FEMALE,14,6,2,200,1,100,0,4,1,2,26,0,0,9999999,99999,99999,35,0
2023,202301,166278,2.02E+12,1360,390,1,0,0,1310,2520,9992,9997,11800,1,9999999,6,4,1,1,1360,FEMALE,71,1,1,100,0,0,0,3,1,6,65,3,30,9300,9300,0,65,0
2023,202301,166278,2.02E+12,1360,390,1,0,0,1310,2520,9992,9997,11800,1,9999999,6,4,1,2,910,MALE,72,1,1,100,0,0,0,3,1,6,61,3,30,2500,2500,0,65,0
2023,202301,1297148,2.02E+12,600,390,1,0,0,1327,1440,9993,60,11300,2,9999999,7,2,1,1,590,FEMALE,72,4,1,100,0,0,0,3,1,6,65,3,30,11300,11300,0,79,4790
2023,202301,520358,2.02E+12,850,390,1,0,0,810,600,9997,9997,6800,1,9999999,5,3,1,1,850,MALE,61,4,1,100,0,0,0,3,1,6,65,1,10,6800,0,0,44,3447
2023,202301,1118558,2.02E+12,260,390,1,0,0,1540,1080,9993,600,12000,2,9999999,7,3,1,1,260,FEMALE,51,4,8,821,0,0,0,3,2,6,63,2,20,12000,0,0,77,3957
2023,202301,1127708,2.02E+12,1440,390,1,0,0,670,9997,9993,9997,5000,1,9999999,9,1,1,1,1430,FEMALE,22,6,1,100,0,0,0,3,1,8,81,1,10,5000,0,0,32,0
2023,202301,1379338,2.02E+12,1360,390,1,0,0,1360,3360,960,9997,9700,1,9999999,4,2,3,1,1360,FEMALE,69,5,2,200,0,0,0,3,1,6,63,3,30,9700,8200,0,68,0
2023,202301,840358,2.02E+12,1250,390,1,0,0,1890,720,360,9993,13400,2,9999999,7,1,1,1,1250,FEMALE,72,6,7,700,4,498,2,5,1,7,71,3,30,13400,13400,0,93,6489
2023,202301,1348688,2.02E+12,2560,390,1,0,0,1480,960,9993,9997,6400,1,9999999,15,2,1,1,2560,MALE,22,6,1,100,0,0,0,3,1,10,101,2,20,400,0,0,32,0
2023,202301,1348688,2.02E+12,2560,390,1,0,0,1480,960,9993,9997,6400,1,9999999,15,2,1,2,2470,FEMALE,21,6,7,700,4,423,0,3,1,7,71,1,10,6000,0,0,32,0
2023,202301,1379318,2.02E+12,870,390,1,0,0,737,1800,9993,80,2800,1,9999999,5,4,1,1,870,FEMALE,63,6,2,200,0,0,0,3,1,7,71,3,30,2800,1100,0,18,0
2023,202301,1300338,2.02E+12,2850,390,1,0,0,1913,2520,9993,30,6800,1,9999999,9,3,1,1,2850,FEMALE,53,4,2,200,0,0,0,3,1,6,63,1,10,6800,0,0,44,0
2023,202301,1113888,2.02E+12,1450,390,1,0,0,1400,840,360,9997,3300,1,9999999,9,2,1,1,1450,MALE,28,6,8,812,0,0,0,3,2,6,65,1,10,3300,0,0,21,0
2023,202301,1118808,2.02E+12,2550,390,1,0,0,1200,1200,9993,9997,2700,2,9999999,7,3,1,1,2550,MALE,36,6,1,100,0,0,0,3,1,0,2,2,20,2700,0,2700,13,10858
2023,202301,1118808,2.02E+12,2550,390,1,0,0,1200,1200,9993,9997,2700,2,9999999,7,3,1,2,1830,FEMALE,14,6,8,801,0,0,0,3,2,2,26,0,0,9999999,99999,99999,13,10858
2023,202301,150168,2.02E+12,5310,390,1,0,0,4250,4200,9990,9993,8000,1,9999999,7,5,1,1,5310,FEMALE,48,4,1,100,0,0,0,3,1,7,71,1,10,8000,0,0,51,0
2023,202301,1353998,2.02E+12,1680,390,1,0,0,1600,3600,9993,9993,2630,2,9999999,15,3,1,1,1680,FEMALE,35,6,2,200,0,0,0,3,1,5,50,1,10,2130,0,1300,7,0
2023,202301,1353998,2.02E+12,1680,390,1,0,0,1600,3600,9993,9993,2630,2,9999999,15,3,1,2,1600,FEMALE,19,6,2,200,0,0,0,3,1,6,61,1,10,500,0,0,7,0
2023,202301,1353998,2.02E+12,1680,390,1,0,0,1600,3600,9993,9993,2630,2,9999999,15,3,1,3,1330,FEMALE,13,6,2,200,0,0,0,3,1,3,30,0,0,9999999,99999,99999,7,0
2023,202301,1353998,2.02E+12,1680,390,1,0,0,1600,3600,9993,9993,2630,2,9999999,15,3,1,4,1240,MALE,10,6,2,200,0,0,0,3,1,2,22,0,0,9999999,99999,99999,7,0
2023,202301,1353998,2.02E+12,1680,390,1,0,0,1600,3600,9993,9993,2630,2,9999999,15,3,1,5,1340,FEMALE,7,6,2,200,0,0,0,3,1,1,14,0,0,9999999,99999,99999,7,0
2023,202301,1353998,2.02E+12,1680,390,1,0,0,1600,3600,9993,9993,2630,2,9999999,15,3,1,6,1330,FEMALE,7,6,2,200,0,0,0,3,1,1,14,0,0,9999999,99999,99999,7,0
2023,202301,179698,2.02E+12,450,390,1,0,0,1050,2400,1200,9997,1000,2,9999999,4,2,1,1,450,FEMALE,52,6,1,100,0,0,0,3,1,6,61,3,30,1000,1000,0,6,6572
2023,202301,1326258,2.02E+12,1410,390,1,0,0,1943,1440,480,1000,250,1,9999999,5,4,1,1,1420,FEMALE,48,2,1,100,0,0,0,3,1,6,65,3,30,0,0,0,1,14955
2023,202301,1326258,2.02E+12,1410,390,1,0,0,1943,1440,480,1000,250,1,9999999,5,4,1,2,1530,FEMALE,19,6,8,801,0,0,0,3,2,6,64,3,30,250,0,0,1,14955
2023,202301,1326258,2.02E+12,1410,390,1,0,0,1943,1440,480,1000,250,1,9999999,5,4,1,3,1030,MALE,13,6,1,100,0,0,0,3,1,2,26,0,0,9999999,99999,99999,1,14955
2023,202301,1485138,2.02E+12,1340,390,1,0,0,760,720,720,480,4,2,9999999,6,2,2,1,1340,MALE,45,6,8,801,0,0,0,3,2,6,65,2,20,4,0,0,1,5278
2023,202301,519948,2.02E+12,2320,390,1,0,0,890,3840,1200,1800,0,1,9999999,1,4,1,1,2320,FEMALE,35,6,2,200,0,0,0,3,1,6,64,3,30,0,0,0,1,0
2023,202301,526068,2.02E+12,360,390,1,0,0,780,360,9997,9993,0,1,9999999,4,2,1,1,360,FEMALE,62,5,2,200,0,0,0,3,1,6,64,3,30,0,0,0,1,5487
2023,202301,1119218,2.02E+12,2130,390,1,0,0,1830,1560,9993,9997,0,2,9999999,5,3,1,1,2130,FEMALE,42,6,1,100,0,0,0,3,1,6,65,3,30,0,0,0,1,0
2023,202301,1119218,2.02E+12,2130,390,1,0,0,1830,1560,9993,9997,0,2,9999999,5,3,1,2,2160,MALE,3,6,1,100,0,0,0,0,1,0,2,0,0,9999999,99999,99999,1,0
2023,202301,1120708,2.02E+12,1370,390,1,0,0,550,600,9993,9997,0,1,9999999,7,4,3,1,1370,MALE,58,5,5,500,3,300,3,3,1,0,2,3,30,0,0,0,1,3900
2023,202301,1120708,2.02E+12,1370,390,1,0,0,550,600,9993,9997,0,1,9999999,7,4,3,2,490,FEMALE,76,6,9,974,0,0,3,6,2,0,2,3,30,0,0,0,1,3900
2023,202301,1120708,2.02E+12,1370,390,1,0,0,550,600,9993,9997,0,1,9999999,7,4,3,3,920,MALE,28,4,6,610,3,300,0,1,1,0,2,3,30,0,0,0,1,3900
2023,202301,1358548,2.02E+12,240,390,1,0,0,1370,1200,240,600,0,1,9999999,4,4,1,1,240,MALE,75,1,8,826,1,100,0,4,2,6,65,3,30,0,0,0,1,0
2023,202301,1358548,2.02E+12,240,390,1,0,0,1370,1200,240,600,0,1,9999999,4,4,1,2,310,FEMALE,71,1,8,826,1,100,0,4,2,0,2,3,30,0,0,0,1,0
